arm	candidate	prediction	typed_lines
control-empty	U_GW	"{""codes"": [], ""end"": [0, 5], ""err"": 0}"	"[""new"", ""10 e=0:u$=chr$(95)"", ""15 on error goto 900"", ""900 e=err:resume 40"", ""20 print \""s9hb|\"";"", ""30 print \""\"";"", ""40 print \""|s9hz\"""", ""50 print \""s9he\"";e"", ""60 print \""s9hd\"""", ""70 end"", ""cls"", ""run""]"
control-empty	U_N88	"{""codes"": [], ""end"": [0, 5], ""err"": 0}"	"[""new"", ""10 e=0:u$=chr$(95)"", ""15 on error goto 900"", ""900 e=err:resume 40"", ""20 print \""s9hb|\"";"", ""30 print \""\"";"", ""40 print \""|s9hz\"""", ""50 print \""s9he\"";e"", ""60 print \""s9hd\"""", ""70 end"", ""cls"", ""run""]"
control-spaces	U_GW	"{""codes"": [32, 32, 97, 32, 32, 32], ""end"": [0, 11], ""err"": 0}"	"[""new"", ""10 e=0:u$=chr$(95)"", ""15 on error goto 900"", ""900 e=err:resume 40"", ""20 print \""s9hb|\"";"", ""30 print \""  a   \"";"", ""40 print \""|s9hz\"""", ""50 print \""s9he\"";e"", ""60 print \""s9hd\"""", ""70 end"", ""cls"", ""run""]"
control-spaces	U_N88	"{""codes"": [32, 32, 97, 32, 32, 32], ""end"": [0, 11], ""err"": 0}"	"[""new"", ""10 e=0:u$=chr$(95)"", ""15 on error goto 900"", ""900 e=err:resume 40"", ""20 print \""s9hb|\"";"", ""30 print \""  a   \"";"", ""40 print \""|s9hz\"""", ""50 print \""s9he\"";e"", ""60 print \""s9hd\"""", ""70 end"", ""cls"", ""run""]"
control-symbols	U_GW	"{""codes"": [33, 38, 92, 95, 35, 36, 42, 43, 45, 44, 46, 94, 37], ""end"": [0, 18], ""err"": 0}"	"[""new"", ""10 e=0:u$=chr$(95)"", ""15 on error goto 900"", ""900 e=err:resume 40"", ""20 print \""s9hb|\"";"", ""30 print \""!&\\\""+u$+\""#$*+-,.^%\"";"", ""40 print \""|s9hz\"""", ""50 print \""s9he\"";e"", ""60 print \""s9hd\"""", ""70 end"", ""cls"", ""run""]"
control-symbols	U_N88	"{""codes"": [33, 38, 92, 95, 35, 36, 42, 43, 45, 44, 46, 94, 37], ""end"": [0, 18], ""err"": 0}"	"[""new"", ""10 e=0:u$=chr$(95)"", ""15 on error goto 900"", ""900 e=err:resume 40"", ""20 print \""s9hb|\"";"", ""30 print \""!&\\\""+u$+\""#$*+-,.^%\"";"", ""40 print \""|s9hz\"""", ""50 print \""s9he\"";e"", ""60 print \""s9hd\"""", ""70 end"", ""cls"", ""run""]"
control-wrap	U_GW	"{""codes"": [97, 97, 97, 97, 97, 97, 97, 97, 97, 97, 97, 97, 97, 97, 97, 97, 97, 97, 97, 97, 97, 97, 97, 97, 97, 97, 97, 97, 97, 97, 97, 97, 97, 97, 97, 97, 97, 97, 97, 97, 97, 97, 97, 97, 97, 97, 97, 97, 97, 97, 97, 97, 97, 97, 97, 97, 97, 97, 97, 97, 97, 97, 97, 97, 97, 97, 97, 97, 97, 97, 97, 97, 32, 32, 98, 32, 32, 32], ""end"": [1, 3], ""err"": 0}"	"[""new"", ""10 e=0:u$=chr$(95)"", ""15 on error goto 900"", ""900 e=err:resume 40"", ""20 print \""s9hb|\"";"", ""30 print \""aaaaaaaaaaaaaaaaaaaaaaaaaaaaaaaaaaa\"";"", ""31 print \""aaaaaaaaaaaaaaaaaaaaaaaaaaaaaaaaaaa\"";"", ""32 print \""aa  b   \"";"", ""40 print \""|s9hz\"""", ""50 print \""s9he\"";e"", ""60 print \""s9hd\"""", ""70 end"", ""cls"", ""run""]"
control-wrap	U_N88	"{""codes"": [97, 97, 97, 97, 97, 97, 97, 97, 97, 97, 97, 97, 97, 97, 97, 97, 97, 97, 97, 97, 97, 97, 97, 97, 97, 97, 97, 97, 97, 97, 97, 97, 97, 97, 97, 97, 97, 97, 97, 97, 97, 97, 97, 97, 97, 97, 97, 97, 97, 97, 97, 97, 97, 97, 97, 97, 97, 97, 97, 97, 97, 97, 97, 97, 97, 97, 97, 97, 97, 97, 97, 97, 32, 32, 98, 32, 32, 32], ""end"": [1, 3], ""err"": 0}"	"[""new"", ""10 e=0:u$=chr$(95)"", ""15 on error goto 900"", ""900 e=err:resume 40"", ""20 print \""s9hb|\"";"", ""30 print \""aaaaaaaaaaaaaaaaaaaaaaaaaaaaaaaaaaa\"";"", ""31 print \""aaaaaaaaaaaaaaaaaaaaaaaaaaaaaaaaaaa\"";"", ""32 print \""aa  b   \"";"", ""40 print \""|s9hz\"""", ""50 print \""s9he\"";e"", ""60 print \""s9hd\"""", ""70 end"", ""cls"", ""run""]"
control-long	U_GW	"{""codes"": [98, 98, 98, 98, 98, 98, 98, 98, 98, 98, 98, 98, 98, 98, 98, 98, 98, 98, 98, 98, 98, 98, 98, 98, 98, 98, 98, 98, 98, 98, 98, 98, 98, 98, 98, 98, 98, 98, 98, 98, 98, 98, 98, 98, 98, 98, 98, 98, 98, 98, 98, 98, 98, 98, 98, 98, 98, 98, 98, 98, 98, 98, 98, 98, 98, 98, 98, 98, 98, 98, 98, 98, 98, 98, 98, 98, 98, 98, 98, 98, 98, 98, 98, 98, 98, 98, 98, 98, 98, 98, 98, 98, 98, 98, 98, 32, 32], ""end"": [1, 22], ""err"": 0}"	"[""new"", ""10 e=0:u$=chr$(95)"", ""15 on error goto 900"", ""900 e=err:resume 40"", ""20 print \""s9hb|\"";"", ""30 print \""bbbbbbbbbbbbbbbbbbbbbbbbbbbbbbbbbbb\"";"", ""31 print \""bbbbbbbbbbbbbbbbbbbbbbbbbbbbbbbbbbb\"";"", ""32 print \""bbbbbbbbbbbbbbbbbbbbbbbbb  \"";"", ""40 print \""|s9hz\"""", ""50 print \""s9he\"";e"", ""60 print \""s9hd\"""", ""70 end"", ""cls"", ""run""]"
control-long	U_N88	"{""codes"": [98, 98, 98, 98, 98, 98, 98, 98, 98, 98, 98, 98, 98, 98, 98, 98, 98, 98, 98, 98, 98, 98, 98, 98, 98, 98, 98, 98, 98, 98, 98, 98, 98, 98, 98, 98, 98, 98, 98, 98, 98, 98, 98, 98, 98, 98, 98, 98, 98, 98, 98, 98, 98, 98, 98, 98, 98, 98, 98, 98, 98, 98, 98, 98, 98, 98, 98, 98, 98, 98, 98, 98, 98, 98, 98, 98, 98, 98, 98, 98, 98, 98, 98, 98, 98, 98, 98, 98, 98, 98, 98, 98, 98, 98, 98, 32, 32], ""end"": [1, 22], ""err"": 0}"	"[""new"", ""10 e=0:u$=chr$(95)"", ""15 on error goto 900"", ""900 e=err:resume 40"", ""20 print \""s9hb|\"";"", ""30 print \""bbbbbbbbbbbbbbbbbbbbbbbbbbbbbbbbbbb\"";"", ""31 print \""bbbbbbbbbbbbbbbbbbbbbbbbbbbbbbbbbbb\"";"", ""32 print \""bbbbbbbbbbbbbbbbbbbbbbbbb  \"";"", ""40 print \""|s9hz\"""", ""50 print \""s9he\"";e"", ""60 print \""s9hd\"""", ""70 end"", ""cls"", ""run""]"
control-newline	U_GW	"{""codes"": [97, 32, 32, 32, 32, 32, 32, 32, 32, 32, 32, 32, 32, 32, 32, 32, 32, 32, 32, 32, 32, 32, 32, 32, 32, 32, 32, 32, 32, 32, 32, 32, 32, 32, 32, 32, 32, 32, 32, 32, 32, 32, 32, 32, 32, 32, 32, 32, 32, 32, 32, 32, 32, 32, 32, 32, 32, 32, 32, 32, 32, 32, 32, 32, 32, 32, 32, 32, 32, 32, 32, 32, 32, 32, 32], ""end"": [1, 0], ""err"": 0}"	"[""new"", ""10 e=0:u$=chr$(95)"", ""15 on error goto 900"", ""900 e=err:resume 40"", ""20 print \""s9hb|\"";"", ""30 print \""a  \"""", ""40 print \""|s9hz\"""", ""50 print \""s9he\"";e"", ""60 print \""s9hd\"""", ""70 end"", ""cls"", ""run""]"
control-newline	U_N88	"{""codes"": [97, 32, 32, 32, 32, 32, 32, 32, 32, 32, 32, 32, 32, 32, 32, 32, 32, 32, 32, 32, 32, 32, 32, 32, 32, 32, 32, 32, 32, 32, 32, 32, 32, 32, 32, 32, 32, 32, 32, 32, 32, 32, 32, 32, 32, 32, 32, 32, 32, 32, 32, 32, 32, 32, 32, 32, 32, 32, 32, 32, 32, 32, 32, 32, 32, 32, 32, 32, 32, 32, 32, 32, 32, 32, 32], ""end"": [1, 0], ""err"": 0}"	"[""new"", ""10 e=0:u$=chr$(95)"", ""15 on error goto 900"", ""900 e=err:resume 40"", ""20 print \""s9hb|\"";"", ""30 print \""a  \"""", ""40 print \""|s9hz\"""", ""50 print \""s9he\"";e"", ""60 print \""s9hd\"""", ""70 end"", ""cls"", ""run""]"
control-comma	U_GW	"{""codes"": [97, 32, 32, 32, 32, 32, 32, 32, 32], ""end"": [0, 14], ""err"": 0}"	"[""new"", ""10 e=0:u$=chr$(95)"", ""15 on error goto 900"", ""900 e=err:resume 40"", ""20 print \""s9hb|\"";"", ""30 print \""a \"","", ""40 print \""|s9hz\"""", ""50 print \""s9he\"";e"", ""60 print \""s9hd\"""", ""70 end"", ""cls"", ""run""]"
control-comma	U_N88	"{""codes"": [97, 32, 32, 32, 32, 32, 32, 32, 32], ""end"": [0, 14], ""err"": 0}"	"[""new"", ""10 e=0:u$=chr$(95)"", ""15 on error goto 900"", ""900 e=err:resume 40"", ""20 print \""s9hb|\"";"", ""30 print \""a \"","", ""40 print \""|s9hz\"""", ""50 print \""s9he\"";e"", ""60 print \""s9hd\"""", ""70 end"", ""cls"", ""run""]"
hash-01	U_GW	"{""codes"": [32, 32, 48], ""end"": [0, 8], ""err"": 0}"	"[""new"", ""10 e=0:u$=chr$(95)"", ""15 on error goto 900"", ""900 e=err:resume 40"", ""20 print \""s9hb|\"";"", ""30 print using \""###\"";0;"", ""40 print \""|s9hz\"""", ""50 print \""s9he\"";e"", ""60 print \""s9hd\"""", ""70 end"", ""cls"", ""run""]"
hash-01	U_N88	"{""codes"": [32, 32, 48], ""end"": [0, 8], ""err"": 0}"	"[""new"", ""10 e=0:u$=chr$(95)"", ""15 on error goto 900"", ""900 e=err:resume 40"", ""20 print \""s9hb|\"";"", ""30 print using \""###\"";0;"", ""40 print \""|s9hz\"""", ""50 print \""s9he\"";e"", ""60 print \""s9hd\"""", ""70 end"", ""cls"", ""run""]"
hash-02	U_GW	"{""codes"": [32, 49, 50], ""end"": [0, 8], ""err"": 0}"	"[""new"", ""10 e=0:u$=chr$(95)"", ""15 on error goto 900"", ""900 e=err:resume 40"", ""20 print \""s9hb|\"";"", ""30 print using \""###\"";12;"", ""40 print \""|s9hz\"""", ""50 print \""s9he\"";e"", ""60 print \""s9hd\"""", ""70 end"", ""cls"", ""run""]"
hash-02	U_N88	"{""codes"": [32, 49, 50], ""end"": [0, 8], ""err"": 0}"	"[""new"", ""10 e=0:u$=chr$(95)"", ""15 on error goto 900"", ""900 e=err:resume 40"", ""20 print \""s9hb|\"";"", ""30 print using \""###\"";12;"", ""40 print \""|s9hz\"""", ""50 print \""s9he\"";e"", ""60 print \""s9hd\"""", ""70 end"", ""cls"", ""run""]"
hash-03	U_GW	"{""codes"": [45, 49, 50], ""end"": [0, 8], ""err"": 0}"	"[""new"", ""10 e=0:u$=chr$(95)"", ""15 on error goto 900"", ""900 e=err:resume 40"", ""20 print \""s9hb|\"";"", ""30 print using \""###\"";-12;"", ""40 print \""|s9hz\"""", ""50 print \""s9he\"";e"", ""60 print \""s9hd\"""", ""70 end"", ""cls"", ""run""]"
hash-03	U_N88	"{""codes"": [45, 49, 50], ""end"": [0, 8], ""err"": 0}"	"[""new"", ""10 e=0:u$=chr$(95)"", ""15 on error goto 900"", ""900 e=err:resume 40"", ""20 print \""s9hb|\"";"", ""30 print using \""###\"";-12;"", ""40 print \""|s9hz\"""", ""50 print \""s9he\"";e"", ""60 print \""s9hd\"""", ""70 end"", ""cls"", ""run""]"
hash-04	U_GW	"{""codes"": [32, 32, 49], ""end"": [0, 8], ""err"": 0}"	"[""new"", ""10 e=0:u$=chr$(95)"", ""15 on error goto 900"", ""900 e=err:resume 40"", ""20 print \""s9hb|\"";"", ""30 print using \""###\"";1.125;"", ""40 print \""|s9hz\"""", ""50 print \""s9he\"";e"", ""60 print \""s9hd\"""", ""70 end"", ""cls"", ""run""]"
hash-04	U_N88	"{""codes"": [32, 32, 49], ""end"": [0, 8], ""err"": 0}"	"[""new"", ""10 e=0:u$=chr$(95)"", ""15 on error goto 900"", ""900 e=err:resume 40"", ""20 print \""s9hb|\"";"", ""30 print using \""###\"";1.125;"", ""40 print \""|s9hz\"""", ""50 print \""s9he\"";e"", ""60 print \""s9hd\"""", ""70 end"", ""cls"", ""run""]"
hash-05	U_GW	"{""codes"": [32, 32, 49], ""end"": [0, 8], ""err"": 0}"	"[""new"", ""10 e=0:u$=chr$(95)"", ""15 on error goto 900"", ""900 e=err:resume 40"", ""20 print \""s9hb|\"";"", ""30 print using \""###\"";1.25;"", ""40 print \""|s9hz\"""", ""50 print \""s9he\"";e"", ""60 print \""s9hd\"""", ""70 end"", ""cls"", ""run""]"
hash-05	U_N88	"{""codes"": [32, 32, 49], ""end"": [0, 8], ""err"": 0}"	"[""new"", ""10 e=0:u$=chr$(95)"", ""15 on error goto 900"", ""900 e=err:resume 40"", ""20 print \""s9hb|\"";"", ""30 print using \""###\"";1.25;"", ""40 print \""|s9hz\"""", ""50 print \""s9he\"";e"", ""60 print \""s9hd\"""", ""70 end"", ""cls"", ""run""]"
hash-06	U_GW	"{""codes"": [32, 45, 49], ""end"": [0, 8], ""err"": 0}"	"[""new"", ""10 e=0:u$=chr$(95)"", ""15 on error goto 900"", ""900 e=err:resume 40"", ""20 print \""s9hb|\"";"", ""30 print using \""###\"";-1.25;"", ""40 print \""|s9hz\"""", ""50 print \""s9he\"";e"", ""60 print \""s9hd\"""", ""70 end"", ""cls"", ""run""]"
hash-06	U_N88	"{""codes"": [32, 45, 49], ""end"": [0, 8], ""err"": 0}"	"[""new"", ""10 e=0:u$=chr$(95)"", ""15 on error goto 900"", ""900 e=err:resume 40"", ""20 print \""s9hb|\"";"", ""30 print using \""###\"";-1.25;"", ""40 print \""|s9hz\"""", ""50 print \""s9he\"";e"", ""60 print \""s9hd\"""", ""70 end"", ""cls"", ""run""]"
hash-07	U_GW	"{""codes"": [37, 49, 48, 48, 48], ""end"": [0, 10], ""err"": 0}"	"[""new"", ""10 e=0:u$=chr$(95)"", ""15 on error goto 900"", ""900 e=err:resume 40"", ""20 print \""s9hb|\"";"", ""30 print using \""###\"";999.5;"", ""40 print \""|s9hz\"""", ""50 print \""s9he\"";e"", ""60 print \""s9hd\"""", ""70 end"", ""cls"", ""run""]"
hash-07	U_N88	"{""codes"": [37, 49, 48, 48, 48], ""end"": [0, 10], ""err"": 0}"	"[""new"", ""10 e=0:u$=chr$(95)"", ""15 on error goto 900"", ""900 e=err:resume 40"", ""20 print \""s9hb|\"";"", ""30 print using \""###\"";999.5;"", ""40 print \""|s9hz\"""", ""50 print \""s9he\"";e"", ""60 print \""s9hd\"""", ""70 end"", ""cls"", ""run""]"
hash-08	U_GW	"{""codes"": [37, 49, 50, 51, 52, 53, 54], ""end"": [0, 12], ""err"": 0}"	"[""new"", ""10 e=0:u$=chr$(95)"", ""15 on error goto 900"", ""900 e=err:resume 40"", ""20 print \""s9hb|\"";"", ""30 print using \""###\"";123456;"", ""40 print \""|s9hz\"""", ""50 print \""s9he\"";e"", ""60 print \""s9hd\"""", ""70 end"", ""cls"", ""run""]"
hash-08	U_N88	"{""codes"": [37, 49, 50, 51, 52, 53, 54], ""end"": [0, 12], ""err"": 0}"	"[""new"", ""10 e=0:u$=chr$(95)"", ""15 on error goto 900"", ""900 e=err:resume 40"", ""20 print \""s9hb|\"";"", ""30 print using \""###\"";123456;"", ""40 print \""|s9hz\"""", ""50 print \""s9he\"";e"", ""60 print \""s9hd\"""", ""70 end"", ""cls"", ""run""]"
decimal-01	U_GW	"{""codes"": [32, 48, 46, 48, 48], ""end"": [0, 10], ""err"": 0}"	"[""new"", ""10 e=0:u$=chr$(95)"", ""15 on error goto 900"", ""900 e=err:resume 40"", ""20 print \""s9hb|\"";"", ""30 print using \""##.##\"";0;"", ""40 print \""|s9hz\"""", ""50 print \""s9he\"";e"", ""60 print \""s9hd\"""", ""70 end"", ""cls"", ""run""]"
decimal-01	U_N88	"{""codes"": [32, 48, 46, 48, 48], ""end"": [0, 10], ""err"": 0}"	"[""new"", ""10 e=0:u$=chr$(95)"", ""15 on error goto 900"", ""900 e=err:resume 40"", ""20 print \""s9hb|\"";"", ""30 print using \""##.##\"";0;"", ""40 print \""|s9hz\"""", ""50 print \""s9he\"";e"", ""60 print \""s9hd\"""", ""70 end"", ""cls"", ""run""]"
decimal-02	U_GW	"{""codes"": [49, 50, 46, 48, 48], ""end"": [0, 10], ""err"": 0}"	"[""new"", ""10 e=0:u$=chr$(95)"", ""15 on error goto 900"", ""900 e=err:resume 40"", ""20 print \""s9hb|\"";"", ""30 print using \""##.##\"";12;"", ""40 print \""|s9hz\"""", ""50 print \""s9he\"";e"", ""60 print \""s9hd\"""", ""70 end"", ""cls"", ""run""]"
decimal-02	U_N88	"{""codes"": [49, 50, 46, 48, 48], ""end"": [0, 10], ""err"": 0}"	"[""new"", ""10 e=0:u$=chr$(95)"", ""15 on error goto 900"", ""900 e=err:resume 40"", ""20 print \""s9hb|\"";"", ""30 print using \""##.##\"";12;"", ""40 print \""|s9hz\"""", ""50 print \""s9he\"";e"", ""60 print \""s9hd\"""", ""70 end"", ""cls"", ""run""]"
decimal-03	U_GW	"{""codes"": [37, 45, 49, 50, 46, 48, 48], ""end"": [0, 12], ""err"": 0}"	"[""new"", ""10 e=0:u$=chr$(95)"", ""15 on error goto 900"", ""900 e=err:resume 40"", ""20 print \""s9hb|\"";"", ""30 print using \""##.##\"";-12;"", ""40 print \""|s9hz\"""", ""50 print \""s9he\"";e"", ""60 print \""s9hd\"""", ""70 end"", ""cls"", ""run""]"
decimal-03	U_N88	"{""codes"": [37, 45, 49, 50, 46, 48, 48], ""end"": [0, 12], ""err"": 0}"	"[""new"", ""10 e=0:u$=chr$(95)"", ""15 on error goto 900"", ""900 e=err:resume 40"", ""20 print \""s9hb|\"";"", ""30 print using \""##.##\"";-12;"", ""40 print \""|s9hz\"""", ""50 print \""s9he\"";e"", ""60 print \""s9hd\"""", ""70 end"", ""cls"", ""run""]"
decimal-04	U_GW	"{""codes"": [32, 49, 46, 49, 51], ""end"": [0, 10], ""err"": 0}"	"[""new"", ""10 e=0:u$=chr$(95)"", ""15 on error goto 900"", ""900 e=err:resume 40"", ""20 print \""s9hb|\"";"", ""30 print using \""##.##\"";1.125;"", ""40 print \""|s9hz\"""", ""50 print \""s9he\"";e"", ""60 print \""s9hd\"""", ""70 end"", ""cls"", ""run""]"
decimal-04	U_N88	"{""codes"": [32, 49, 46, 49, 51], ""end"": [0, 10], ""err"": 0}"	"[""new"", ""10 e=0:u$=chr$(95)"", ""15 on error goto 900"", ""900 e=err:resume 40"", ""20 print \""s9hb|\"";"", ""30 print using \""##.##\"";1.125;"", ""40 print \""|s9hz\"""", ""50 print \""s9he\"";e"", ""60 print \""s9hd\"""", ""70 end"", ""cls"", ""run""]"
decimal-05	U_GW	"{""codes"": [32, 49, 46, 50, 53], ""end"": [0, 10], ""err"": 0}"	"[""new"", ""10 e=0:u$=chr$(95)"", ""15 on error goto 900"", ""900 e=err:resume 40"", ""20 print \""s9hb|\"";"", ""30 print using \""##.##\"";1.25;"", ""40 print \""|s9hz\"""", ""50 print \""s9he\"";e"", ""60 print \""s9hd\"""", ""70 end"", ""cls"", ""run""]"
decimal-05	U_N88	"{""codes"": [32, 49, 46, 50, 53], ""end"": [0, 10], ""err"": 0}"	"[""new"", ""10 e=0:u$=chr$(95)"", ""15 on error goto 900"", ""900 e=err:resume 40"", ""20 print \""s9hb|\"";"", ""30 print using \""##.##\"";1.25;"", ""40 print \""|s9hz\"""", ""50 print \""s9he\"";e"", ""60 print \""s9hd\"""", ""70 end"", ""cls"", ""run""]"
decimal-06	U_GW	"{""codes"": [45, 49, 46, 50, 53], ""end"": [0, 10], ""err"": 0}"	"[""new"", ""10 e=0:u$=chr$(95)"", ""15 on error goto 900"", ""900 e=err:resume 40"", ""20 print \""s9hb|\"";"", ""30 print using \""##.##\"";-1.25;"", ""40 print \""|s9hz\"""", ""50 print \""s9he\"";e"", ""60 print \""s9hd\"""", ""70 end"", ""cls"", ""run""]"
decimal-06	U_N88	"{""codes"": [45, 49, 46, 50, 53], ""end"": [0, 10], ""err"": 0}"	"[""new"", ""10 e=0:u$=chr$(95)"", ""15 on error goto 900"", ""900 e=err:resume 40"", ""20 print \""s9hb|\"";"", ""30 print using \""##.##\"";-1.25;"", ""40 print \""|s9hz\"""", ""50 print \""s9he\"";e"", ""60 print \""s9hd\"""", ""70 end"", ""cls"", ""run""]"
decimal-07	U_GW	"{""codes"": [37, 57, 57, 57, 46, 53, 48], ""end"": [0, 12], ""err"": 0}"	"[""new"", ""10 e=0:u$=chr$(95)"", ""15 on error goto 900"", ""900 e=err:resume 40"", ""20 print \""s9hb|\"";"", ""30 print using \""##.##\"";999.5;"", ""40 print \""|s9hz\"""", ""50 print \""s9he\"";e"", ""60 print \""s9hd\"""", ""70 end"", ""cls"", ""run""]"
decimal-07	U_N88	"{""codes"": [37, 57, 57, 57, 46, 53, 48], ""end"": [0, 12], ""err"": 0}"	"[""new"", ""10 e=0:u$=chr$(95)"", ""15 on error goto 900"", ""900 e=err:resume 40"", ""20 print \""s9hb|\"";"", ""30 print using \""##.##\"";999.5;"", ""40 print \""|s9hz\"""", ""50 print \""s9he\"";e"", ""60 print \""s9hd\"""", ""70 end"", ""cls"", ""run""]"
decimal-08	U_GW	"{""codes"": [37, 49, 50, 51, 52, 53, 54, 46, 48, 48], ""end"": [0, 15], ""err"": 0}"	"[""new"", ""10 e=0:u$=chr$(95)"", ""15 on error goto 900"", ""900 e=err:resume 40"", ""20 print \""s9hb|\"";"", ""30 print using \""##.##\"";123456;"", ""40 print \""|s9hz\"""", ""50 print \""s9he\"";e"", ""60 print \""s9hd\"""", ""70 end"", ""cls"", ""run""]"
decimal-08	U_N88	"{""codes"": [37, 49, 50, 51, 52, 53, 54, 46, 48, 48], ""end"": [0, 15], ""err"": 0}"	"[""new"", ""10 e=0:u$=chr$(95)"", ""15 on error goto 900"", ""900 e=err:resume 40"", ""20 print \""s9hb|\"";"", ""30 print using \""##.##\"";123456;"", ""40 print \""|s9hz\"""", ""50 print \""s9he\"";e"", ""60 print \""s9hd\"""", ""70 end"", ""cls"", ""run""]"
leadplus-01	U_GW	"{""codes"": [32, 32, 43, 48, 46, 48], ""end"": [0, 11], ""err"": 0}"	"[""new"", ""10 e=0:u$=chr$(95)"", ""15 on error goto 900"", ""900 e=err:resume 40"", ""20 print \""s9hb|\"";"", ""30 print using \""+###.#\"";0;"", ""40 print \""|s9hz\"""", ""50 print \""s9he\"";e"", ""60 print \""s9hd\"""", ""70 end"", ""cls"", ""run""]"
leadplus-01	U_N88	"{""codes"": [32, 32, 43, 48, 46, 48], ""end"": [0, 11], ""err"": 0}"	"[""new"", ""10 e=0:u$=chr$(95)"", ""15 on error goto 900"", ""900 e=err:resume 40"", ""20 print \""s9hb|\"";"", ""30 print using \""+###.#\"";0;"", ""40 print \""|s9hz\"""", ""50 print \""s9he\"";e"", ""60 print \""s9hd\"""", ""70 end"", ""cls"", ""run""]"
leadplus-02	U_GW	"{""codes"": [32, 43, 49, 50, 46, 48], ""end"": [0, 11], ""err"": 0}"	"[""new"", ""10 e=0:u$=chr$(95)"", ""15 on error goto 900"", ""900 e=err:resume 40"", ""20 print \""s9hb|\"";"", ""30 print using \""+###.#\"";12;"", ""40 print \""|s9hz\"""", ""50 print \""s9he\"";e"", ""60 print \""s9hd\"""", ""70 end"", ""cls"", ""run""]"
leadplus-02	U_N88	"{""codes"": [32, 43, 49, 50, 46, 48], ""end"": [0, 11], ""err"": 0}"	"[""new"", ""10 e=0:u$=chr$(95)"", ""15 on error goto 900"", ""900 e=err:resume 40"", ""20 print \""s9hb|\"";"", ""30 print using \""+###.#\"";12;"", ""40 print \""|s9hz\"""", ""50 print \""s9he\"";e"", ""60 print \""s9hd\"""", ""70 end"", ""cls"", ""run""]"
leadplus-03	U_GW	"{""codes"": [32, 45, 49, 50, 46, 48], ""end"": [0, 11], ""err"": 0}"	"[""new"", ""10 e=0:u$=chr$(95)"", ""15 on error goto 900"", ""900 e=err:resume 40"", ""20 print \""s9hb|\"";"", ""30 print using \""+###.#\"";-12;"", ""40 print \""|s9hz\"""", ""50 print \""s9he\"";e"", ""60 print \""s9hd\"""", ""70 end"", ""cls"", ""run""]"
leadplus-03	U_N88	"{""codes"": [32, 45, 49, 50, 46, 48], ""end"": [0, 11], ""err"": 0}"	"[""new"", ""10 e=0:u$=chr$(95)"", ""15 on error goto 900"", ""900 e=err:resume 40"", ""20 print \""s9hb|\"";"", ""30 print using \""+###.#\"";-12;"", ""40 print \""|s9hz\"""", ""50 print \""s9he\"";e"", ""60 print \""s9hd\"""", ""70 end"", ""cls"", ""run""]"
leadplus-04	U_GW	"{""codes"": [32, 32, 43, 49, 46, 49], ""end"": [0, 11], ""err"": 0}"	"[""new"", ""10 e=0:u$=chr$(95)"", ""15 on error goto 900"", ""900 e=err:resume 40"", ""20 print \""s9hb|\"";"", ""30 print using \""+###.#\"";1.125;"", ""40 print \""|s9hz\"""", ""50 print \""s9he\"";e"", ""60 print \""s9hd\"""", ""70 end"", ""cls"", ""run""]"
leadplus-04	U_N88	"{""codes"": [32, 32, 43, 49, 46, 49], ""end"": [0, 11], ""err"": 0}"	"[""new"", ""10 e=0:u$=chr$(95)"", ""15 on error goto 900"", ""900 e=err:resume 40"", ""20 print \""s9hb|\"";"", ""30 print using \""+###.#\"";1.125;"", ""40 print \""|s9hz\"""", ""50 print \""s9he\"";e"", ""60 print \""s9hd\"""", ""70 end"", ""cls"", ""run""]"
leadplus-05	U_GW	"{""codes"": [32, 32, 43, 49, 46, 51], ""end"": [0, 11], ""err"": 0}"	"[""new"", ""10 e=0:u$=chr$(95)"", ""15 on error goto 900"", ""900 e=err:resume 40"", ""20 print \""s9hb|\"";"", ""30 print using \""+###.#\"";1.25;"", ""40 print \""|s9hz\"""", ""50 print \""s9he\"";e"", ""60 print \""s9hd\"""", ""70 end"", ""cls"", ""run""]"
leadplus-05	U_N88	"{""codes"": [32, 32, 43, 49, 46, 51], ""end"": [0, 11], ""err"": 0}"	"[""new"", ""10 e=0:u$=chr$(95)"", ""15 on error goto 900"", ""900 e=err:resume 40"", ""20 print \""s9hb|\"";"", ""30 print using \""+###.#\"";1.25;"", ""40 print \""|s9hz\"""", ""50 print \""s9he\"";e"", ""60 print \""s9hd\"""", ""70 end"", ""cls"", ""run""]"
leadplus-06	U_GW	"{""codes"": [32, 32, 45, 49, 46, 51], ""end"": [0, 11], ""err"": 0}"	"[""new"", ""10 e=0:u$=chr$(95)"", ""15 on error goto 900"", ""900 e=err:resume 40"", ""20 print \""s9hb|\"";"", ""30 print using \""+###.#\"";-1.25;"", ""40 print \""|s9hz\"""", ""50 print \""s9he\"";e"", ""60 print \""s9hd\"""", ""70 end"", ""cls"", ""run""]"
leadplus-06	U_N88	"{""codes"": [32, 32, 45, 49, 46, 51], ""end"": [0, 11], ""err"": 0}"	"[""new"", ""10 e=0:u$=chr$(95)"", ""15 on error goto 900"", ""900 e=err:resume 40"", ""20 print \""s9hb|\"";"", ""30 print using \""+###.#\"";-1.25;"", ""40 print \""|s9hz\"""", ""50 print \""s9he\"";e"", ""60 print \""s9hd\"""", ""70 end"", ""cls"", ""run""]"
leadplus-07	U_GW	"{""codes"": [43, 57, 57, 57, 46, 53], ""end"": [0, 11], ""err"": 0}"	"[""new"", ""10 e=0:u$=chr$(95)"", ""15 on error goto 900"", ""900 e=err:resume 40"", ""20 print \""s9hb|\"";"", ""30 print using \""+###.#\"";999.5;"", ""40 print \""|s9hz\"""", ""50 print \""s9he\"";e"", ""60 print \""s9hd\"""", ""70 end"", ""cls"", ""run""]"
leadplus-07	U_N88	"{""codes"": [43, 57, 57, 57, 46, 53], ""end"": [0, 11], ""err"": 0}"	"[""new"", ""10 e=0:u$=chr$(95)"", ""15 on error goto 900"", ""900 e=err:resume 40"", ""20 print \""s9hb|\"";"", ""30 print using \""+###.#\"";999.5;"", ""40 print \""|s9hz\"""", ""50 print \""s9he\"";e"", ""60 print \""s9hd\"""", ""70 end"", ""cls"", ""run""]"
leadplus-08	U_GW	"{""codes"": [37, 43, 49, 50, 51, 52, 53, 54, 46, 48], ""end"": [0, 15], ""err"": 0}"	"[""new"", ""10 e=0:u$=chr$(95)"", ""15 on error goto 900"", ""900 e=err:resume 40"", ""20 print \""s9hb|\"";"", ""30 print using \""+###.#\"";123456;"", ""40 print \""|s9hz\"""", ""50 print \""s9he\"";e"", ""60 print \""s9hd\"""", ""70 end"", ""cls"", ""run""]"
leadplus-08	U_N88	"{""codes"": [37, 43, 49, 50, 51, 52, 53, 54, 46, 48], ""end"": [0, 15], ""err"": 0}"	"[""new"", ""10 e=0:u$=chr$(95)"", ""15 on error goto 900"", ""900 e=err:resume 40"", ""20 print \""s9hb|\"";"", ""30 print using \""+###.#\"";123456;"", ""40 print \""|s9hz\"""", ""50 print \""s9he\"";e"", ""60 print \""s9hd\"""", ""70 end"", ""cls"", ""run""]"
trailplus-01	U_GW	"{""codes"": [32, 32, 48, 46, 48, 43], ""end"": [0, 11], ""err"": 0}"	"[""new"", ""10 e=0:u$=chr$(95)"", ""15 on error goto 900"", ""900 e=err:resume 40"", ""20 print \""s9hb|\"";"", ""30 print using \""###.#+\"";0;"", ""40 print \""|s9hz\"""", ""50 print \""s9he\"";e"", ""60 print \""s9hd\"""", ""70 end"", ""cls"", ""run""]"
trailplus-01	U_N88	"{""codes"": [32, 32, 48, 46, 48, 43], ""end"": [0, 11], ""err"": 0}"	"[""new"", ""10 e=0:u$=chr$(95)"", ""15 on error goto 900"", ""900 e=err:resume 40"", ""20 print \""s9hb|\"";"", ""30 print using \""###.#+\"";0;"", ""40 print \""|s9hz\"""", ""50 print \""s9he\"";e"", ""60 print \""s9hd\"""", ""70 end"", ""cls"", ""run""]"
trailplus-02	U_GW	"{""codes"": [32, 49, 50, 46, 48, 43], ""end"": [0, 11], ""err"": 0}"	"[""new"", ""10 e=0:u$=chr$(95)"", ""15 on error goto 900"", ""900 e=err:resume 40"", ""20 print \""s9hb|\"";"", ""30 print using \""###.#+\"";12;"", ""40 print \""|s9hz\"""", ""50 print \""s9he\"";e"", ""60 print \""s9hd\"""", ""70 end"", ""cls"", ""run""]"
trailplus-02	U_N88	"{""codes"": [32, 49, 50, 46, 48, 43], ""end"": [0, 11], ""err"": 0}"	"[""new"", ""10 e=0:u$=chr$(95)"", ""15 on error goto 900"", ""900 e=err:resume 40"", ""20 print \""s9hb|\"";"", ""30 print using \""###.#+\"";12;"", ""40 print \""|s9hz\"""", ""50 print \""s9he\"";e"", ""60 print \""s9hd\"""", ""70 end"", ""cls"", ""run""]"
trailplus-03	U_GW	"{""codes"": [32, 49, 50, 46, 48, 45], ""end"": [0, 11], ""err"": 0}"	"[""new"", ""10 e=0:u$=chr$(95)"", ""15 on error goto 900"", ""900 e=err:resume 40"", ""20 print \""s9hb|\"";"", ""30 print using \""###.#+\"";-12;"", ""40 print \""|s9hz\"""", ""50 print \""s9he\"";e"", ""60 print \""s9hd\"""", ""70 end"", ""cls"", ""run""]"
trailplus-03	U_N88	"{""codes"": [32, 49, 50, 46, 48, 45], ""end"": [0, 11], ""err"": 0}"	"[""new"", ""10 e=0:u$=chr$(95)"", ""15 on error goto 900"", ""900 e=err:resume 40"", ""20 print \""s9hb|\"";"", ""30 print using \""###.#+\"";-12;"", ""40 print \""|s9hz\"""", ""50 print \""s9he\"";e"", ""60 print \""s9hd\"""", ""70 end"", ""cls"", ""run""]"
trailplus-04	U_GW	"{""codes"": [32, 32, 49, 46, 49, 43], ""end"": [0, 11], ""err"": 0}"	"[""new"", ""10 e=0:u$=chr$(95)"", ""15 on error goto 900"", ""900 e=err:resume 40"", ""20 print \""s9hb|\"";"", ""30 print using \""###.#+\"";1.125;"", ""40 print \""|s9hz\"""", ""50 print \""s9he\"";e"", ""60 print \""s9hd\"""", ""70 end"", ""cls"", ""run""]"
trailplus-04	U_N88	"{""codes"": [32, 32, 49, 46, 49, 43], ""end"": [0, 11], ""err"": 0}"	"[""new"", ""10 e=0:u$=chr$(95)"", ""15 on error goto 900"", ""900 e=err:resume 40"", ""20 print \""s9hb|\"";"", ""30 print using \""###.#+\"";1.125;"", ""40 print \""|s9hz\"""", ""50 print \""s9he\"";e"", ""60 print \""s9hd\"""", ""70 end"", ""cls"", ""run""]"
trailplus-05	U_GW	"{""codes"": [32, 32, 49, 46, 51, 43], ""end"": [0, 11], ""err"": 0}"	"[""new"", ""10 e=0:u$=chr$(95)"", ""15 on error goto 900"", ""900 e=err:resume 40"", ""20 print \""s9hb|\"";"", ""30 print using \""###.#+\"";1.25;"", ""40 print \""|s9hz\"""", ""50 print \""s9he\"";e"", ""60 print \""s9hd\"""", ""70 end"", ""cls"", ""run""]"
trailplus-05	U_N88	"{""codes"": [32, 32, 49, 46, 51, 43], ""end"": [0, 11], ""err"": 0}"	"[""new"", ""10 e=0:u$=chr$(95)"", ""15 on error goto 900"", ""900 e=err:resume 40"", ""20 print \""s9hb|\"";"", ""30 print using \""###.#+\"";1.25;"", ""40 print \""|s9hz\"""", ""50 print \""s9he\"";e"", ""60 print \""s9hd\"""", ""70 end"", ""cls"", ""run""]"
trailplus-06	U_GW	"{""codes"": [32, 32, 49, 46, 51, 45], ""end"": [0, 11], ""err"": 0}"	"[""new"", ""10 e=0:u$=chr$(95)"", ""15 on error goto 900"", ""900 e=err:resume 40"", ""20 print \""s9hb|\"";"", ""30 print using \""###.#+\"";-1.25;"", ""40 print \""|s9hz\"""", ""50 print \""s9he\"";e"", ""60 print \""s9hd\"""", ""70 end"", ""cls"", ""run""]"
trailplus-06	U_N88	"{""codes"": [32, 32, 49, 46, 51, 45], ""end"": [0, 11], ""err"": 0}"	"[""new"", ""10 e=0:u$=chr$(95)"", ""15 on error goto 900"", ""900 e=err:resume 40"", ""20 print \""s9hb|\"";"", ""30 print using \""###.#+\"";-1.25;"", ""40 print \""|s9hz\"""", ""50 print \""s9he\"";e"", ""60 print \""s9hd\"""", ""70 end"", ""cls"", ""run""]"
trailplus-07	U_GW	"{""codes"": [57, 57, 57, 46, 53, 43], ""end"": [0, 11], ""err"": 0}"	"[""new"", ""10 e=0:u$=chr$(95)"", ""15 on error goto 900"", ""900 e=err:resume 40"", ""20 print \""s9hb|\"";"", ""30 print using \""###.#+\"";999.5;"", ""40 print \""|s9hz\"""", ""50 print \""s9he\"";e"", ""60 print \""s9hd\"""", ""70 end"", ""cls"", ""run""]"
trailplus-07	U_N88	"{""codes"": [57, 57, 57, 46, 53, 43], ""end"": [0, 11], ""err"": 0}"	"[""new"", ""10 e=0:u$=chr$(95)"", ""15 on error goto 900"", ""900 e=err:resume 40"", ""20 print \""s9hb|\"";"", ""30 print using \""###.#+\"";999.5;"", ""40 print \""|s9hz\"""", ""50 print \""s9he\"";e"", ""60 print \""s9hd\"""", ""70 end"", ""cls"", ""run""]"
trailplus-08	U_GW	"{""codes"": [37, 49, 50, 51, 52, 53, 54, 46, 48, 43], ""end"": [0, 15], ""err"": 0}"	"[""new"", ""10 e=0:u$=chr$(95)"", ""15 on error goto 900"", ""900 e=err:resume 40"", ""20 print \""s9hb|\"";"", ""30 print using \""###.#+\"";123456;"", ""40 print \""|s9hz\"""", ""50 print \""s9he\"";e"", ""60 print \""s9hd\"""", ""70 end"", ""cls"", ""run""]"
trailplus-08	U_N88	"{""codes"": [37, 49, 50, 51, 52, 53, 54, 46, 48, 43], ""end"": [0, 15], ""err"": 0}"	"[""new"", ""10 e=0:u$=chr$(95)"", ""15 on error goto 900"", ""900 e=err:resume 40"", ""20 print \""s9hb|\"";"", ""30 print using \""###.#+\"";123456;"", ""40 print \""|s9hz\"""", ""50 print \""s9he\"";e"", ""60 print \""s9hd\"""", ""70 end"", ""cls"", ""run""]"
trailminus-01	U_GW	"{""codes"": [32, 32, 48, 46, 48, 32], ""end"": [0, 11], ""err"": 0}"	"[""new"", ""10 e=0:u$=chr$(95)"", ""15 on error goto 900"", ""900 e=err:resume 40"", ""20 print \""s9hb|\"";"", ""30 print using \""###.#-\"";0;"", ""40 print \""|s9hz\"""", ""50 print \""s9he\"";e"", ""60 print \""s9hd\"""", ""70 end"", ""cls"", ""run""]"
trailminus-01	U_N88	"{""codes"": [32, 32, 48, 46, 48, 32], ""end"": [0, 11], ""err"": 0}"	"[""new"", ""10 e=0:u$=chr$(95)"", ""15 on error goto 900"", ""900 e=err:resume 40"", ""20 print \""s9hb|\"";"", ""30 print using \""###.#-\"";0;"", ""40 print \""|s9hz\"""", ""50 print \""s9he\"";e"", ""60 print \""s9hd\"""", ""70 end"", ""cls"", ""run""]"
trailminus-02	U_GW	"{""codes"": [32, 49, 50, 46, 48, 32], ""end"": [0, 11], ""err"": 0}"	"[""new"", ""10 e=0:u$=chr$(95)"", ""15 on error goto 900"", ""900 e=err:resume 40"", ""20 print \""s9hb|\"";"", ""30 print using \""###.#-\"";12;"", ""40 print \""|s9hz\"""", ""50 print \""s9he\"";e"", ""60 print \""s9hd\"""", ""70 end"", ""cls"", ""run""]"
trailminus-02	U_N88	"{""codes"": [32, 49, 50, 46, 48, 32], ""end"": [0, 11], ""err"": 0}"	"[""new"", ""10 e=0:u$=chr$(95)"", ""15 on error goto 900"", ""900 e=err:resume 40"", ""20 print \""s9hb|\"";"", ""30 print using \""###.#-\"";12;"", ""40 print \""|s9hz\"""", ""50 print \""s9he\"";e"", ""60 print \""s9hd\"""", ""70 end"", ""cls"", ""run""]"
trailminus-03	U_GW	"{""codes"": [32, 49, 50, 46, 48, 45], ""end"": [0, 11], ""err"": 0}"	"[""new"", ""10 e=0:u$=chr$(95)"", ""15 on error goto 900"", ""900 e=err:resume 40"", ""20 print \""s9hb|\"";"", ""30 print using \""###.#-\"";-12;"", ""40 print \""|s9hz\"""", ""50 print \""s9he\"";e"", ""60 print \""s9hd\"""", ""70 end"", ""cls"", ""run""]"
trailminus-03	U_N88	"{""codes"": [32, 49, 50, 46, 48, 45], ""end"": [0, 11], ""err"": 0}"	"[""new"", ""10 e=0:u$=chr$(95)"", ""15 on error goto 900"", ""900 e=err:resume 40"", ""20 print \""s9hb|\"";"", ""30 print using \""###.#-\"";-12;"", ""40 print \""|s9hz\"""", ""50 print \""s9he\"";e"", ""60 print \""s9hd\"""", ""70 end"", ""cls"", ""run""]"
trailminus-04	U_GW	"{""codes"": [32, 32, 49, 46, 49, 32], ""end"": [0, 11], ""err"": 0}"	"[""new"", ""10 e=0:u$=chr$(95)"", ""15 on error goto 900"", ""900 e=err:resume 40"", ""20 print \""s9hb|\"";"", ""30 print using \""###.#-\"";1.125;"", ""40 print \""|s9hz\"""", ""50 print \""s9he\"";e"", ""60 print \""s9hd\"""", ""70 end"", ""cls"", ""run""]"
trailminus-04	U_N88	"{""codes"": [32, 32, 49, 46, 49, 32], ""end"": [0, 11], ""err"": 0}"	"[""new"", ""10 e=0:u$=chr$(95)"", ""15 on error goto 900"", ""900 e=err:resume 40"", ""20 print \""s9hb|\"";"", ""30 print using \""###.#-\"";1.125;"", ""40 print \""|s9hz\"""", ""50 print \""s9he\"";e"", ""60 print \""s9hd\"""", ""70 end"", ""cls"", ""run""]"
trailminus-05	U_GW	"{""codes"": [32, 32, 49, 46, 51, 32], ""end"": [0, 11], ""err"": 0}"	"[""new"", ""10 e=0:u$=chr$(95)"", ""15 on error goto 900"", ""900 e=err:resume 40"", ""20 print \""s9hb|\"";"", ""30 print using \""###.#-\"";1.25;"", ""40 print \""|s9hz\"""", ""50 print \""s9he\"";e"", ""60 print \""s9hd\"""", ""70 end"", ""cls"", ""run""]"
trailminus-05	U_N88	"{""codes"": [32, 32, 49, 46, 51, 32], ""end"": [0, 11], ""err"": 0}"	"[""new"", ""10 e=0:u$=chr$(95)"", ""15 on error goto 900"", ""900 e=err:resume 40"", ""20 print \""s9hb|\"";"", ""30 print using \""###.#-\"";1.25;"", ""40 print \""|s9hz\"""", ""50 print \""s9he\"";e"", ""60 print \""s9hd\"""", ""70 end"", ""cls"", ""run""]"
trailminus-06	U_GW	"{""codes"": [32, 32, 49, 46, 51, 45], ""end"": [0, 11], ""err"": 0}"	"[""new"", ""10 e=0:u$=chr$(95)"", ""15 on error goto 900"", ""900 e=err:resume 40"", ""20 print \""s9hb|\"";"", ""30 print using \""###.#-\"";-1.25;"", ""40 print \""|s9hz\"""", ""50 print \""s9he\"";e"", ""60 print \""s9hd\"""", ""70 end"", ""cls"", ""run""]"
trailminus-06	U_N88	"{""codes"": [32, 32, 49, 46, 51, 45], ""end"": [0, 11], ""err"": 0}"	"[""new"", ""10 e=0:u$=chr$(95)"", ""15 on error goto 900"", ""900 e=err:resume 40"", ""20 print \""s9hb|\"";"", ""30 print using \""###.#-\"";-1.25;"", ""40 print \""|s9hz\"""", ""50 print \""s9he\"";e"", ""60 print \""s9hd\"""", ""70 end"", ""cls"", ""run""]"
trailminus-07	U_GW	"{""codes"": [57, 57, 57, 46, 53, 32], ""end"": [0, 11], ""err"": 0}"	"[""new"", ""10 e=0:u$=chr$(95)"", ""15 on error goto 900"", ""900 e=err:resume 40"", ""20 print \""s9hb|\"";"", ""30 print using \""###.#-\"";999.5;"", ""40 print \""|s9hz\"""", ""50 print \""s9he\"";e"", ""60 print \""s9hd\"""", ""70 end"", ""cls"", ""run""]"
trailminus-07	U_N88	"{""codes"": [57, 57, 57, 46, 53, 32], ""end"": [0, 11], ""err"": 0}"	"[""new"", ""10 e=0:u$=chr$(95)"", ""15 on error goto 900"", ""900 e=err:resume 40"", ""20 print \""s9hb|\"";"", ""30 print using \""###.#-\"";999.5;"", ""40 print \""|s9hz\"""", ""50 print \""s9he\"";e"", ""60 print \""s9hd\"""", ""70 end"", ""cls"", ""run""]"
trailminus-08	U_GW	"{""codes"": [37, 49, 50, 51, 52, 53, 54, 46, 48, 32], ""end"": [0, 15], ""err"": 0}"	"[""new"", ""10 e=0:u$=chr$(95)"", ""15 on error goto 900"", ""900 e=err:resume 40"", ""20 print \""s9hb|\"";"", ""30 print using \""###.#-\"";123456;"", ""40 print \""|s9hz\"""", ""50 print \""s9he\"";e"", ""60 print \""s9hd\"""", ""70 end"", ""cls"", ""run""]"
trailminus-08	U_N88	"{""codes"": [37, 49, 50, 51, 52, 53, 54, 46, 48, 32], ""end"": [0, 15], ""err"": 0}"	"[""new"", ""10 e=0:u$=chr$(95)"", ""15 on error goto 900"", ""900 e=err:resume 40"", ""20 print \""s9hb|\"";"", ""30 print using \""###.#-\"";123456;"", ""40 print \""|s9hz\"""", ""50 print \""s9he\"";e"", ""60 print \""s9hd\"""", ""70 end"", ""cls"", ""run""]"
star-01	U_GW	"{""codes"": [42, 42, 42, 42, 48, 46, 48], ""end"": [0, 12], ""err"": 0}"	"[""new"", ""10 e=0:u$=chr$(95)"", ""15 on error goto 900"", ""900 e=err:resume 40"", ""20 print \""s9hb|\"";"", ""30 print using \""**###.#\"";0;"", ""40 print \""|s9hz\"""", ""50 print \""s9he\"";e"", ""60 print \""s9hd\"""", ""70 end"", ""cls"", ""run""]"
star-01	U_N88	"{""codes"": [42, 42, 42, 42, 48, 46, 48], ""end"": [0, 12], ""err"": 0}"	"[""new"", ""10 e=0:u$=chr$(95)"", ""15 on error goto 900"", ""900 e=err:resume 40"", ""20 print \""s9hb|\"";"", ""30 print using \""**###.#\"";0;"", ""40 print \""|s9hz\"""", ""50 print \""s9he\"";e"", ""60 print \""s9hd\"""", ""70 end"", ""cls"", ""run""]"
star-02	U_GW	"{""codes"": [42, 42, 42, 49, 50, 46, 48], ""end"": [0, 12], ""err"": 0}"	"[""new"", ""10 e=0:u$=chr$(95)"", ""15 on error goto 900"", ""900 e=err:resume 40"", ""20 print \""s9hb|\"";"", ""30 print using \""**###.#\"";12;"", ""40 print \""|s9hz\"""", ""50 print \""s9he\"";e"", ""60 print \""s9hd\"""", ""70 end"", ""cls"", ""run""]"
star-02	U_N88	"{""codes"": [42, 42, 42, 49, 50, 46, 48], ""end"": [0, 12], ""err"": 0}"	"[""new"", ""10 e=0:u$=chr$(95)"", ""15 on error goto 900"", ""900 e=err:resume 40"", ""20 print \""s9hb|\"";"", ""30 print using \""**###.#\"";12;"", ""40 print \""|s9hz\"""", ""50 print \""s9he\"";e"", ""60 print \""s9hd\"""", ""70 end"", ""cls"", ""run""]"
star-03	U_GW	"{""codes"": [42, 42, 45, 49, 50, 46, 48], ""end"": [0, 12], ""err"": 0}"	"[""new"", ""10 e=0:u$=chr$(95)"", ""15 on error goto 900"", ""900 e=err:resume 40"", ""20 print \""s9hb|\"";"", ""30 print using \""**###.#\"";-12;"", ""40 print \""|s9hz\"""", ""50 print \""s9he\"";e"", ""60 print \""s9hd\"""", ""70 end"", ""cls"", ""run""]"
star-03	U_N88	"{""codes"": [42, 42, 45, 49, 50, 46, 48], ""end"": [0, 12], ""err"": 0}"	"[""new"", ""10 e=0:u$=chr$(95)"", ""15 on error goto 900"", ""900 e=err:resume 40"", ""20 print \""s9hb|\"";"", ""30 print using \""**###.#\"";-12;"", ""40 print \""|s9hz\"""", ""50 print \""s9he\"";e"", ""60 print \""s9hd\"""", ""70 end"", ""cls"", ""run""]"
star-04	U_GW	"{""codes"": [42, 42, 42, 42, 49, 46, 49], ""end"": [0, 12], ""err"": 0}"	"[""new"", ""10 e=0:u$=chr$(95)"", ""15 on error goto 900"", ""900 e=err:resume 40"", ""20 print \""s9hb|\"";"", ""30 print using \""**###.#\"";1.125;"", ""40 print \""|s9hz\"""", ""50 print \""s9he\"";e"", ""60 print \""s9hd\"""", ""70 end"", ""cls"", ""run""]"
star-04	U_N88	"{""codes"": [42, 42, 42, 42, 49, 46, 49], ""end"": [0, 12], ""err"": 0}"	"[""new"", ""10 e=0:u$=chr$(95)"", ""15 on error goto 900"", ""900 e=err:resume 40"", ""20 print \""s9hb|\"";"", ""30 print using \""**###.#\"";1.125;"", ""40 print \""|s9hz\"""", ""50 print \""s9he\"";e"", ""60 print \""s9hd\"""", ""70 end"", ""cls"", ""run""]"
star-05	U_GW	"{""codes"": [42, 42, 42, 42, 49, 46, 51], ""end"": [0, 12], ""err"": 0}"	"[""new"", ""10 e=0:u$=chr$(95)"", ""15 on error goto 900"", ""900 e=err:resume 40"", ""20 print \""s9hb|\"";"", ""30 print using \""**###.#\"";1.25;"", ""40 print \""|s9hz\"""", ""50 print \""s9he\"";e"", ""60 print \""s9hd\"""", ""70 end"", ""cls"", ""run""]"
star-05	U_N88	"{""codes"": [42, 42, 42, 42, 49, 46, 51], ""end"": [0, 12], ""err"": 0}"	"[""new"", ""10 e=0:u$=chr$(95)"", ""15 on error goto 900"", ""900 e=err:resume 40"", ""20 print \""s9hb|\"";"", ""30 print using \""**###.#\"";1.25;"", ""40 print \""|s9hz\"""", ""50 print \""s9he\"";e"", ""60 print \""s9hd\"""", ""70 end"", ""cls"", ""run""]"
star-06	U_GW	"{""codes"": [42, 42, 42, 45, 49, 46, 51], ""end"": [0, 12], ""err"": 0}"	"[""new"", ""10 e=0:u$=chr$(95)"", ""15 on error goto 900"", ""900 e=err:resume 40"", ""20 print \""s9hb|\"";"", ""30 print using \""**###.#\"";-1.25;"", ""40 print \""|s9hz\"""", ""50 print \""s9he\"";e"", ""60 print \""s9hd\"""", ""70 end"", ""cls"", ""run""]"
star-06	U_N88	"{""codes"": [42, 42, 42, 45, 49, 46, 51], ""end"": [0, 12], ""err"": 0}"	"[""new"", ""10 e=0:u$=chr$(95)"", ""15 on error goto 900"", ""900 e=err:resume 40"", ""20 print \""s9hb|\"";"", ""30 print using \""**###.#\"";-1.25;"", ""40 print \""|s9hz\"""", ""50 print \""s9he\"";e"", ""60 print \""s9hd\"""", ""70 end"", ""cls"", ""run""]"
star-07	U_GW	"{""codes"": [42, 42, 57, 57, 57, 46, 53], ""end"": [0, 12], ""err"": 0}"	"[""new"", ""10 e=0:u$=chr$(95)"", ""15 on error goto 900"", ""900 e=err:resume 40"", ""20 print \""s9hb|\"";"", ""30 print using \""**###.#\"";999.5;"", ""40 print \""|s9hz\"""", ""50 print \""s9he\"";e"", ""60 print \""s9hd\"""", ""70 end"", ""cls"", ""run""]"
star-07	U_N88	"{""codes"": [42, 42, 57, 57, 57, 46, 53], ""end"": [0, 12], ""err"": 0}"	"[""new"", ""10 e=0:u$=chr$(95)"", ""15 on error goto 900"", ""900 e=err:resume 40"", ""20 print \""s9hb|\"";"", ""30 print using \""**###.#\"";999.5;"", ""40 print \""|s9hz\"""", ""50 print \""s9he\"";e"", ""60 print \""s9hd\"""", ""70 end"", ""cls"", ""run""]"
star-08	U_GW	"{""codes"": [37, 49, 50, 51, 52, 53, 54, 46, 48], ""end"": [0, 14], ""err"": 0}"	"[""new"", ""10 e=0:u$=chr$(95)"", ""15 on error goto 900"", ""900 e=err:resume 40"", ""20 print \""s9hb|\"";"", ""30 print using \""**###.#\"";123456;"", ""40 print \""|s9hz\"""", ""50 print \""s9he\"";e"", ""60 print \""s9hd\"""", ""70 end"", ""cls"", ""run""]"
star-08	U_N88	"{""codes"": [37, 49, 50, 51, 52, 53, 54, 46, 48], ""end"": [0, 14], ""err"": 0}"	"[""new"", ""10 e=0:u$=chr$(95)"", ""15 on error goto 900"", ""900 e=err:resume 40"", ""20 print \""s9hb|\"";"", ""30 print using \""**###.#\"";123456;"", ""40 print \""|s9hz\"""", ""50 print \""s9he\"";e"", ""60 print \""s9hd\"""", ""70 end"", ""cls"", ""run""]"
dollar-01	U_GW	"{""codes"": [32, 32, 32, 36, 48, 46, 48], ""end"": [0, 12], ""err"": 0}"	"[""new"", ""10 e=0:u$=chr$(95)"", ""15 on error goto 900"", ""900 e=err:resume 40"", ""20 print \""s9hb|\"";"", ""30 print using \""$$###.#\"";0;"", ""40 print \""|s9hz\"""", ""50 print \""s9he\"";e"", ""60 print \""s9hd\"""", ""70 end"", ""cls"", ""run""]"
dollar-01	U_N88	"{""codes"": [36, 36, 32, 32, 48, 46, 48], ""end"": [0, 12], ""err"": 0}"	"[""new"", ""10 e=0:u$=chr$(95)"", ""15 on error goto 900"", ""900 e=err:resume 40"", ""20 print \""s9hb|\"";"", ""30 print using \""$$###.#\"";0;"", ""40 print \""|s9hz\"""", ""50 print \""s9he\"";e"", ""60 print \""s9hd\"""", ""70 end"", ""cls"", ""run""]"
dollar-02	U_GW	"{""codes"": [32, 32, 36, 49, 50, 46, 48], ""end"": [0, 12], ""err"": 0}"	"[""new"", ""10 e=0:u$=chr$(95)"", ""15 on error goto 900"", ""900 e=err:resume 40"", ""20 print \""s9hb|\"";"", ""30 print using \""$$###.#\"";12;"", ""40 print \""|s9hz\"""", ""50 print \""s9he\"";e"", ""60 print \""s9hd\"""", ""70 end"", ""cls"", ""run""]"
dollar-02	U_N88	"{""codes"": [36, 36, 32, 49, 50, 46, 48], ""end"": [0, 12], ""err"": 0}"	"[""new"", ""10 e=0:u$=chr$(95)"", ""15 on error goto 900"", ""900 e=err:resume 40"", ""20 print \""s9hb|\"";"", ""30 print using \""$$###.#\"";12;"", ""40 print \""|s9hz\"""", ""50 print \""s9he\"";e"", ""60 print \""s9hd\"""", ""70 end"", ""cls"", ""run""]"
dollar-03	U_GW	"{""codes"": [32, 45, 36, 49, 50, 46, 48], ""end"": [0, 12], ""err"": 0}"	"[""new"", ""10 e=0:u$=chr$(95)"", ""15 on error goto 900"", ""900 e=err:resume 40"", ""20 print \""s9hb|\"";"", ""30 print using \""$$###.#\"";-12;"", ""40 print \""|s9hz\"""", ""50 print \""s9he\"";e"", ""60 print \""s9hd\"""", ""70 end"", ""cls"", ""run""]"
dollar-03	U_N88	"{""codes"": [36, 36, 45, 49, 50, 46, 48], ""end"": [0, 12], ""err"": 0}"	"[""new"", ""10 e=0:u$=chr$(95)"", ""15 on error goto 900"", ""900 e=err:resume 40"", ""20 print \""s9hb|\"";"", ""30 print using \""$$###.#\"";-12;"", ""40 print \""|s9hz\"""", ""50 print \""s9he\"";e"", ""60 print \""s9hd\"""", ""70 end"", ""cls"", ""run""]"
dollar-04	U_GW	"{""codes"": [32, 32, 32, 36, 49, 46, 49], ""end"": [0, 12], ""err"": 0}"	"[""new"", ""10 e=0:u$=chr$(95)"", ""15 on error goto 900"", ""900 e=err:resume 40"", ""20 print \""s9hb|\"";"", ""30 print using \""$$###.#\"";1.125;"", ""40 print \""|s9hz\"""", ""50 print \""s9he\"";e"", ""60 print \""s9hd\"""", ""70 end"", ""cls"", ""run""]"
dollar-04	U_N88	"{""codes"": [36, 36, 32, 32, 49, 46, 49], ""end"": [0, 12], ""err"": 0}"	"[""new"", ""10 e=0:u$=chr$(95)"", ""15 on error goto 900"", ""900 e=err:resume 40"", ""20 print \""s9hb|\"";"", ""30 print using \""$$###.#\"";1.125;"", ""40 print \""|s9hz\"""", ""50 print \""s9he\"";e"", ""60 print \""s9hd\"""", ""70 end"", ""cls"", ""run""]"
dollar-05	U_GW	"{""codes"": [32, 32, 32, 36, 49, 46, 51], ""end"": [0, 12], ""err"": 0}"	"[""new"", ""10 e=0:u$=chr$(95)"", ""15 on error goto 900"", ""900 e=err:resume 40"", ""20 print \""s9hb|\"";"", ""30 print using \""$$###.#\"";1.25;"", ""40 print \""|s9hz\"""", ""50 print \""s9he\"";e"", ""60 print \""s9hd\"""", ""70 end"", ""cls"", ""run""]"
dollar-05	U_N88	"{""codes"": [36, 36, 32, 32, 49, 46, 51], ""end"": [0, 12], ""err"": 0}"	"[""new"", ""10 e=0:u$=chr$(95)"", ""15 on error goto 900"", ""900 e=err:resume 40"", ""20 print \""s9hb|\"";"", ""30 print using \""$$###.#\"";1.25;"", ""40 print \""|s9hz\"""", ""50 print \""s9he\"";e"", ""60 print \""s9hd\"""", ""70 end"", ""cls"", ""run""]"
dollar-06	U_GW	"{""codes"": [32, 32, 45, 36, 49, 46, 51], ""end"": [0, 12], ""err"": 0}"	"[""new"", ""10 e=0:u$=chr$(95)"", ""15 on error goto 900"", ""900 e=err:resume 40"", ""20 print \""s9hb|\"";"", ""30 print using \""$$###.#\"";-1.25;"", ""40 print \""|s9hz\"""", ""50 print \""s9he\"";e"", ""60 print \""s9hd\"""", ""70 end"", ""cls"", ""run""]"
dollar-06	U_N88	"{""codes"": [36, 36, 32, 45, 49, 46, 51], ""end"": [0, 12], ""err"": 0}"	"[""new"", ""10 e=0:u$=chr$(95)"", ""15 on error goto 900"", ""900 e=err:resume 40"", ""20 print \""s9hb|\"";"", ""30 print using \""$$###.#\"";-1.25;"", ""40 print \""|s9hz\"""", ""50 print \""s9he\"";e"", ""60 print \""s9hd\"""", ""70 end"", ""cls"", ""run""]"
dollar-07	U_GW	"{""codes"": [32, 36, 57, 57, 57, 46, 53], ""end"": [0, 12], ""err"": 0}"	"[""new"", ""10 e=0:u$=chr$(95)"", ""15 on error goto 900"", ""900 e=err:resume 40"", ""20 print \""s9hb|\"";"", ""30 print using \""$$###.#\"";999.5;"", ""40 print \""|s9hz\"""", ""50 print \""s9he\"";e"", ""60 print \""s9hd\"""", ""70 end"", ""cls"", ""run""]"
dollar-07	U_N88	"{""codes"": [36, 36, 57, 57, 57, 46, 53], ""end"": [0, 12], ""err"": 0}"	"[""new"", ""10 e=0:u$=chr$(95)"", ""15 on error goto 900"", ""900 e=err:resume 40"", ""20 print \""s9hb|\"";"", ""30 print using \""$$###.#\"";999.5;"", ""40 print \""|s9hz\"""", ""50 print \""s9he\"";e"", ""60 print \""s9hd\"""", ""70 end"", ""cls"", ""run""]"
dollar-08	U_GW	"{""codes"": [37, 36, 49, 50, 51, 52, 53, 54, 46, 48], ""end"": [0, 15], ""err"": 0}"	"[""new"", ""10 e=0:u$=chr$(95)"", ""15 on error goto 900"", ""900 e=err:resume 40"", ""20 print \""s9hb|\"";"", ""30 print using \""$$###.#\"";123456;"", ""40 print \""|s9hz\"""", ""50 print \""s9he\"";e"", ""60 print \""s9hd\"""", ""70 end"", ""cls"", ""run""]"
dollar-08	U_N88	"{""codes"": [36, 36, 37, 49, 50, 51, 52, 53, 54, 46, 48], ""end"": [0, 16], ""err"": 0}"	"[""new"", ""10 e=0:u$=chr$(95)"", ""15 on error goto 900"", ""900 e=err:resume 40"", ""20 print \""s9hb|\"";"", ""30 print using \""$$###.#\"";123456;"", ""40 print \""|s9hz\"""", ""50 print \""s9he\"";e"", ""60 print \""s9hd\"""", ""70 end"", ""cls"", ""run""]"
stardollar-01	U_GW	"{""codes"": [42, 42, 42, 42, 36, 48, 46, 48], ""end"": [0, 13], ""err"": 0}"	"[""new"", ""10 e=0:u$=chr$(95)"", ""15 on error goto 900"", ""900 e=err:resume 40"", ""20 print \""s9hb|\"";"", ""30 print using \""**$###.#\"";0;"", ""40 print \""|s9hz\"""", ""50 print \""s9he\"";e"", ""60 print \""s9hd\"""", ""70 end"", ""cls"", ""run""]"
stardollar-01	U_N88	"{""codes"": [42, 48, 36], ""end"": [0, 8], ""err"": 0}"	"[""new"", ""10 e=0:u$=chr$(95)"", ""15 on error goto 900"", ""900 e=err:resume 40"", ""20 print \""s9hb|\"";"", ""30 print using \""**$###.#\"";0;"", ""40 print \""|s9hz\"""", ""50 print \""s9he\"";e"", ""60 print \""s9hd\"""", ""70 end"", ""cls"", ""run""]"
stardollar-02	U_GW	"{""codes"": [42, 42, 42, 36, 49, 50, 46, 48], ""end"": [0, 13], ""err"": 0}"	"[""new"", ""10 e=0:u$=chr$(95)"", ""15 on error goto 900"", ""900 e=err:resume 40"", ""20 print \""s9hb|\"";"", ""30 print using \""**$###.#\"";12;"", ""40 print \""|s9hz\"""", ""50 print \""s9he\"";e"", ""60 print \""s9hd\"""", ""70 end"", ""cls"", ""run""]"
stardollar-02	U_N88	"{""codes"": [49, 50, 36], ""end"": [0, 8], ""err"": 0}"	"[""new"", ""10 e=0:u$=chr$(95)"", ""15 on error goto 900"", ""900 e=err:resume 40"", ""20 print \""s9hb|\"";"", ""30 print using \""**$###.#\"";12;"", ""40 print \""|s9hz\"""", ""50 print \""s9he\"";e"", ""60 print \""s9hd\"""", ""70 end"", ""cls"", ""run""]"
stardollar-03	U_GW	"{""codes"": [42, 42, 45, 36, 49, 50, 46, 48], ""end"": [0, 13], ""err"": 0}"	"[""new"", ""10 e=0:u$=chr$(95)"", ""15 on error goto 900"", ""900 e=err:resume 40"", ""20 print \""s9hb|\"";"", ""30 print using \""**$###.#\"";-12;"", ""40 print \""|s9hz\"""", ""50 print \""s9he\"";e"", ""60 print \""s9hd\"""", ""70 end"", ""cls"", ""run""]"
stardollar-03	U_N88	"{""codes"": [37, 45, 49, 50, 36], ""end"": [0, 10], ""err"": 0}"	"[""new"", ""10 e=0:u$=chr$(95)"", ""15 on error goto 900"", ""900 e=err:resume 40"", ""20 print \""s9hb|\"";"", ""30 print using \""**$###.#\"";-12;"", ""40 print \""|s9hz\"""", ""50 print \""s9he\"";e"", ""60 print \""s9hd\"""", ""70 end"", ""cls"", ""run""]"
stardollar-04	U_GW	"{""codes"": [42, 42, 42, 42, 36, 49, 46, 49], ""end"": [0, 13], ""err"": 0}"	"[""new"", ""10 e=0:u$=chr$(95)"", ""15 on error goto 900"", ""900 e=err:resume 40"", ""20 print \""s9hb|\"";"", ""30 print using \""**$###.#\"";1.125;"", ""40 print \""|s9hz\"""", ""50 print \""s9he\"";e"", ""60 print \""s9hd\"""", ""70 end"", ""cls"", ""run""]"
stardollar-04	U_N88	"{""codes"": [42, 49, 36], ""end"": [0, 8], ""err"": 0}"	"[""new"", ""10 e=0:u$=chr$(95)"", ""15 on error goto 900"", ""900 e=err:resume 40"", ""20 print \""s9hb|\"";"", ""30 print using \""**$###.#\"";1.125;"", ""40 print \""|s9hz\"""", ""50 print \""s9he\"";e"", ""60 print \""s9hd\"""", ""70 end"", ""cls"", ""run""]"
stardollar-05	U_GW	"{""codes"": [42, 42, 42, 42, 36, 49, 46, 51], ""end"": [0, 13], ""err"": 0}"	"[""new"", ""10 e=0:u$=chr$(95)"", ""15 on error goto 900"", ""900 e=err:resume 40"", ""20 print \""s9hb|\"";"", ""30 print using \""**$###.#\"";1.25;"", ""40 print \""|s9hz\"""", ""50 print \""s9he\"";e"", ""60 print \""s9hd\"""", ""70 end"", ""cls"", ""run""]"
stardollar-05	U_N88	"{""codes"": [42, 49, 36], ""end"": [0, 8], ""err"": 0}"	"[""new"", ""10 e=0:u$=chr$(95)"", ""15 on error goto 900"", ""900 e=err:resume 40"", ""20 print \""s9hb|\"";"", ""30 print using \""**$###.#\"";1.25;"", ""40 print \""|s9hz\"""", ""50 print \""s9he\"";e"", ""60 print \""s9hd\"""", ""70 end"", ""cls"", ""run""]"
stardollar-06	U_GW	"{""codes"": [42, 42, 42, 45, 36, 49, 46, 51], ""end"": [0, 13], ""err"": 0}"	"[""new"", ""10 e=0:u$=chr$(95)"", ""15 on error goto 900"", ""900 e=err:resume 40"", ""20 print \""s9hb|\"";"", ""30 print using \""**$###.#\"";-1.25;"", ""40 print \""|s9hz\"""", ""50 print \""s9he\"";e"", ""60 print \""s9hd\"""", ""70 end"", ""cls"", ""run""]"
stardollar-06	U_N88	"{""codes"": [45, 49, 36], ""end"": [0, 8], ""err"": 0}"	"[""new"", ""10 e=0:u$=chr$(95)"", ""15 on error goto 900"", ""900 e=err:resume 40"", ""20 print \""s9hb|\"";"", ""30 print using \""**$###.#\"";-1.25;"", ""40 print \""|s9hz\"""", ""50 print \""s9he\"";e"", ""60 print \""s9hd\"""", ""70 end"", ""cls"", ""run""]"
stardollar-07	U_GW	"{""codes"": [42, 42, 36, 57, 57, 57, 46, 53], ""end"": [0, 13], ""err"": 0}"	"[""new"", ""10 e=0:u$=chr$(95)"", ""15 on error goto 900"", ""900 e=err:resume 40"", ""20 print \""s9hb|\"";"", ""30 print using \""**$###.#\"";999.5;"", ""40 print \""|s9hz\"""", ""50 print \""s9he\"";e"", ""60 print \""s9hd\"""", ""70 end"", ""cls"", ""run""]"
stardollar-07	U_N88	"{""codes"": [37, 49, 48, 48, 48, 36], ""end"": [0, 11], ""err"": 0}"	"[""new"", ""10 e=0:u$=chr$(95)"", ""15 on error goto 900"", ""900 e=err:resume 40"", ""20 print \""s9hb|\"";"", ""30 print using \""**$###.#\"";999.5;"", ""40 print \""|s9hz\"""", ""50 print \""s9he\"";e"", ""60 print \""s9hd\"""", ""70 end"", ""cls"", ""run""]"
stardollar-08	U_GW	"{""codes"": [37, 36, 49, 50, 51, 52, 53, 54, 46, 48], ""end"": [0, 15], ""err"": 0}"	"[""new"", ""10 e=0:u$=chr$(95)"", ""15 on error goto 900"", ""900 e=err:resume 40"", ""20 print \""s9hb|\"";"", ""30 print using \""**$###.#\"";123456;"", ""40 print \""|s9hz\"""", ""50 print \""s9he\"";e"", ""60 print \""s9hd\"""", ""70 end"", ""cls"", ""run""]"
stardollar-08	U_N88	"{""codes"": [37, 49, 50, 51, 52, 53, 54, 36], ""end"": [0, 13], ""err"": 0}"	"[""new"", ""10 e=0:u$=chr$(95)"", ""15 on error goto 900"", ""900 e=err:resume 40"", ""20 print \""s9hb|\"";"", ""30 print using \""**$###.#\"";123456;"", ""40 print \""|s9hz\"""", ""50 print \""s9he\"";e"", ""60 print \""s9hd\"""", ""70 end"", ""cls"", ""run""]"
comma-01	U_GW	"{""codes"": [32, 32, 32, 32, 32, 48, 46, 48], ""end"": [0, 13], ""err"": 0}"	"[""new"", ""10 e=0:u$=chr$(95)"", ""15 on error goto 900"", ""900 e=err:resume 40"", ""20 print \""s9hb|\"";"", ""30 print using \""##,###.#\"";0;"", ""40 print \""|s9hz\"""", ""50 print \""s9he\"";e"", ""60 print \""s9hd\"""", ""70 end"", ""cls"", ""run""]"
comma-01	U_N88	"{""codes"": [32, 32, 32, 32, 32, 48, 46, 48], ""end"": [0, 13], ""err"": 0}"	"[""new"", ""10 e=0:u$=chr$(95)"", ""15 on error goto 900"", ""900 e=err:resume 40"", ""20 print \""s9hb|\"";"", ""30 print using \""##,###.#\"";0;"", ""40 print \""|s9hz\"""", ""50 print \""s9he\"";e"", ""60 print \""s9hd\"""", ""70 end"", ""cls"", ""run""]"
comma-02	U_GW	"{""codes"": [32, 32, 32, 32, 49, 50, 46, 48], ""end"": [0, 13], ""err"": 0}"	"[""new"", ""10 e=0:u$=chr$(95)"", ""15 on error goto 900"", ""900 e=err:resume 40"", ""20 print \""s9hb|\"";"", ""30 print using \""##,###.#\"";12;"", ""40 print \""|s9hz\"""", ""50 print \""s9he\"";e"", ""60 print \""s9hd\"""", ""70 end"", ""cls"", ""run""]"
comma-02	U_N88	"{""codes"": [32, 32, 32, 32, 49, 50, 46, 48], ""end"": [0, 13], ""err"": 0}"	"[""new"", ""10 e=0:u$=chr$(95)"", ""15 on error goto 900"", ""900 e=err:resume 40"", ""20 print \""s9hb|\"";"", ""30 print using \""##,###.#\"";12;"", ""40 print \""|s9hz\"""", ""50 print \""s9he\"";e"", ""60 print \""s9hd\"""", ""70 end"", ""cls"", ""run""]"
comma-03	U_GW	"{""codes"": [32, 32, 32, 45, 49, 50, 46, 48], ""end"": [0, 13], ""err"": 0}"	"[""new"", ""10 e=0:u$=chr$(95)"", ""15 on error goto 900"", ""900 e=err:resume 40"", ""20 print \""s9hb|\"";"", ""30 print using \""##,###.#\"";-12;"", ""40 print \""|s9hz\"""", ""50 print \""s9he\"";e"", ""60 print \""s9hd\"""", ""70 end"", ""cls"", ""run""]"
comma-03	U_N88	"{""codes"": [32, 32, 32, 45, 49, 50, 46, 48], ""end"": [0, 13], ""err"": 0}"	"[""new"", ""10 e=0:u$=chr$(95)"", ""15 on error goto 900"", ""900 e=err:resume 40"", ""20 print \""s9hb|\"";"", ""30 print using \""##,###.#\"";-12;"", ""40 print \""|s9hz\"""", ""50 print \""s9he\"";e"", ""60 print \""s9hd\"""", ""70 end"", ""cls"", ""run""]"
comma-04	U_GW	"{""codes"": [32, 32, 32, 32, 32, 49, 46, 49], ""end"": [0, 13], ""err"": 0}"	"[""new"", ""10 e=0:u$=chr$(95)"", ""15 on error goto 900"", ""900 e=err:resume 40"", ""20 print \""s9hb|\"";"", ""30 print using \""##,###.#\"";1.125;"", ""40 print \""|s9hz\"""", ""50 print \""s9he\"";e"", ""60 print \""s9hd\"""", ""70 end"", ""cls"", ""run""]"
comma-04	U_N88	"{""codes"": [32, 32, 32, 32, 32, 49, 46, 49], ""end"": [0, 13], ""err"": 0}"	"[""new"", ""10 e=0:u$=chr$(95)"", ""15 on error goto 900"", ""900 e=err:resume 40"", ""20 print \""s9hb|\"";"", ""30 print using \""##,###.#\"";1.125;"", ""40 print \""|s9hz\"""", ""50 print \""s9he\"";e"", ""60 print \""s9hd\"""", ""70 end"", ""cls"", ""run""]"
comma-05	U_GW	"{""codes"": [32, 32, 32, 32, 32, 49, 46, 51], ""end"": [0, 13], ""err"": 0}"	"[""new"", ""10 e=0:u$=chr$(95)"", ""15 on error goto 900"", ""900 e=err:resume 40"", ""20 print \""s9hb|\"";"", ""30 print using \""##,###.#\"";1.25;"", ""40 print \""|s9hz\"""", ""50 print \""s9he\"";e"", ""60 print \""s9hd\"""", ""70 end"", ""cls"", ""run""]"
comma-05	U_N88	"{""codes"": [32, 32, 32, 32, 32, 49, 46, 51], ""end"": [0, 13], ""err"": 0}"	"[""new"", ""10 e=0:u$=chr$(95)"", ""15 on error goto 900"", ""900 e=err:resume 40"", ""20 print \""s9hb|\"";"", ""30 print using \""##,###.#\"";1.25;"", ""40 print \""|s9hz\"""", ""50 print \""s9he\"";e"", ""60 print \""s9hd\"""", ""70 end"", ""cls"", ""run""]"
comma-06	U_GW	"{""codes"": [32, 32, 32, 32, 45, 49, 46, 51], ""end"": [0, 13], ""err"": 0}"	"[""new"", ""10 e=0:u$=chr$(95)"", ""15 on error goto 900"", ""900 e=err:resume 40"", ""20 print \""s9hb|\"";"", ""30 print using \""##,###.#\"";-1.25;"", ""40 print \""|s9hz\"""", ""50 print \""s9he\"";e"", ""60 print \""s9hd\"""", ""70 end"", ""cls"", ""run""]"
comma-06	U_N88	"{""codes"": [32, 32, 32, 32, 45, 49, 46, 51], ""end"": [0, 13], ""err"": 0}"	"[""new"", ""10 e=0:u$=chr$(95)"", ""15 on error goto 900"", ""900 e=err:resume 40"", ""20 print \""s9hb|\"";"", ""30 print using \""##,###.#\"";-1.25;"", ""40 print \""|s9hz\"""", ""50 print \""s9he\"";e"", ""60 print \""s9hd\"""", ""70 end"", ""cls"", ""run""]"
comma-07	U_GW	"{""codes"": [32, 32, 32, 57, 57, 57, 46, 53], ""end"": [0, 13], ""err"": 0}"	"[""new"", ""10 e=0:u$=chr$(95)"", ""15 on error goto 900"", ""900 e=err:resume 40"", ""20 print \""s9hb|\"";"", ""30 print using \""##,###.#\"";999.5;"", ""40 print \""|s9hz\"""", ""50 print \""s9he\"";e"", ""60 print \""s9hd\"""", ""70 end"", ""cls"", ""run""]"
comma-07	U_N88	"{""codes"": [32, 32, 32, 57, 57, 57, 46, 53], ""end"": [0, 13], ""err"": 0}"	"[""new"", ""10 e=0:u$=chr$(95)"", ""15 on error goto 900"", ""900 e=err:resume 40"", ""20 print \""s9hb|\"";"", ""30 print using \""##,###.#\"";999.5;"", ""40 print \""|s9hz\"""", ""50 print \""s9he\"";e"", ""60 print \""s9hd\"""", ""70 end"", ""cls"", ""run""]"
comma-08	U_GW	"{""codes"": [37, 49, 50, 51, 44, 52, 53, 54, 46, 48], ""end"": [0, 15], ""err"": 0}"	"[""new"", ""10 e=0:u$=chr$(95)"", ""15 on error goto 900"", ""900 e=err:resume 40"", ""20 print \""s9hb|\"";"", ""30 print using \""##,###.#\"";123456;"", ""40 print \""|s9hz\"""", ""50 print \""s9he\"";e"", ""60 print \""s9hd\"""", ""70 end"", ""cls"", ""run""]"
comma-08	U_N88	"{""codes"": [37, 49, 50, 51, 44, 52, 53, 54, 46, 48], ""end"": [0, 15], ""err"": 0}"	"[""new"", ""10 e=0:u$=chr$(95)"", ""15 on error goto 900"", ""900 e=err:resume 40"", ""20 print \""s9hb|\"";"", ""30 print using \""##,###.#\"";123456;"", ""40 print \""|s9hz\"""", ""50 print \""s9he\"";e"", ""60 print \""s9hd\"""", ""70 end"", ""cls"", ""run""]"
scientific-01	U_GW	"{""codes"": [32, 48, 46, 48, 48, 69, 43, 48, 48], ""end"": [0, 14], ""err"": 0}"	"[""new"", ""10 e=0:u$=chr$(95)"", ""15 on error goto 900"", ""900 e=err:resume 40"", ""20 print \""s9hb|\"";"", ""30 print using \""##.##^^^^\"";0;"", ""40 print \""|s9hz\"""", ""50 print \""s9he\"";e"", ""60 print \""s9hd\"""", ""70 end"", ""cls"", ""run""]"
scientific-01	U_N88	"{""codes"": [32, 48, 46, 48, 48, 69, 43, 48, 48], ""end"": [0, 14], ""err"": 0}"	"[""new"", ""10 e=0:u$=chr$(95)"", ""15 on error goto 900"", ""900 e=err:resume 40"", ""20 print \""s9hb|\"";"", ""30 print using \""##.##^^^^\"";0;"", ""40 print \""|s9hz\"""", ""50 print \""s9he\"";e"", ""60 print \""s9hd\"""", ""70 end"", ""cls"", ""run""]"
scientific-02	U_GW	"{""codes"": [32, 49, 46, 50, 48, 69, 43, 48, 49], ""end"": [0, 14], ""err"": 0}"	"[""new"", ""10 e=0:u$=chr$(95)"", ""15 on error goto 900"", ""900 e=err:resume 40"", ""20 print \""s9hb|\"";"", ""30 print using \""##.##^^^^\"";12;"", ""40 print \""|s9hz\"""", ""50 print \""s9he\"";e"", ""60 print \""s9hd\"""", ""70 end"", ""cls"", ""run""]"
scientific-02	U_N88	"{""codes"": [32, 49, 46, 50, 48, 69, 43, 48, 49], ""end"": [0, 14], ""err"": 0}"	"[""new"", ""10 e=0:u$=chr$(95)"", ""15 on error goto 900"", ""900 e=err:resume 40"", ""20 print \""s9hb|\"";"", ""30 print using \""##.##^^^^\"";12;"", ""40 print \""|s9hz\"""", ""50 print \""s9he\"";e"", ""60 print \""s9hd\"""", ""70 end"", ""cls"", ""run""]"
scientific-03	U_GW	"{""codes"": [45, 49, 46, 50, 48, 69, 43, 48, 49], ""end"": [0, 14], ""err"": 0}"	"[""new"", ""10 e=0:u$=chr$(95)"", ""15 on error goto 900"", ""900 e=err:resume 40"", ""20 print \""s9hb|\"";"", ""30 print using \""##.##^^^^\"";-12;"", ""40 print \""|s9hz\"""", ""50 print \""s9he\"";e"", ""60 print \""s9hd\"""", ""70 end"", ""cls"", ""run""]"
scientific-03	U_N88	"{""codes"": [45, 49, 46, 50, 48, 69, 43, 48, 49], ""end"": [0, 14], ""err"": 0}"	"[""new"", ""10 e=0:u$=chr$(95)"", ""15 on error goto 900"", ""900 e=err:resume 40"", ""20 print \""s9hb|\"";"", ""30 print using \""##.##^^^^\"";-12;"", ""40 print \""|s9hz\"""", ""50 print \""s9he\"";e"", ""60 print \""s9hd\"""", ""70 end"", ""cls"", ""run""]"
scientific-04	U_GW	"{""codes"": [32, 49, 46, 49, 51, 69, 43, 48, 48], ""end"": [0, 14], ""err"": 0}"	"[""new"", ""10 e=0:u$=chr$(95)"", ""15 on error goto 900"", ""900 e=err:resume 40"", ""20 print \""s9hb|\"";"", ""30 print using \""##.##^^^^\"";1.125;"", ""40 print \""|s9hz\"""", ""50 print \""s9he\"";e"", ""60 print \""s9hd\"""", ""70 end"", ""cls"", ""run""]"
scientific-04	U_N88	"{""codes"": [32, 49, 46, 49, 51, 69, 43, 48, 48], ""end"": [0, 14], ""err"": 0}"	"[""new"", ""10 e=0:u$=chr$(95)"", ""15 on error goto 900"", ""900 e=err:resume 40"", ""20 print \""s9hb|\"";"", ""30 print using \""##.##^^^^\"";1.125;"", ""40 print \""|s9hz\"""", ""50 print \""s9he\"";e"", ""60 print \""s9hd\"""", ""70 end"", ""cls"", ""run""]"
scientific-05	U_GW	"{""codes"": [32, 49, 46, 50, 53, 69, 43, 48, 48], ""end"": [0, 14], ""err"": 0}"	"[""new"", ""10 e=0:u$=chr$(95)"", ""15 on error goto 900"", ""900 e=err:resume 40"", ""20 print \""s9hb|\"";"", ""30 print using \""##.##^^^^\"";1.25;"", ""40 print \""|s9hz\"""", ""50 print \""s9he\"";e"", ""60 print \""s9hd\"""", ""70 end"", ""cls"", ""run""]"
scientific-05	U_N88	"{""codes"": [32, 49, 46, 50, 53, 69, 43, 48, 48], ""end"": [0, 14], ""err"": 0}"	"[""new"", ""10 e=0:u$=chr$(95)"", ""15 on error goto 900"", ""900 e=err:resume 40"", ""20 print \""s9hb|\"";"", ""30 print using \""##.##^^^^\"";1.25;"", ""40 print \""|s9hz\"""", ""50 print \""s9he\"";e"", ""60 print \""s9hd\"""", ""70 end"", ""cls"", ""run""]"
scientific-06	U_GW	"{""codes"": [45, 49, 46, 50, 53, 69, 43, 48, 48], ""end"": [0, 14], ""err"": 0}"	"[""new"", ""10 e=0:u$=chr$(95)"", ""15 on error goto 900"", ""900 e=err:resume 40"", ""20 print \""s9hb|\"";"", ""30 print using \""##.##^^^^\"";-1.25;"", ""40 print \""|s9hz\"""", ""50 print \""s9he\"";e"", ""60 print \""s9hd\"""", ""70 end"", ""cls"", ""run""]"
scientific-06	U_N88	"{""codes"": [45, 49, 46, 50, 53, 69, 43, 48, 48], ""end"": [0, 14], ""err"": 0}"	"[""new"", ""10 e=0:u$=chr$(95)"", ""15 on error goto 900"", ""900 e=err:resume 40"", ""20 print \""s9hb|\"";"", ""30 print using \""##.##^^^^\"";-1.25;"", ""40 print \""|s9hz\"""", ""50 print \""s9he\"";e"", ""60 print \""s9hd\"""", ""70 end"", ""cls"", ""run""]"
scientific-07	U_GW	"{""codes"": [32, 49, 46, 48, 48, 69, 43, 48, 51], ""end"": [0, 14], ""err"": 0}"	"[""new"", ""10 e=0:u$=chr$(95)"", ""15 on error goto 900"", ""900 e=err:resume 40"", ""20 print \""s9hb|\"";"", ""30 print using \""##.##^^^^\"";999.5;"", ""40 print \""|s9hz\"""", ""50 print \""s9he\"";e"", ""60 print \""s9hd\"""", ""70 end"", ""cls"", ""run""]"
scientific-07	U_N88	"{""codes"": [32, 49, 46, 48, 48, 69, 43, 48, 51], ""end"": [0, 14], ""err"": 0}"	"[""new"", ""10 e=0:u$=chr$(95)"", ""15 on error goto 900"", ""900 e=err:resume 40"", ""20 print \""s9hb|\"";"", ""30 print using \""##.##^^^^\"";999.5;"", ""40 print \""|s9hz\"""", ""50 print \""s9he\"";e"", ""60 print \""s9hd\"""", ""70 end"", ""cls"", ""run""]"
scientific-08	U_GW	"{""codes"": [32, 49, 46, 50, 51, 69, 43, 48, 53], ""end"": [0, 14], ""err"": 0}"	"[""new"", ""10 e=0:u$=chr$(95)"", ""15 on error goto 900"", ""900 e=err:resume 40"", ""20 print \""s9hb|\"";"", ""30 print using \""##.##^^^^\"";123456;"", ""40 print \""|s9hz\"""", ""50 print \""s9he\"";e"", ""60 print \""s9hd\"""", ""70 end"", ""cls"", ""run""]"
scientific-08	U_N88	"{""codes"": [32, 49, 46, 50, 51, 69, 43, 48, 53], ""end"": [0, 14], ""err"": 0}"	"[""new"", ""10 e=0:u$=chr$(95)"", ""15 on error goto 900"", ""900 e=err:resume 40"", ""20 print \""s9hb|\"";"", ""30 print using \""##.##^^^^\"";123456;"", ""40 print \""|s9hz\"""", ""50 print \""s9he\"";e"", ""60 print \""s9hd\"""", ""70 end"", ""cls"", ""run""]"
round-01	U_GW	"{""codes"": [32, 32, 51], ""end"": [0, 8], ""err"": 0}"	"[""new"", ""10 e=0:u$=chr$(95)"", ""15 on error goto 900"", ""900 e=err:resume 40"", ""20 print \""s9hb|\"";"", ""30 print using \""###\"";2.5;"", ""40 print \""|s9hz\"""", ""50 print \""s9he\"";e"", ""60 print \""s9hd\"""", ""70 end"", ""cls"", ""run""]"
round-01	U_N88	"{""codes"": [32, 32, 51], ""end"": [0, 8], ""err"": 0}"	"[""new"", ""10 e=0:u$=chr$(95)"", ""15 on error goto 900"", ""900 e=err:resume 40"", ""20 print \""s9hb|\"";"", ""30 print using \""###\"";2.5;"", ""40 print \""|s9hz\"""", ""50 print \""s9he\"";e"", ""60 print \""s9hd\"""", ""70 end"", ""cls"", ""run""]"
round-02	U_GW	"{""codes"": [32, 45, 51], ""end"": [0, 8], ""err"": 0}"	"[""new"", ""10 e=0:u$=chr$(95)"", ""15 on error goto 900"", ""900 e=err:resume 40"", ""20 print \""s9hb|\"";"", ""30 print using \""###\"";-2.5;"", ""40 print \""|s9hz\"""", ""50 print \""s9he\"";e"", ""60 print \""s9hd\"""", ""70 end"", ""cls"", ""run""]"
round-02	U_N88	"{""codes"": [32, 45, 51], ""end"": [0, 8], ""err"": 0}"	"[""new"", ""10 e=0:u$=chr$(95)"", ""15 on error goto 900"", ""900 e=err:resume 40"", ""20 print \""s9hb|\"";"", ""30 print using \""###\"";-2.5;"", ""40 print \""|s9hz\"""", ""50 print \""s9he\"";e"", ""60 print \""s9hd\"""", ""70 end"", ""cls"", ""run""]"
round-03	U_GW	"{""codes"": [32, 49, 46, 49], ""end"": [0, 9], ""err"": 0}"	"[""new"", ""10 e=0:u$=chr$(95)"", ""15 on error goto 900"", ""900 e=err:resume 40"", ""20 print \""s9hb|\"";"", ""30 print using \""##.#\"";1.0625;"", ""40 print \""|s9hz\"""", ""50 print \""s9he\"";e"", ""60 print \""s9hd\"""", ""70 end"", ""cls"", ""run""]"
round-03	U_N88	"{""codes"": [32, 49, 46, 49], ""end"": [0, 9], ""err"": 0}"	"[""new"", ""10 e=0:u$=chr$(95)"", ""15 on error goto 900"", ""900 e=err:resume 40"", ""20 print \""s9hb|\"";"", ""30 print using \""##.#\"";1.0625;"", ""40 print \""|s9hz\"""", ""50 print \""s9he\"";e"", ""60 print \""s9hd\"""", ""70 end"", ""cls"", ""run""]"
round-04	U_GW	"{""codes"": [32, 49, 46, 50], ""end"": [0, 9], ""err"": 0}"	"[""new"", ""10 e=0:u$=chr$(95)"", ""15 on error goto 900"", ""900 e=err:resume 40"", ""20 print \""s9hb|\"";"", ""30 print using \""##.#\"";1.1875;"", ""40 print \""|s9hz\"""", ""50 print \""s9he\"";e"", ""60 print \""s9hd\"""", ""70 end"", ""cls"", ""run""]"
round-04	U_N88	"{""codes"": [32, 49, 46, 50], ""end"": [0, 9], ""err"": 0}"	"[""new"", ""10 e=0:u$=chr$(95)"", ""15 on error goto 900"", ""900 e=err:resume 40"", ""20 print \""s9hb|\"";"", ""30 print using \""##.#\"";1.1875;"", ""40 print \""|s9hz\"""", ""50 print \""s9he\"";e"", ""60 print \""s9hd\"""", ""70 end"", ""cls"", ""run""]"
scientific-double	U_GW	"{""codes"": [32, 49, 46, 50, 53, 68, 43, 48, 49], ""end"": [0, 14], ""err"": 0}"	"[""new"", ""10 e=0:u$=chr$(95)"", ""15 on error goto 900"", ""900 e=err:resume 40"", ""20 print \""s9hb|\"";"", ""30 print using \""##.##^^^^\"";12.5#;"", ""40 print \""|s9hz\"""", ""50 print \""s9he\"";e"", ""60 print \""s9hd\"""", ""70 end"", ""cls"", ""run""]"
scientific-double	U_N88	"{""codes"": [32, 49, 46, 50, 53, 68, 43, 48, 49], ""end"": [0, 14], ""err"": 0}"	"[""new"", ""10 e=0:u$=chr$(95)"", ""15 on error goto 900"", ""900 e=err:resume 40"", ""20 print \""s9hb|\"";"", ""30 print using \""##.##^^^^\"";12.5#;"", ""40 print \""|s9hz\"""", ""50 print \""s9he\"";e"", ""60 print \""s9hd\"""", ""70 end"", ""cls"", ""run""]"
bang-01	U_GW	"{""codes"": [32], ""end"": [0, 6], ""err"": 0}"	"[""new"", ""10 e=0:u$=chr$(95)"", ""15 on error goto 900"", ""900 e=err:resume 40"", ""20 print \""s9hb|\"";"", ""30 print using \""!\"";\""\"";"", ""40 print \""|s9hz\"""", ""50 print \""s9he\"";e"", ""60 print \""s9hd\"""", ""70 end"", ""cls"", ""run""]"
bang-01	U_N88	"{""codes"": [32], ""end"": [0, 6], ""err"": 0}"	"[""new"", ""10 e=0:u$=chr$(95)"", ""15 on error goto 900"", ""900 e=err:resume 40"", ""20 print \""s9hb|\"";"", ""30 print using \""!\"";\""\"";"", ""40 print \""|s9hz\"""", ""50 print \""s9he\"";e"", ""60 print \""s9hd\"""", ""70 end"", ""cls"", ""run""]"
bang-02	U_GW	"{""codes"": [97], ""end"": [0, 6], ""err"": 0}"	"[""new"", ""10 e=0:u$=chr$(95)"", ""15 on error goto 900"", ""900 e=err:resume 40"", ""20 print \""s9hb|\"";"", ""30 print using \""!\"";\""a\"";"", ""40 print \""|s9hz\"""", ""50 print \""s9he\"";e"", ""60 print \""s9hd\"""", ""70 end"", ""cls"", ""run""]"
bang-02	U_N88	"{""codes"": [97], ""end"": [0, 6], ""err"": 0}"	"[""new"", ""10 e=0:u$=chr$(95)"", ""15 on error goto 900"", ""900 e=err:resume 40"", ""20 print \""s9hb|\"";"", ""30 print using \""!\"";\""a\"";"", ""40 print \""|s9hz\"""", ""50 print \""s9he\"";e"", ""60 print \""s9hd\"""", ""70 end"", ""cls"", ""run""]"
bang-03	U_GW	"{""codes"": [97], ""end"": [0, 6], ""err"": 0}"	"[""new"", ""10 e=0:u$=chr$(95)"", ""15 on error goto 900"", ""900 e=err:resume 40"", ""20 print \""s9hb|\"";"", ""30 print using \""!\"";\""abcde\"";"", ""40 print \""|s9hz\"""", ""50 print \""s9he\"";e"", ""60 print \""s9hd\"""", ""70 end"", ""cls"", ""run""]"
bang-03	U_N88	"{""codes"": [97], ""end"": [0, 6], ""err"": 0}"	"[""new"", ""10 e=0:u$=chr$(95)"", ""15 on error goto 900"", ""900 e=err:resume 40"", ""20 print \""s9hb|\"";"", ""30 print using \""!\"";\""abcde\"";"", ""40 print \""|s9hz\"""", ""50 print \""s9he\"";e"", ""60 print \""s9hd\"""", ""70 end"", ""cls"", ""run""]"
amp-01	U_GW	"{""codes"": [], ""end"": [0, 5], ""err"": 0}"	"[""new"", ""10 e=0:u$=chr$(95)"", ""15 on error goto 900"", ""900 e=err:resume 40"", ""20 print \""s9hb|\"";"", ""30 print using \""&\"";\""\"";"", ""40 print \""|s9hz\"""", ""50 print \""s9he\"";e"", ""60 print \""s9hd\"""", ""70 end"", ""cls"", ""run""]"
amp-01	U_N88	"{""codes"": [38], ""end"": [0, 6], ""err"": 5}"	"[""new"", ""10 e=0:u$=chr$(95)"", ""15 on error goto 900"", ""900 e=err:resume 40"", ""20 print \""s9hb|\"";"", ""30 print using \""&\"";\""\"";"", ""40 print \""|s9hz\"""", ""50 print \""s9he\"";e"", ""60 print \""s9hd\"""", ""70 end"", ""cls"", ""run""]"
amp-02	U_GW	"{""codes"": [97], ""end"": [0, 6], ""err"": 0}"	"[""new"", ""10 e=0:u$=chr$(95)"", ""15 on error goto 900"", ""900 e=err:resume 40"", ""20 print \""s9hb|\"";"", ""30 print using \""&\"";\""a\"";"", ""40 print \""|s9hz\"""", ""50 print \""s9he\"";e"", ""60 print \""s9hd\"""", ""70 end"", ""cls"", ""run""]"
amp-02	U_N88	"{""codes"": [38], ""end"": [0, 6], ""err"": 5}"	"[""new"", ""10 e=0:u$=chr$(95)"", ""15 on error goto 900"", ""900 e=err:resume 40"", ""20 print \""s9hb|\"";"", ""30 print using \""&\"";\""a\"";"", ""40 print \""|s9hz\"""", ""50 print \""s9he\"";e"", ""60 print \""s9hd\"""", ""70 end"", ""cls"", ""run""]"
amp-03	U_GW	"{""codes"": [97, 98, 99, 100, 101], ""end"": [0, 10], ""err"": 0}"	"[""new"", ""10 e=0:u$=chr$(95)"", ""15 on error goto 900"", ""900 e=err:resume 40"", ""20 print \""s9hb|\"";"", ""30 print using \""&\"";\""abcde\"";"", ""40 print \""|s9hz\"""", ""50 print \""s9he\"";e"", ""60 print \""s9hd\"""", ""70 end"", ""cls"", ""run""]"
amp-03	U_N88	"{""codes"": [38], ""end"": [0, 6], ""err"": 5}"	"[""new"", ""10 e=0:u$=chr$(95)"", ""15 on error goto 900"", ""900 e=err:resume 40"", ""20 print \""s9hb|\"";"", ""30 print using \""&\"";\""abcde\"";"", ""40 print \""|s9hz\"""", ""50 print \""s9he\"";e"", ""60 print \""s9hd\"""", ""70 end"", ""cls"", ""run""]"
slash2-01	U_GW	"{""codes"": [32, 32], ""end"": [0, 7], ""err"": 0}"	"[""new"", ""10 e=0:u$=chr$(95)"", ""15 on error goto 900"", ""900 e=err:resume 40"", ""20 print \""s9hb|\"";"", ""30 print using \""\\\\\"";\""\"";"", ""40 print \""|s9hz\"""", ""50 print \""s9he\"";e"", ""60 print \""s9hd\"""", ""70 end"", ""cls"", ""run""]"
slash2-01	U_N88	"{""codes"": [], ""end"": [0, 5], ""err"": 13}"	"[""new"", ""10 e=0:u$=chr$(95)"", ""15 on error goto 900"", ""900 e=err:resume 40"", ""20 print \""s9hb|\"";"", ""30 print using \""\\\\\"";\""\"";"", ""40 print \""|s9hz\"""", ""50 print \""s9he\"";e"", ""60 print \""s9hd\"""", ""70 end"", ""cls"", ""run""]"
slash2-02	U_GW	"{""codes"": [97, 32], ""end"": [0, 7], ""err"": 0}"	"[""new"", ""10 e=0:u$=chr$(95)"", ""15 on error goto 900"", ""900 e=err:resume 40"", ""20 print \""s9hb|\"";"", ""30 print using \""\\\\\"";\""a\"";"", ""40 print \""|s9hz\"""", ""50 print \""s9he\"";e"", ""60 print \""s9hd\"""", ""70 end"", ""cls"", ""run""]"
slash2-02	U_N88	"{""codes"": [], ""end"": [0, 5], ""err"": 13}"	"[""new"", ""10 e=0:u$=chr$(95)"", ""15 on error goto 900"", ""900 e=err:resume 40"", ""20 print \""s9hb|\"";"", ""30 print using \""\\\\\"";\""a\"";"", ""40 print \""|s9hz\"""", ""50 print \""s9he\"";e"", ""60 print \""s9hd\"""", ""70 end"", ""cls"", ""run""]"
slash2-03	U_GW	"{""codes"": [97, 98], ""end"": [0, 7], ""err"": 0}"	"[""new"", ""10 e=0:u$=chr$(95)"", ""15 on error goto 900"", ""900 e=err:resume 40"", ""20 print \""s9hb|\"";"", ""30 print using \""\\\\\"";\""abcde\"";"", ""40 print \""|s9hz\"""", ""50 print \""s9he\"";e"", ""60 print \""s9hd\"""", ""70 end"", ""cls"", ""run""]"
slash2-03	U_N88	"{""codes"": [], ""end"": [0, 5], ""err"": 13}"	"[""new"", ""10 e=0:u$=chr$(95)"", ""15 on error goto 900"", ""900 e=err:resume 40"", ""20 print \""s9hb|\"";"", ""30 print using \""\\\\\"";\""abcde\"";"", ""40 print \""|s9hz\"""", ""50 print \""s9he\"";e"", ""60 print \""s9hd\"""", ""70 end"", ""cls"", ""run""]"
slash4-01	U_GW	"{""codes"": [32, 32, 32, 32], ""end"": [0, 9], ""err"": 0}"	"[""new"", ""10 e=0:u$=chr$(95)"", ""15 on error goto 900"", ""900 e=err:resume 40"", ""20 print \""s9hb|\"";"", ""30 print using \""\\  \\\"";\""\"";"", ""40 print \""|s9hz\"""", ""50 print \""s9he\"";e"", ""60 print \""s9hd\"""", ""70 end"", ""cls"", ""run""]"
slash4-01	U_N88	"{""codes"": [92, 32, 32, 92], ""end"": [0, 9], ""err"": 5}"	"[""new"", ""10 e=0:u$=chr$(95)"", ""15 on error goto 900"", ""900 e=err:resume 40"", ""20 print \""s9hb|\"";"", ""30 print using \""\\  \\\"";\""\"";"", ""40 print \""|s9hz\"""", ""50 print \""s9he\"";e"", ""60 print \""s9hd\"""", ""70 end"", ""cls"", ""run""]"
slash4-02	U_GW	"{""codes"": [97, 32, 32, 32], ""end"": [0, 9], ""err"": 0}"	"[""new"", ""10 e=0:u$=chr$(95)"", ""15 on error goto 900"", ""900 e=err:resume 40"", ""20 print \""s9hb|\"";"", ""30 print using \""\\  \\\"";\""a\"";"", ""40 print \""|s9hz\"""", ""50 print \""s9he\"";e"", ""60 print \""s9hd\"""", ""70 end"", ""cls"", ""run""]"
slash4-02	U_N88	"{""codes"": [92, 32, 32, 92], ""end"": [0, 9], ""err"": 5}"	"[""new"", ""10 e=0:u$=chr$(95)"", ""15 on error goto 900"", ""900 e=err:resume 40"", ""20 print \""s9hb|\"";"", ""30 print using \""\\  \\\"";\""a\"";"", ""40 print \""|s9hz\"""", ""50 print \""s9he\"";e"", ""60 print \""s9hd\"""", ""70 end"", ""cls"", ""run""]"
slash4-03	U_GW	"{""codes"": [97, 98, 99, 100], ""end"": [0, 9], ""err"": 0}"	"[""new"", ""10 e=0:u$=chr$(95)"", ""15 on error goto 900"", ""900 e=err:resume 40"", ""20 print \""s9hb|\"";"", ""30 print using \""\\  \\\"";\""abcde\"";"", ""40 print \""|s9hz\"""", ""50 print \""s9he\"";e"", ""60 print \""s9hd\"""", ""70 end"", ""cls"", ""run""]"
slash4-03	U_N88	"{""codes"": [92, 32, 32, 92], ""end"": [0, 9], ""err"": 5}"	"[""new"", ""10 e=0:u$=chr$(95)"", ""15 on error goto 900"", ""900 e=err:resume 40"", ""20 print \""s9hb|\"";"", ""30 print using \""\\  \\\"";\""abcde\"";"", ""40 print \""|s9hz\"""", ""50 print \""s9he\"";e"", ""60 print \""s9hd\"""", ""70 end"", ""cls"", ""run""]"
amp4-01	U_GW	"{""codes"": [32, 32], ""end"": [0, 7], ""err"": 0}"	"[""new"", ""10 e=0:u$=chr$(95)"", ""15 on error goto 900"", ""900 e=err:resume 40"", ""20 print \""s9hb|\"";"", ""30 print using \""&  &\"";\""\"";"", ""40 print \""|s9hz\"""", ""50 print \""s9he\"";e"", ""60 print \""s9hd\"""", ""70 end"", ""cls"", ""run""]"
amp4-01	U_N88	"{""codes"": [32, 32, 32, 32], ""end"": [0, 9], ""err"": 0}"	"[""new"", ""10 e=0:u$=chr$(95)"", ""15 on error goto 900"", ""900 e=err:resume 40"", ""20 print \""s9hb|\"";"", ""30 print using \""&  &\"";\""\"";"", ""40 print \""|s9hz\"""", ""50 print \""s9he\"";e"", ""60 print \""s9hd\"""", ""70 end"", ""cls"", ""run""]"
amp4-02	U_GW	"{""codes"": [97, 32, 32], ""end"": [0, 8], ""err"": 0}"	"[""new"", ""10 e=0:u$=chr$(95)"", ""15 on error goto 900"", ""900 e=err:resume 40"", ""20 print \""s9hb|\"";"", ""30 print using \""&  &\"";\""a\"";"", ""40 print \""|s9hz\"""", ""50 print \""s9he\"";e"", ""60 print \""s9hd\"""", ""70 end"", ""cls"", ""run""]"
amp4-02	U_N88	"{""codes"": [97, 32, 32, 32], ""end"": [0, 9], ""err"": 0}"	"[""new"", ""10 e=0:u$=chr$(95)"", ""15 on error goto 900"", ""900 e=err:resume 40"", ""20 print \""s9hb|\"";"", ""30 print using \""&  &\"";\""a\"";"", ""40 print \""|s9hz\"""", ""50 print \""s9he\"";e"", ""60 print \""s9hd\"""", ""70 end"", ""cls"", ""run""]"
amp4-03	U_GW	"{""codes"": [97, 98, 99, 100, 101, 32, 32], ""end"": [0, 12], ""err"": 0}"	"[""new"", ""10 e=0:u$=chr$(95)"", ""15 on error goto 900"", ""900 e=err:resume 40"", ""20 print \""s9hb|\"";"", ""30 print using \""&  &\"";\""abcde\"";"", ""40 print \""|s9hz\"""", ""50 print \""s9he\"";e"", ""60 print \""s9hd\"""", ""70 end"", ""cls"", ""run""]"
amp4-03	U_N88	"{""codes"": [97, 98, 99, 100], ""end"": [0, 9], ""err"": 0}"	"[""new"", ""10 e=0:u$=chr$(95)"", ""15 on error goto 900"", ""900 e=err:resume 40"", ""20 print \""s9hb|\"";"", ""30 print using \""&  &\"";\""abcde\"";"", ""40 print \""|s9hz\"""", ""50 print \""s9he\"";e"", ""60 print \""s9hd\"""", ""70 end"", ""cls"", ""run""]"
at-01	U_GW	"{""codes"": [64], ""end"": [0, 6], ""err"": 5}"	"[""new"", ""10 e=0:u$=chr$(95)"", ""15 on error goto 900"", ""900 e=err:resume 40"", ""20 print \""s9hb|\"";"", ""30 print using \""\""+chr$(64)+\""\"";\""\"";"", ""40 print \""|s9hz\"""", ""50 print \""s9he\"";e"", ""60 print \""s9hd\"""", ""70 end"", ""cls"", ""run""]"
at-01	U_N88	"{""codes"": [], ""end"": [0, 5], ""err"": 0}"	"[""new"", ""10 e=0:u$=chr$(95)"", ""15 on error goto 900"", ""900 e=err:resume 40"", ""20 print \""s9hb|\"";"", ""30 print using \""\""+chr$(64)+\""\"";\""\"";"", ""40 print \""|s9hz\"""", ""50 print \""s9he\"";e"", ""60 print \""s9hd\"""", ""70 end"", ""cls"", ""run""]"
at-02	U_GW	"{""codes"": [64], ""end"": [0, 6], ""err"": 5}"	"[""new"", ""10 e=0:u$=chr$(95)"", ""15 on error goto 900"", ""900 e=err:resume 40"", ""20 print \""s9hb|\"";"", ""30 print using \""\""+chr$(64)+\""\"";\""a\"";"", ""40 print \""|s9hz\"""", ""50 print \""s9he\"";e"", ""60 print \""s9hd\"""", ""70 end"", ""cls"", ""run""]"
at-02	U_N88	"{""codes"": [97], ""end"": [0, 6], ""err"": 0}"	"[""new"", ""10 e=0:u$=chr$(95)"", ""15 on error goto 900"", ""900 e=err:resume 40"", ""20 print \""s9hb|\"";"", ""30 print using \""\""+chr$(64)+\""\"";\""a\"";"", ""40 print \""|s9hz\"""", ""50 print \""s9he\"";e"", ""60 print \""s9hd\"""", ""70 end"", ""cls"", ""run""]"
at-03	U_GW	"{""codes"": [64], ""end"": [0, 6], ""err"": 5}"	"[""new"", ""10 e=0:u$=chr$(95)"", ""15 on error goto 900"", ""900 e=err:resume 40"", ""20 print \""s9hb|\"";"", ""30 print using \""\""+chr$(64)+\""\"";\""abcde\"";"", ""40 print \""|s9hz\"""", ""50 print \""s9he\"";e"", ""60 print \""s9hd\"""", ""70 end"", ""cls"", ""run""]"
at-03	U_N88	"{""codes"": [97, 98, 99, 100, 101], ""end"": [0, 10], ""err"": 0}"	"[""new"", ""10 e=0:u$=chr$(95)"", ""15 on error goto 900"", ""900 e=err:resume 40"", ""20 print \""s9hb|\"";"", ""30 print using \""\""+chr$(64)+\""\"";\""abcde\"";"", ""40 print \""|s9hz\"""", ""50 print \""s9he\"";e"", ""60 print \""s9hd\"""", ""70 end"", ""cls"", ""run""]"
yen-01	U_GW	"{""codes"": [], ""end"": [0, 5], ""err"": 13}"	"[""new"", ""10 e=0:u$=chr$(95)"", ""15 on error goto 900"", ""900 e=err:resume 40"", ""20 print \""s9hb|\"";"", ""30 print using \""\\\\###.#\"";0;"", ""40 print \""|s9hz\"""", ""50 print \""s9he\"";e"", ""60 print \""s9hd\"""", ""70 end"", ""cls"", ""run""]"
yen-01	U_N88	"{""codes"": [32, 32, 32, 92, 48, 46, 48], ""end"": [0, 12], ""err"": 0}"	"[""new"", ""10 e=0:u$=chr$(95)"", ""15 on error goto 900"", ""900 e=err:resume 40"", ""20 print \""s9hb|\"";"", ""30 print using \""\\\\###.#\"";0;"", ""40 print \""|s9hz\"""", ""50 print \""s9he\"";e"", ""60 print \""s9hd\"""", ""70 end"", ""cls"", ""run""]"
yen-02	U_GW	"{""codes"": [], ""end"": [0, 5], ""err"": 13}"	"[""new"", ""10 e=0:u$=chr$(95)"", ""15 on error goto 900"", ""900 e=err:resume 40"", ""20 print \""s9hb|\"";"", ""30 print using \""\\\\###.#\"";12;"", ""40 print \""|s9hz\"""", ""50 print \""s9he\"";e"", ""60 print \""s9hd\"""", ""70 end"", ""cls"", ""run""]"
yen-02	U_N88	"{""codes"": [32, 32, 92, 49, 50, 46, 48], ""end"": [0, 12], ""err"": 0}"	"[""new"", ""10 e=0:u$=chr$(95)"", ""15 on error goto 900"", ""900 e=err:resume 40"", ""20 print \""s9hb|\"";"", ""30 print using \""\\\\###.#\"";12;"", ""40 print \""|s9hz\"""", ""50 print \""s9he\"";e"", ""60 print \""s9hd\"""", ""70 end"", ""cls"", ""run""]"
yen-03	U_GW	"{""codes"": [], ""end"": [0, 5], ""err"": 13}"	"[""new"", ""10 e=0:u$=chr$(95)"", ""15 on error goto 900"", ""900 e=err:resume 40"", ""20 print \""s9hb|\"";"", ""30 print using \""\\\\###.#\"";-12;"", ""40 print \""|s9hz\"""", ""50 print \""s9he\"";e"", ""60 print \""s9hd\"""", ""70 end"", ""cls"", ""run""]"
yen-03	U_N88	"{""codes"": [32, 45, 92, 49, 50, 46, 48], ""end"": [0, 12], ""err"": 0}"	"[""new"", ""10 e=0:u$=chr$(95)"", ""15 on error goto 900"", ""900 e=err:resume 40"", ""20 print \""s9hb|\"";"", ""30 print using \""\\\\###.#\"";-12;"", ""40 print \""|s9hz\"""", ""50 print \""s9he\"";e"", ""60 print \""s9hd\"""", ""70 end"", ""cls"", ""run""]"
staryen-01	U_GW	"{""codes"": [42, 48, 92], ""end"": [0, 8], ""err"": 0}"	"[""new"", ""10 e=0:u$=chr$(95)"", ""15 on error goto 900"", ""900 e=err:resume 40"", ""20 print \""s9hb|\"";"", ""30 print using \""**\\###.#\"";0;"", ""40 print \""|s9hz\"""", ""50 print \""s9he\"";e"", ""60 print \""s9hd\"""", ""70 end"", ""cls"", ""run""]"
staryen-01	U_N88	"{""codes"": [42, 42, 42, 42, 92, 48, 46, 48], ""end"": [0, 13], ""err"": 0}"	"[""new"", ""10 e=0:u$=chr$(95)"", ""15 on error goto 900"", ""900 e=err:resume 40"", ""20 print \""s9hb|\"";"", ""30 print using \""**\\###.#\"";0;"", ""40 print \""|s9hz\"""", ""50 print \""s9he\"";e"", ""60 print \""s9hd\"""", ""70 end"", ""cls"", ""run""]"
staryen-02	U_GW	"{""codes"": [49, 50, 92], ""end"": [0, 8], ""err"": 0}"	"[""new"", ""10 e=0:u$=chr$(95)"", ""15 on error goto 900"", ""900 e=err:resume 40"", ""20 print \""s9hb|\"";"", ""30 print using \""**\\###.#\"";12;"", ""40 print \""|s9hz\"""", ""50 print \""s9he\"";e"", ""60 print \""s9hd\"""", ""70 end"", ""cls"", ""run""]"
staryen-02	U_N88	"{""codes"": [42, 42, 42, 92, 49, 50, 46, 48], ""end"": [0, 13], ""err"": 0}"	"[""new"", ""10 e=0:u$=chr$(95)"", ""15 on error goto 900"", ""900 e=err:resume 40"", ""20 print \""s9hb|\"";"", ""30 print using \""**\\###.#\"";12;"", ""40 print \""|s9hz\"""", ""50 print \""s9he\"";e"", ""60 print \""s9hd\"""", ""70 end"", ""cls"", ""run""]"
staryen-03	U_GW	"{""codes"": [37, 45, 49, 50, 92], ""end"": [0, 10], ""err"": 0}"	"[""new"", ""10 e=0:u$=chr$(95)"", ""15 on error goto 900"", ""900 e=err:resume 40"", ""20 print \""s9hb|\"";"", ""30 print using \""**\\###.#\"";-12;"", ""40 print \""|s9hz\"""", ""50 print \""s9he\"";e"", ""60 print \""s9hd\"""", ""70 end"", ""cls"", ""run""]"
staryen-03	U_N88	"{""codes"": [42, 42, 45, 92, 49, 50, 46, 48], ""end"": [0, 13], ""err"": 0}"	"[""new"", ""10 e=0:u$=chr$(95)"", ""15 on error goto 900"", ""900 e=err:resume 40"", ""20 print \""s9hb|\"";"", ""30 print using \""**\\###.#\"";-12;"", ""40 print \""|s9hz\"""", ""50 print \""s9he\"";e"", ""60 print \""s9hd\"""", ""70 end"", ""cls"", ""run""]"
repeat-semi	U_GW	"{""codes"": [91, 32, 49, 93, 91, 32, 50, 93, 91, 45, 51, 93], ""end"": [0, 17], ""err"": 0}"	"[""new"", ""10 e=0:u$=chr$(95)"", ""15 on error goto 900"", ""900 e=err:resume 40"", ""20 print \""s9hb|\"";"", ""30 print using \""[##]\"";1;2;-3;"", ""40 print \""|s9hz\"""", ""50 print \""s9he\"";e"", ""60 print \""s9hd\"""", ""70 end"", ""cls"", ""run""]"
repeat-semi	U_N88	"{""codes"": [91, 32, 49, 93, 91, 32, 50, 93, 91, 45, 51, 93], ""end"": [0, 17], ""err"": 0}"	"[""new"", ""10 e=0:u$=chr$(95)"", ""15 on error goto 900"", ""900 e=err:resume 40"", ""20 print \""s9hb|\"";"", ""30 print using \""[##]\"";1;2;-3;"", ""40 print \""|s9hz\"""", ""50 print \""s9he\"";e"", ""60 print \""s9hd\"""", ""70 end"", ""cls"", ""run""]"
mixed-semi	U_GW	"{""codes"": [97, 47, 32, 50, 59, 99, 47, 32, 51, 59], ""end"": [0, 15], ""err"": 0}"	"[""new"", ""10 e=0:u$=chr$(95)"", ""15 on error goto 900"", ""900 e=err:resume 40"", ""20 print \""s9hb|\"";"", ""30 print using \""!/##;\"";\""ab\"";2;\""cd\"";3;"", ""40 print \""|s9hz\"""", ""50 print \""s9he\"";e"", ""60 print \""s9hd\"""", ""70 end"", ""cls"", ""run""]"
mixed-semi	U_N88	"{""codes"": [97, 47, 32, 50, 59, 99, 47, 32, 51, 59], ""end"": [0, 15], ""err"": 0}"	"[""new"", ""10 e=0:u$=chr$(95)"", ""15 on error goto 900"", ""900 e=err:resume 40"", ""20 print \""s9hb|\"";"", ""30 print using \""!/##;\"";\""ab\"";2;\""cd\"";3;"", ""40 print \""|s9hz\"""", ""50 print \""s9he\"";e"", ""60 print \""s9hd\"""", ""70 end"", ""cls"", ""run""]"
repeat-comma	U_GW	"{""codes"": [91, 32, 49, 93, 91, 32, 50, 93, 91, 45, 51, 93], ""end"": [0, 17], ""err"": 0}"	"[""new"", ""10 e=0:u$=chr$(95)"", ""15 on error goto 900"", ""900 e=err:resume 40"", ""20 print \""s9hb|\"";"", ""30 print using \""[##]\"";1,2,-3;"", ""40 print \""|s9hz\"""", ""50 print \""s9he\"";e"", ""60 print \""s9hd\"""", ""70 end"", ""cls"", ""run""]"
repeat-comma	U_N88	"{""codes"": [91, 32, 49, 93, 91, 32, 50, 93, 91, 45, 51, 93], ""end"": [0, 17], ""err"": 0}"	"[""new"", ""10 e=0:u$=chr$(95)"", ""15 on error goto 900"", ""900 e=err:resume 40"", ""20 print \""s9hb|\"";"", ""30 print using \""[##]\"";1,2,-3;"", ""40 print \""|s9hz\"""", ""50 print \""s9he\"";e"", ""60 print \""s9hd\"""", ""70 end"", ""cls"", ""run""]"
mixed-comma	U_GW	"{""codes"": [97, 47, 32, 50, 59, 99, 47, 32, 51, 59], ""end"": [0, 15], ""err"": 0}"	"[""new"", ""10 e=0:u$=chr$(95)"", ""15 on error goto 900"", ""900 e=err:resume 40"", ""20 print \""s9hb|\"";"", ""30 print using \""!/##;\"";\""ab\"",2,\""cd\"",3;"", ""40 print \""|s9hz\"""", ""50 print \""s9he\"";e"", ""60 print \""s9hd\"""", ""70 end"", ""cls"", ""run""]"
mixed-comma	U_N88	"{""codes"": [97, 47, 32, 50, 59, 99, 47, 32, 51, 59], ""end"": [0, 15], ""err"": 0}"	"[""new"", ""10 e=0:u$=chr$(95)"", ""15 on error goto 900"", ""900 e=err:resume 40"", ""20 print \""s9hb|\"";"", ""30 print using \""!/##;\"";\""ab\"",2,\""cd\"",3;"", ""40 print \""|s9hz\"""", ""50 print \""s9he\"";e"", ""60 print \""s9hd\"""", ""70 end"", ""cls"", ""run""]"
tail-newline	U_GW	"{""codes"": [32, 49, 120, 32, 32, 32, 32, 32, 32, 32, 32, 32, 32, 32, 32, 32, 32, 32, 32, 32, 32, 32, 32, 32, 32, 32, 32, 32, 32, 32, 32, 32, 32, 32, 32, 32, 32, 32, 32, 32, 32, 32, 32, 32, 32, 32, 32, 32, 32, 32, 32, 32, 32, 32, 32, 32, 32, 32, 32, 32, 32, 32, 32, 32, 32, 32, 32, 32, 32, 32, 32, 32, 32, 32, 32], ""end"": [1, 0], ""err"": 0}"	"[""new"", ""10 e=0:u$=chr$(95)"", ""15 on error goto 900"", ""900 e=err:resume 40"", ""20 print \""s9hb|\"";"", ""30 print using \""##x \"";1"", ""40 print \""|s9hz\"""", ""50 print \""s9he\"";e"", ""60 print \""s9hd\"""", ""70 end"", ""cls"", ""run""]"
tail-newline	U_N88	"{""codes"": [32, 49, 120, 32, 32, 32, 32, 32, 32, 32, 32, 32, 32, 32, 32, 32, 32, 32, 32, 32, 32, 32, 32, 32, 32, 32, 32, 32, 32, 32, 32, 32, 32, 32, 32, 32, 32, 32, 32, 32, 32, 32, 32, 32, 32, 32, 32, 32, 32, 32, 32, 32, 32, 32, 32, 32, 32, 32, 32, 32, 32, 32, 32, 32, 32, 32, 32, 32, 32, 32, 32, 32, 32, 32, 32], ""end"": [1, 0], ""err"": 0}"	"[""new"", ""10 e=0:u$=chr$(95)"", ""15 on error goto 900"", ""900 e=err:resume 40"", ""20 print \""s9hb|\"";"", ""30 print using \""##x \"";1"", ""40 print \""|s9hz\"""", ""50 print \""s9he\"";e"", ""60 print \""s9hd\"""", ""70 end"", ""cls"", ""run""]"
tail-semi	U_GW	"{""codes"": [32, 49, 120, 32], ""end"": [0, 9], ""err"": 0}"	"[""new"", ""10 e=0:u$=chr$(95)"", ""15 on error goto 900"", ""900 e=err:resume 40"", ""20 print \""s9hb|\"";"", ""30 print using \""##x \"";1;"", ""40 print \""|s9hz\"""", ""50 print \""s9he\"";e"", ""60 print \""s9hd\"""", ""70 end"", ""cls"", ""run""]"
tail-semi	U_N88	"{""codes"": [32, 49, 120, 32], ""end"": [0, 9], ""err"": 0}"	"[""new"", ""10 e=0:u$=chr$(95)"", ""15 on error goto 900"", ""900 e=err:resume 40"", ""20 print \""s9hb|\"";"", ""30 print using \""##x \"";1;"", ""40 print \""|s9hz\"""", ""50 print \""s9he\"";e"", ""60 print \""s9hd\"""", ""70 end"", ""cls"", ""run""]"
tail-comma	U_GW	"{""codes"": [32, 49, 120, 32], ""end"": [0, 9], ""err"": 0}"	"[""new"", ""10 e=0:u$=chr$(95)"", ""15 on error goto 900"", ""900 e=err:resume 40"", ""20 print \""s9hb|\"";"", ""30 print using \""##x \"";1,"", ""40 print \""|s9hz\"""", ""50 print \""s9he\"";e"", ""60 print \""s9hd\"""", ""70 end"", ""cls"", ""run""]"
tail-comma	U_N88	"{""codes"": [32, 49, 120, 32], ""end"": [0, 9], ""err"": 0}"	"[""new"", ""10 e=0:u$=chr$(95)"", ""15 on error goto 900"", ""900 e=err:resume 40"", ""20 print \""s9hb|\"";"", ""30 print using \""##x \"";1,"", ""40 print \""|s9hz\"""", ""50 print \""s9he\"";e"", ""60 print \""s9hd\"""", ""70 end"", ""cls"", ""run""]"
literal-01	U_GW	"{""codes"": [97, 98, 99, 32, 49, 120, 121, 122], ""end"": [0, 13], ""err"": 0}"	"[""new"", ""10 e=0:u$=chr$(95)"", ""15 on error goto 900"", ""900 e=err:resume 40"", ""20 print \""s9hb|\"";"", ""30 print using \""abc##xyz\"";1.25;"", ""40 print \""|s9hz\"""", ""50 print \""s9he\"";e"", ""60 print \""s9hd\"""", ""70 end"", ""cls"", ""run""]"
literal-01	U_N88	"{""codes"": [97, 98, 99, 32, 49, 120, 121, 122], ""end"": [0, 13], ""err"": 0}"	"[""new"", ""10 e=0:u$=chr$(95)"", ""15 on error goto 900"", ""900 e=err:resume 40"", ""20 print \""s9hb|\"";"", ""30 print using \""abc##xyz\"";1.25;"", ""40 print \""|s9hz\"""", ""50 print \""s9he\"";e"", ""60 print \""s9hd\"""", ""70 end"", ""cls"", ""run""]"
literal-02	U_GW	"{""codes"": [35, 33, 38, 35, 49], ""end"": [0, 10], ""err"": 0}"	"[""new"", ""10 e=0:u$=chr$(95)"", ""15 on error goto 900"", ""900 e=err:resume 40"", ""20 print \""s9hb|\"";"", ""30 print using \""\""+u$+\""#\""+u$+\""!\""+u$+\""&\""+u$+\""##\"";1.25;"", ""40 print \""|s9hz\"""", ""50 print \""s9he\"";e"", ""60 print \""s9hd\"""", ""70 end"", ""cls"", ""run""]"
literal-02	U_N88	"{""codes"": [35, 33, 38, 35, 49], ""end"": [0, 10], ""err"": 0}"	"[""new"", ""10 e=0:u$=chr$(95)"", ""15 on error goto 900"", ""900 e=err:resume 40"", ""20 print \""s9hb|\"";"", ""30 print using \""\""+u$+\""#\""+u$+\""!\""+u$+\""&\""+u$+\""##\"";1.25;"", ""40 print \""|s9hz\"""", ""50 print \""s9he\"";e"", ""60 print \""s9hd\"""", ""70 end"", ""cls"", ""run""]"
literal-03	U_GW	"{""codes"": [32, 49, 95], ""end"": [0, 8], ""err"": 0}"	"[""new"", ""10 e=0:u$=chr$(95)"", ""15 on error goto 900"", ""900 e=err:resume 40"", ""20 print \""s9hb|\"";"", ""30 print using \""##\""+u$+\""\""+u$+\""\"";1.25;"", ""40 print \""|s9hz\"""", ""50 print \""s9he\"";e"", ""60 print \""s9hd\"""", ""70 end"", ""cls"", ""run""]"
literal-03	U_N88	"{""codes"": [32, 49, 95], ""end"": [0, 8], ""err"": 0}"	"[""new"", ""10 e=0:u$=chr$(95)"", ""15 on error goto 900"", ""900 e=err:resume 40"", ""20 print \""s9hb|\"";"", ""30 print using \""##\""+u$+\""\""+u$+\""\"";1.25;"", ""40 print \""|s9hz\"""", ""50 print \""s9he\"";e"", ""60 print \""s9hd\"""", ""70 end"", ""cls"", ""run""]"
literal-04	U_GW	"{""codes"": [45, 32, 49], ""end"": [0, 8], ""err"": 0}"	"[""new"", ""10 e=0:u$=chr$(95)"", ""15 on error goto 900"", ""900 e=err:resume 40"", ""20 print \""s9hb|\"";"", ""30 print using \""-##\"";1.25;"", ""40 print \""|s9hz\"""", ""50 print \""s9he\"";e"", ""60 print \""s9hd\"""", ""70 end"", ""cls"", ""run""]"
literal-04	U_N88	"{""codes"": [45, 32, 49], ""end"": [0, 8], ""err"": 0}"	"[""new"", ""10 e=0:u$=chr$(95)"", ""15 on error goto 900"", ""900 e=err:resume 40"", ""20 print \""s9hb|\"";"", ""30 print using \""-##\"";1.25;"", ""40 print \""|s9hz\"""", ""50 print \""s9he\"";e"", ""60 print \""s9hd\"""", ""70 end"", ""cls"", ""run""]"
literal-05	U_GW	"{""codes"": [43, 32, 43, 49], ""end"": [0, 9], ""err"": 0}"	"[""new"", ""10 e=0:u$=chr$(95)"", ""15 on error goto 900"", ""900 e=err:resume 40"", ""20 print \""s9hb|\"";"", ""30 print using \""++##\"";1.25;"", ""40 print \""|s9hz\"""", ""50 print \""s9he\"";e"", ""60 print \""s9hd\"""", ""70 end"", ""cls"", ""run""]"
literal-05	U_N88	"{""codes"": [43, 32, 43, 49], ""end"": [0, 9], ""err"": 0}"	"[""new"", ""10 e=0:u$=chr$(95)"", ""15 on error goto 900"", ""900 e=err:resume 40"", ""20 print \""s9hb|\"";"", ""30 print using \""++##\"";1.25;"", ""40 print \""|s9hz\"""", ""50 print \""s9he\"";e"", ""60 print \""s9hd\"""", ""70 end"", ""cls"", ""run""]"
literal-06	U_GW	"{""codes"": [32, 49, 46, 50, 53, 44], ""end"": [0, 11], ""err"": 0}"	"[""new"", ""10 e=0:u$=chr$(95)"", ""15 on error goto 900"", ""900 e=err:resume 40"", ""20 print \""s9hb|\"";"", ""30 print using \""##.##,\"";1.25;"", ""40 print \""|s9hz\"""", ""50 print \""s9he\"";e"", ""60 print \""s9hd\"""", ""70 end"", ""cls"", ""run""]"
literal-06	U_N88	"{""codes"": [32, 49, 46, 50, 53, 44], ""end"": [0, 11], ""err"": 0}"	"[""new"", ""10 e=0:u$=chr$(95)"", ""15 on error goto 900"", ""900 e=err:resume 40"", ""20 print \""s9hb|\"";"", ""30 print using \""##.##,\"";1.25;"", ""40 print \""|s9hz\"""", ""50 print \""s9he\"";e"", ""60 print \""s9hd\"""", ""70 end"", ""cls"", ""run""]"
literal-07	U_GW	"{""codes"": [32, 49, 94, 94, 94], ""end"": [0, 10], ""err"": 0}"	"[""new"", ""10 e=0:u$=chr$(95)"", ""15 on error goto 900"", ""900 e=err:resume 40"", ""20 print \""s9hb|\"";"", ""30 print using \""##^^^\"";1.25;"", ""40 print \""|s9hz\"""", ""50 print \""s9he\"";e"", ""60 print \""s9hd\"""", ""70 end"", ""cls"", ""run""]"
literal-07	U_N88	"{""codes"": [32, 49, 94, 94, 94], ""end"": [0, 10], ""err"": 0}"	"[""new"", ""10 e=0:u$=chr$(95)"", ""15 on error goto 900"", ""900 e=err:resume 40"", ""20 print \""s9hb|\"";"", ""30 print using \""##^^^\"";1.25;"", ""40 print \""|s9hz\"""", ""50 print \""s9he\"";e"", ""60 print \""s9hd\"""", ""70 end"", ""cls"", ""run""]"
literal-08	U_GW	"{""codes"": [32, 49, 95], ""end"": [0, 8], ""err"": 0}"	"[""new"", ""10 e=0:u$=chr$(95)"", ""15 on error goto 900"", ""900 e=err:resume 40"", ""20 print \""s9hb|\"";"", ""30 print using \""##\""+u$+\""\"";1.25;"", ""40 print \""|s9hz\"""", ""50 print \""s9he\"";e"", ""60 print \""s9hd\"""", ""70 end"", ""cls"", ""run""]"
literal-08	U_N88	"{""codes"": [32, 49, 95], ""end"": [0, 8], ""err"": 0}"	"[""new"", ""10 e=0:u$=chr$(95)"", ""15 on error goto 900"", ""900 e=err:resume 40"", ""20 print \""s9hb|\"";"", ""30 print using \""##\""+u$+\""\"";1.25;"", ""40 print \""|s9hz\"""", ""50 print \""s9he\"";e"", ""60 print \""s9hd\"""", ""70 end"", ""cls"", ""run""]"
literal-09	U_GW	"{""codes"": [32, 49, 46], ""end"": [0, 8], ""err"": 0}"	"[""new"", ""10 e=0:u$=chr$(95)"", ""15 on error goto 900"", ""900 e=err:resume 40"", ""20 print \""s9hb|\"";"", ""30 print using \""##.\"";1.25;"", ""40 print \""|s9hz\"""", ""50 print \""s9he\"";e"", ""60 print \""s9hd\"""", ""70 end"", ""cls"", ""run""]"
literal-09	U_N88	"{""codes"": [32, 49, 46], ""end"": [0, 8], ""err"": 0}"	"[""new"", ""10 e=0:u$=chr$(95)"", ""15 on error goto 900"", ""900 e=err:resume 40"", ""20 print \""s9hb|\"";"", ""30 print using \""##.\"";1.25;"", ""40 print \""|s9hz\"""", ""50 print \""s9he\"";e"", ""60 print \""s9hd\"""", ""70 end"", ""cls"", ""run""]"
format-24	U_GW	"{""codes"": [32, 32, 32, 32, 32, 32, 32, 32, 32, 32, 32, 32, 32, 32, 32, 32, 32, 32, 32, 32, 32, 32, 32, 49], ""end"": [0, 29], ""err"": 0}"	"[""new"", ""10 e=0:u$=chr$(95)"", ""15 on error goto 900"", ""900 e=err:resume 40"", ""20 print \""s9hb|\"";"", ""30 print using \""########################\"";1;"", ""40 print \""|s9hz\"""", ""50 print \""s9he\"";e"", ""60 print \""s9hd\"""", ""70 end"", ""cls"", ""run""]"
format-24	U_N88	"{""codes"": [32, 32, 32, 32, 32, 32, 32, 32, 32, 32, 32, 32, 32, 32, 32, 32, 32, 32, 32, 32, 32, 32, 32, 49], ""end"": [0, 29], ""err"": 0}"	"[""new"", ""10 e=0:u$=chr$(95)"", ""15 on error goto 900"", ""900 e=err:resume 40"", ""20 print \""s9hb|\"";"", ""30 print using \""########################\"";1;"", ""40 print \""|s9hz\"""", ""50 print \""s9he\"";e"", ""60 print \""s9hd\"""", ""70 end"", ""cls"", ""run""]"
format-25	U_GW	"{""codes"": [], ""end"": [0, 5], ""err"": 5}"	"[""new"", ""10 e=0:u$=chr$(95)"", ""15 on error goto 900"", ""900 e=err:resume 40"", ""20 print \""s9hb|\"";"", ""30 print using \""#########################\"";1;"", ""40 print \""|s9hz\"""", ""50 print \""s9he\"";e"", ""60 print \""s9hd\"""", ""70 end"", ""cls"", ""run""]"
format-25	U_N88	"{""codes"": [], ""end"": [0, 5], ""err"": 5}"	"[""new"", ""10 e=0:u$=chr$(95)"", ""15 on error goto 900"", ""900 e=err:resume 40"", ""20 print \""s9hb|\"";"", ""30 print using \""#########################\"";1;"", ""40 print \""|s9hz\"""", ""50 print \""s9he\"";e"", ""60 print \""s9hd\"""", ""70 end"", ""cls"", ""run""]"
format-empty	U_GW	"{""codes"": [], ""end"": [0, 5], ""err"": 5}"	"[""new"", ""10 e=0:u$=chr$(95)"", ""15 on error goto 900"", ""900 e=err:resume 40"", ""20 print \""s9hb|\"";"", ""30 print using \""\"";1;"", ""40 print \""|s9hz\"""", ""50 print \""s9he\"";e"", ""60 print \""s9hd\"""", ""70 end"", ""cls"", ""run""]"
format-empty	U_N88	"{""codes"": [], ""end"": [0, 5], ""err"": 5}"	"[""new"", ""10 e=0:u$=chr$(95)"", ""15 on error goto 900"", ""900 e=err:resume 40"", ""20 print \""s9hb|\"";"", ""30 print using \""\"";1;"", ""40 print \""|s9hz\"""", ""50 print \""s9he\"";e"", ""60 print \""s9hd\"""", ""70 end"", ""cls"", ""run""]"
format-nofield	U_GW	"{""codes"": [97, 98, 99], ""end"": [0, 8], ""err"": 5}"	"[""new"", ""10 e=0:u$=chr$(95)"", ""15 on error goto 900"", ""900 e=err:resume 40"", ""20 print \""s9hb|\"";"", ""30 print using \""abc\"";1;"", ""40 print \""|s9hz\"""", ""50 print \""s9he\"";e"", ""60 print \""s9hd\"""", ""70 end"", ""cls"", ""run""]"
format-nofield	U_N88	"{""codes"": [97, 98, 99], ""end"": [0, 8], ""err"": 5}"	"[""new"", ""10 e=0:u$=chr$(95)"", ""15 on error goto 900"", ""900 e=err:resume 40"", ""20 print \""s9hb|\"";"", ""30 print using \""abc\"";1;"", ""40 print \""|s9hz\"""", ""50 print \""s9he\"";e"", ""60 print \""s9hd\"""", ""70 end"", ""cls"", ""run""]"
format-type	U_GW	"{""codes"": [], ""end"": [0, 5], ""err"": 13}"	"[""new"", ""10 e=0:u$=chr$(95)"", ""15 on error goto 900"", ""900 e=err:resume 40"", ""20 print \""s9hb|\"";"", ""30 print using 1;1;"", ""40 print \""|s9hz\"""", ""50 print \""s9he\"";e"", ""60 print \""s9hd\"""", ""70 end"", ""cls"", ""run""]"
format-type	U_N88	"{""codes"": [], ""end"": [0, 5], ""err"": 13}"	"[""new"", ""10 e=0:u$=chr$(95)"", ""15 on error goto 900"", ""900 e=err:resume 40"", ""20 print \""s9hb|\"";"", ""30 print using 1;1;"", ""40 print \""|s9hz\"""", ""50 print \""s9he\"";e"", ""60 print \""s9hd\"""", ""70 end"", ""cls"", ""run""]"
number-type	U_GW	"{""codes"": [], ""end"": [0, 5], ""err"": 13}"	"[""new"", ""10 e=0:u$=chr$(95)"", ""15 on error goto 900"", ""900 e=err:resume 40"", ""20 print \""s9hb|\"";"", ""30 print using \""##\"";\""a\"";"", ""40 print \""|s9hz\"""", ""50 print \""s9he\"";e"", ""60 print \""s9hd\"""", ""70 end"", ""cls"", ""run""]"
number-type	U_N88	"{""codes"": [], ""end"": [0, 5], ""err"": 13}"	"[""new"", ""10 e=0:u$=chr$(95)"", ""15 on error goto 900"", ""900 e=err:resume 40"", ""20 print \""s9hb|\"";"", ""30 print using \""##\"";\""a\"";"", ""40 print \""|s9hz\"""", ""50 print \""s9he\"";e"", ""60 print \""s9hd\"""", ""70 end"", ""cls"", ""run""]"
string-type	U_GW	"{""codes"": [], ""end"": [0, 5], ""err"": 13}"	"[""new"", ""10 e=0:u$=chr$(95)"", ""15 on error goto 900"", ""900 e=err:resume 40"", ""20 print \""s9hb|\"";"", ""30 print using \""!\"";1;"", ""40 print \""|s9hz\"""", ""50 print \""s9he\"";e"", ""60 print \""s9hd\"""", ""70 end"", ""cls"", ""run""]"
string-type	U_N88	"{""codes"": [], ""end"": [0, 5], ""err"": 13}"	"[""new"", ""10 e=0:u$=chr$(95)"", ""15 on error goto 900"", ""900 e=err:resume 40"", ""20 print \""s9hb|\"";"", ""30 print using \""!\"";1;"", ""40 print \""|s9hz\"""", ""50 print \""s9he\"";e"", ""60 print \""s9hd\"""", ""70 end"", ""cls"", ""run""]"
partial-type	U_GW	"{""codes"": [32, 49, 47], ""end"": [0, 8], ""err"": 13}"	"[""new"", ""10 e=0:u$=chr$(95)"", ""15 on error goto 900"", ""900 e=err:resume 40"", ""20 print \""s9hb|\"";"", ""30 print using \""##/!\"";1;2;"", ""40 print \""|s9hz\"""", ""50 print \""s9he\"";e"", ""60 print \""s9hd\"""", ""70 end"", ""cls"", ""run""]"
partial-type	U_N88	"{""codes"": [32, 49, 47], ""end"": [0, 8], ""err"": 13}"	"[""new"", ""10 e=0:u$=chr$(95)"", ""15 on error goto 900"", ""900 e=err:resume 40"", ""20 print \""s9hb|\"";"", ""30 print using \""##/!\"";1;2;"", ""40 print \""|s9hz\"""", ""50 print \""s9he\"";e"", ""60 print \""s9hd\"""", ""70 end"", ""cls"", ""run""]"
