# PC88Behavior 割り込み受理ログ
#
# 記録しているのは Z80 が割り込みを受理した事実そのもの——
# 受理時の割り込みモード(im)・intr_ack()が返したレベル(level)・
# 受理直前PC(ret_pc、スタックに積まれる戻り番地)・分岐後の
# ハンドラ入口(handler_pc)・フレーム番号のみ。ROM の内容は含まない。
#
# メインCPUとサブCPUは別々のZ80として並行に走っており、互いの
# seq/frame を比較しても実際の前後関係にはならない。そのため
# 1本の列に混ぜず、CPUごとに節を分けて出す（メイン→サブの順）。
# 同一CPU内の節は seq の昇順＝発生順そのもの。
#
# clock 列（M6c）は main/sub・iolog/intlog を横断する共通の
# 単調増加通し番号。iolog の clock 列と同じ番号空間を共有して
# いるので、割り込み受理と I/O イベントの前後関係も判定できる
# （小さいほうが先に起きた）。詳細は q88h_clock.h を参照。

core      : $WORKDIR/vendor/quasi88-libretro/quasi88_libretro.dylib
rom-dir   : $PC88_REF_ROM_DIR
disk      : $PC88_REF_DISK_DIR/N88_FE.D88
frames    : 1800

# main
# seq    clock   frame  cpu   im  level  ret_pc  handler_pc
     1    7554     34  main   2     1   650F    E808
     2    7614     35  main   2     2   6B62    E80E
     3   10423     35  main   2     1   3827    E808
     4   13506     36  main   2     1   3880    E808
     5   15760     37  main   2     1   3825    E808
     6   18868     38  main   2     1   3847    E808
     7   60851     42  main   2     1   C269    E808
     8   66168     43  main   2     1   C267    E808
     9   71484     45  main   2     1   C265    E808
    10   76801     46  main   2     1   C262    E808
    11   82117     47  main   2     1   C260    E808
    12   87429     48  main   2     1   C262    E808
    13   92745     49  main   2     1   C260    E808
    14   98061     50  main   2     1   C25E    E808
    15  103378     52  main   2     1   C25A    E808
    16  108695     53  main   2     1   C259    E808
    17  114011     54  main   2     1   C257    E808
    18  119325     55  main   2     1   C259    E808
    19  124641     56  main   2     1   C257    E808
    20  129958     57  main   2     1   C272    E808
    21  135275     59  main   2     1   C271    E808
    22  140591     60  main   2     1   C26D    E808
    23  145908     61  main   2     1   C26C    E808
    24  148287     62  main   2     1   C163    E808
    25  148308     63  main   2     1   C162    E808
    26  148329     64  main   2     1   C164    E808
    27  148350     65  main   2     1   C162    E808
    28  148371     66  main   2     1   C164    E808
    29  148392     67  main   2     1   C162    E808
    30  148413     68  main   2     1   C165    E808
    31  148434     69  main   2     1   C162    E808
    32  148455     70  main   2     1   C165    E808
    33  148476     71  main   2     1   C163    E808
    34  148497     72  main   2     1   C162    E808
    35  148518     73  main   2     1   C163    E808
    36  148557     74  main   2     1   5507    E808
    37  148806     75  main   2     1   64C7    E808
    38  151106     76  main   2     1   3871    E808
    39  152836     77  main   2     1   435D    E808
    40  153037     78  main   2     1   4434    E808
    41  153058     79  main   2     1   3593    E808
    42  153079     80  main   2     1   7780    E808
    43  153100     81  main   2     1   3593    E808
    44  153121     82  main   2     1   7780    E808
    45  153142     83  main   2     1   3593    E808
    46  153163     84  main   2     1   7783    E808
    47  153184     85  main   2     1   3593    E808
    48  153205     86  main   2     1   7783    E808
    49  153226     87  main   2     1   3593    E808
    50  153247     88  main   2     1   7783    E808
    51  153268     89  main   2     1   3593    E808
    52  153289     90  main   2     1   3596    E808
    53  153310     91  main   2     1   3593    E808
    54  153331     92  main   2     1   3596    E808
    55  153352     93  main   2     1   3593    E808
    56  153373     94  main   2     1   3596    E808
    57  153394     95  main   2     1   3593    E808
    58  153415     96  main   2     1   35A8    E808
    59  153436     97  main   2     1   3593    E808
    60  153457     98  main   2     1   35A8    E808
    61  153478     99  main   2     1   3593    E808
    62  153499    100  main   2     1   35A8    E808
    63  153520    101  main   2     1   3593    E808
    64  153541    102  main   2     1   35AB    E808
    65  153562    103  main   2     1   3593    E808
    66  153583    104  main   2     1   35AB    E808
    67  153604    105  main   2     1   3593    E808
    68  153625    106  main   2     1   35AC    E808
    69  153646    107  main   2     1   3593    E808
    70  153667    108  main   2     1   35AD    E808
    71  153688    109  main   2     1   3593    E808
    72  153709    110  main   2     1   3599    E808
    73  153730    111  main   2     1   3593    E808
    74  153751    112  main   2     1   3599    E808
    75  153772    113  main   2     1   3593    E808
    76  153793    114  main   2     1   3593    E808
    77  153814    115  main   2     1   3593    E808
    78  153835    116  main   2     1   3593    E808
    79  153856    117  main   2     1   3593    E808
    80  153877    118  main   2     1   3593    E808
    81  153898    119  main   2     1   3593    E808
    82  153919    120  main   2     1   3593    E808
    83  153940    121  main   2     1   3593    E808
    84  153961    122  main   2     1   3593    E808
    85  153982    123  main   2     1   3593    E808
    86  154003    124  main   2     1   3593    E808
    87  154024    125  main   2     1   3593    E808
    88  154045    126  main   2     1   3593    E808
    89  154066    127  main   2     1   3593    E808
    90  154087    128  main   2     1   3593    E808
    91  154108    129  main   2     1   3593    E808
    92  154129    130  main   2     1   3593    E808
    93  154150    131  main   2     1   3593    E808
    94  154171    132  main   2     1   3593    E808
    95  154192    133  main   2     1   3593    E808
    96  154213    134  main   2     1   3593    E808
    97  154234    135  main   2     1   3593    E808
    98  154255    136  main   2     1   3593    E808
    99  154276    137  main   2     1   3593    E808
   100  154297    138  main   2     1   3593    E808
   101  154318    139  main   2     1   3593    E808
   102  154339    140  main   2     1   3593    E808
   103  154360    141  main   2     1   3593    E808
   104  154381    142  main   2     1   3593    E808
   105  154402    143  main   2     1   7780    E808
   106  154423    144  main   2     1   3593    E808
   107  154444    145  main   2     1   7780    E808
   108  154465    146  main   2     1   3593    E808
   109  154486    147  main   2     1   7780    E808
   110  154507    148  main   2     1   3593    E808
   111  154528    149  main   2     1   7783    E808
   112  154549    150  main   2     1   3593    E808
   113  154570    151  main   2     1   7783    E808
   114  154591    152  main   2     1   3593    E808
   115  154612    153  main   2     1   7783    E808
   116  154633    154  main   2     1   3593    E808
   117  154654    155  main   2     1   7784    E808
   118  154675    156  main   2     1   3593    E808
   119  154696    157  main   2     1   3596    E808
   120  154717    158  main   2     1   3593    E808
   121  154738    159  main   2     1   3596    E808
   122  154759    160  main   2     1   3593    E808
   123  154780    161  main   2     1   35A8    E808
   124  154801    162  main   2     1   3593    E808
   125  154822    163  main   2     1   35A8    E808
   126  154843    164  main   2     1   3593    E808
   127  154864    165  main   2     1   35A8    E808
   128  154885    166  main   2     1   3593    E808
   129  154906    167  main   2     1   35AB    E808
   130  154927    168  main   2     1   3593    E808
   131  154948    169  main   2     1   35AB    E808
   132  154969    170  main   2     1   3593    E808
   133  154990    171  main   2     1   35AC    E808
   134  155011    172  main   2     1   3593    E808
   135  155032    173  main   2     1   35AC    E808
   136  155053    174  main   2     1   3593    E808
   137  155074    175  main   2     1   3599    E808
   138  155095    176  main   2     1   3593    E808
   139  155116    177  main   2     1   3599    E808
   140  155137    178  main   2     1   3593    E808
   141  155158    179  main   2     1   3599    E808
   142  155179    180  main   2     1   3593    E808
   143  155200    181  main   2     1   3593    E808
   144  155221    182  main   2     1   3593    E808
   145  155242    183  main   2     1   3593    E808
   146  155263    184  main   2     1   3593    E808
   147  155284    185  main   2     1   3593    E808
   148  155305    186  main   2     1   3593    E808
   149  155326    187  main   2     1   3593    E808
   150  155347    188  main   2     1   3593    E808
   151  155368    189  main   2     1   3593    E808
   152  155389    190  main   2     1   3593    E808
   153  155410    191  main   2     1   3593    E808
   154  155431    192  main   2     1   3593    E808
   155  155452    193  main   2     1   3593    E808
   156  155473    194  main   2     1   3593    E808
   157  155494    195  main   2     1   3593    E808
   158  155515    196  main   2     1   3593    E808
   159  155536    197  main   2     1   3593    E808
   160  155557    198  main   2     1   3593    E808
   161  155578    199  main   2     1   3593    E808
   162  155599    200  main   2     1   3593    E808
   163  155620    201  main   2     1   3593    E808
   164  155641    202  main   2     1   3593    E808
   165  155662    203  main   2     1   3593    E808
   166  155683    204  main   2     1   3593    E808
   167  155704    205  main   2     1   3593    E808
   168  155725    206  main   2     1   3593    E808
   169  155746    207  main   2     1   3593    E808
   170  155767    208  main   2     1   7780    E808
   171  155788    209  main   2     1   3593    E808
   172  155809    210  main   2     1   7780    E808
   173  155830    211  main   2     1   3593    E808
   174  155851    212  main   2     1   7780    E808
   175  155872    213  main   2     1   3593    E808
   176  155893    214  main   2     1   7783    E808
   177  155914    215  main   2     1   3593    E808
   178  155935    216  main   2     1   7783    E808
   179  155956    217  main   2     1   3593    E808
   180  155977    218  main   2     1   7783    E808
   181  155998    219  main   2     1   3593    E808
   182  156019    220  main   2     1   7784    E808
   183  156040    221  main   2     1   3593    E808
   184  156061    222  main   2     1   3596    E808
   185  156082    223  main   2     1   3593    E808
   186  156103    224  main   2     1   3596    E808
   187  156124    225  main   2     1   3593    E808
   188  156145    226  main   2     1   35A8    E808
   189  156166    227  main   2     1   3593    E808
   190  156187    228  main   2     1   35A8    E808
   191  156208    229  main   2     1   3593    E808
   192  156229    230  main   2     1   35A8    E808
   193  156250    231  main   2     1   3593    E808
   194  156271    232  main   2     1   35AB    E808
   195  156292    233  main   2     1   3593    E808
   196  156313    234  main   2     1   35AB    E808
   197  156334    235  main   2     1   3593    E808
   198  156355    236  main   2     1   35AC    E808
   199  156376    237  main   2     1   3593    E808
   200  156397    238  main   2     1   35AC    E808
   201  156418    239  main   2     1   3593    E808
   202  156439    240  main   2     1   35AD    E808
   203  156460    241  main   2     1   3593    E808
   204  156481    242  main   2     1   3599    E808
   205  156502    243  main   2     1   3593    E808
   206  156523    244  main   2     1   3599    E808
   207  156544    245  main   2     1   3593    E808
   208  156565    246  main   2     1   3593    E808
   209  156586    247  main   2     1   3593    E808
   210  156607    248  main   2     1   3593    E808
   211  156628    249  main   2     1   3593    E808
   212  156649    250  main   2     1   3593    E808
   213  156670    251  main   2     1   3593    E808
   214  156691    252  main   2     1   3593    E808
   215  156712    253  main   2     1   3593    E808
   216  156733    254  main   2     1   3593    E808
   217  156754    255  main   2     1   3593    E808
   218  156775    256  main   2     1   3593    E808
   219  156796    257  main   2     1   3593    E808
   220  156817    258  main   2     1   3593    E808
   221  156838    259  main   2     1   3593    E808
   222  156859    260  main   2     1   3593    E808
   223  156880    261  main   2     1   3593    E808
   224  156901    262  main   2     1   3593    E808
   225  156922    263  main   2     1   3593    E808
   226  156943    264  main   2     1   3593    E808
   227  156964    265  main   2     1   3593    E808
   228  156985    266  main   2     1   3593    E808
   229  157006    267  main   2     1   3593    E808
   230  157027    268  main   2     1   3593    E808
   231  157048    269  main   2     1   3593    E808
   232  157069    270  main   2     1   3593    E808
   233  157090    271  main   2     1   3593    E808
   234  157111    272  main   2     1   3593    E808
   235  157132    273  main   2     1   7780    E808
   236  157153    274  main   2     1   3593    E808
   237  157174    275  main   2     1   7780    E808
   238  157195    276  main   2     1   3593    E808
   239  157216    277  main   2     1   7780    E808
   240  157237    278  main   2     1   3593    E808
   241  157258    279  main   2     1   7780    E808
   242  157279    280  main   2     1   3593    E808
   243  157300    281  main   2     1   7783    E808
   244  157321    282  main   2     1   3593    E808
   245  157342    283  main   2     1   7783    E808
   246  157363    284  main   2     1   3593    E808
   247  157384    285  main   2     1   7784    E808
   248  157405    286  main   2     1   3593    E808
   249  157426    287  main   2     1   3596    E808
   250  157447    288  main   2     1   3593    E808
   251  157468    289  main   2     1   3596    E808
   252  157489    290  main   2     1   3593    E808
   253  157510    291  main   2     1   35A8    E808
   254  157531    292  main   2     1   3593    E808
   255  157552    293  main   2     1   35A8    E808
   256  157573    294  main   2     1   3593    E808
   257  157594    295  main   2     1   35A8    E808
   258  157615    296  main   2     1   3593    E808
   259  157636    297  main   2     1   35A8    E808
   260  157657    298  main   2     1   3593    E808
   261  157678    299  main   2     1   35AB    E808
   262  157699    300  main   2     1   3593    E808
   263  157720    301  main   2     1   35AB    E808
   264  157741    302  main   2     1   3593    E808
   265  157762    303  main   2     1   35AC    E808
   266  157783    304  main   2     1   3593    E808
   267  157804    305  main   2     1   35AD    E808
   268  157825    306  main   2     1   3593    E808
   269  157846    307  main   2     1   3599    E808
   270  157867    308  main   2     1   3593    E808
   271  157888    309  main   2     1   3599    E808
   272  157909    310  main   2     1   3593    E808
   273  157930    311  main   2     1   3593    E808
   274  157951    312  main   2     1   3593    E808
   275  157972    313  main   2     1   3593    E808
   276  157993    314  main   2     1   3593    E808
   277  158014    315  main   2     1   3593    E808
   278  158035    316  main   2     1   3593    E808
   279  158056    317  main   2     1   3593    E808
   280  158077    318  main   2     1   3593    E808
   281  158098    319  main   2     1   3593    E808
   282  158119    320  main   2     1   3593    E808
   283  158140    321  main   2     1   3593    E808
   284  158161    322  main   2     1   3593    E808
   285  158182    323  main   2     1   3593    E808
   286  158203    324  main   2     1   3593    E808
   287  158224    325  main   2     1   3593    E808
   288  158245    326  main   2     1   3593    E808
   289  158266    327  main   2     1   3593    E808
   290  158287    328  main   2     1   3593    E808
   291  158308    329  main   2     1   3593    E808
   292  158329    330  main   2     1   3593    E808
   293  158350    331  main   2     1   3593    E808
   294  158371    332  main   2     1   3593    E808
   295  158392    333  main   2     1   3593    E808
   296  158413    334  main   2     1   3593    E808
   297  158434    335  main   2     1   3593    E808
   298  158455    336  main   2     1   3593    E808
   299  158476    337  main   2     1   3593    E808
   300  158497    338  main   2     1   7780    E808
   301  158518    339  main   2     1   3593    E808
   302  158539    340  main   2     1   7780    E808
   303  158560    341  main   2     1   3593    E808
   304  158581    342  main   2     1   7780    E808
   305  158602    343  main   2     1   3593    E808
   306  158623    344  main   2     1   7780    E808
   307  158644    345  main   2     1   3593    E808
   308  158665    346  main   2     1   7783    E808
   309  158686    347  main   2     1   3593    E808
   310  158707    348  main   2     1   7783    E808
   311  158728    349  main   2     1   3593    E808
   312  158749    350  main   2     1   7784    E808
   313  158770    351  main   2     1   3593    E808
   314  158791    352  main   2     1   3596    E808
   315  158812    353  main   2     1   3593    E808
   316  158833    354  main   2     1   3596    E808
   317  158854    355  main   2     1   3593    E808
   318  158875    356  main   2     1   35A8    E808
   319  158896    357  main   2     1   3593    E808
   320  158917    358  main   2     1   35A8    E808
   321  158938    359  main   2     1   3593    E808
   322  158959    360  main   2     1   35A8    E808
   323  158980    361  main   2     1   3593    E808
   324  159001    362  main   2     1   35A8    E808
   325  159022    363  main   2     1   3593    E808
   326  159043    364  main   2     1   35AB    E808
   327  159064    365  main   2     1   3593    E808
   328  159085    366  main   2     1   35AB    E808
   329  159106    367  main   2     1   3593    E808
   330  159127    368  main   2     1   35AC    E808
   331  159148    369  main   2     1   3593    E808
   332  159169    370  main   2     1   35AD    E808
   333  159190    371  main   2     1   3593    E808
   334  159211    372  main   2     1   3599    E808
   335  159232    373  main   2     1   3593    E808
   336  159253    374  main   2     1   3599    E808
   337  159274    375  main   2     1   3593    E808
   338  159295    376  main   2     1   3593    E808
   339  159316    377  main   2     1   3593    E808
   340  159337    378  main   2     1   3593    E808
   341  159358    379  main   2     1   3593    E808
   342  159379    380  main   2     1   3593    E808
   343  159400    381  main   2     1   3593    E808
   344  159421    382  main   2     1   3593    E808
   345  159442    383  main   2     1   3593    E808
   346  159463    384  main   2     1   3593    E808
   347  159484    385  main   2     1   3593    E808
   348  159505    386  main   2     1   3593    E808
   349  159526    387  main   2     1   3593    E808
   350  159547    388  main   2     1   3593    E808
   351  159568    389  main   2     1   3593    E808
   352  159589    390  main   2     1   3593    E808
   353  159610    391  main   2     1   3593    E808
   354  159631    392  main   2     1   3593    E808
   355  159652    393  main   2     1   3593    E808
   356  159673    394  main   2     1   3593    E808
   357  159694    395  main   2     1   3593    E808
   358  159715    396  main   2     1   3593    E808
   359  159736    397  main   2     1   3593    E808
   360  159757    398  main   2     1   3593    E808
   361  159778    399  main   2     1   3593    E808
   362  159799    400  main   2     1   3593    E808
   363  159820    401  main   2     1   3593    E808
   364  159841    402  main   2     1   3593    E808
   365  159862    403  main   2     1   3593    E808
   366  159883    404  main   2     1   3593    E808
   367  159904    405  main   2     1   7780    E808
   368  159925    406  main   2     1   3593    E808
   369  159946    407  main   2     1   7780    E808
   370  159967    408  main   2     1   3593    E808
   371  159988    409  main   2     1   7780    E808
   372  160009    410  main   2     1   3593    E808
   373  160030    411  main   2     1   7783    E808
   374  160051    412  main   2     1   3593    E808
   375  160072    413  main   2     1   7783    E808
   376  160093    414  main   2     1   3593    E808
   377  160114    415  main   2     1   7783    E808
   378  160135    416  main   2     1   3593    E808
   379  160156    417  main   2     1   3596    E808
   380  160177    418  main   2     1   3593    E808
   381  160198    419  main   2     1   3596    E808
   382  160219    420  main   2     1   3593    E808
   383  160240    421  main   2     1   3596    E808
   384  160261    422  main   2     1   3593    E808
   385  160282    423  main   2     1   35A8    E808
   386  160303    424  main   2     1   3593    E808
   387  160324    425  main   2     1   35A8    E808
   388  160345    426  main   2     1   3593    E808
   389  160366    427  main   2     1   35A8    E808
   390  160387    428  main   2     1   3593    E808
   391  160408    429  main   2     1   35AB    E808
   392  160429    430  main   2     1   3593    E808
   393  160450    431  main   2     1   35AB    E808
   394  160471    432  main   2     1   3593    E808
   395  160492    433  main   2     1   35AC    E808
   396  160513    434  main   2     1   3593    E808
   397  160534    435  main   2     1   35AD    E808
   398  160555    436  main   2     1   3593    E808
   399  160576    437  main   2     1   3599    E808
   400  160597    438  main   2     1   3593    E808
   401  160618    439  main   2     1   3599    E808
   402  160639    440  main   2     1   3593    E808
   403  160660    441  main   2     1   3593    E808
   404  160681    442  main   2     1   3593    E808
   405  160702    443  main   2     1   3593    E808
   406  160723    444  main   2     1   3593    E808
   407  160744    445  main   2     1   3593    E808
   408  160765    446  main   2     1   3593    E808
   409  160786    447  main   2     1   3593    E808
   410  160807    448  main   2     1   3593    E808
   411  160828    449  main   2     1   3593    E808
   412  160849    450  main   2     1   3593    E808
   413  160870    451  main   2     1   3593    E808
   414  160891    452  main   2     1   3593    E808
   415  160912    453  main   2     1   3593    E808
   416  160933    454  main   2     1   3593    E808
   417  160954    455  main   2     1   3593    E808
   418  160975    456  main   2     1   3593    E808
   419  160996    457  main   2     1   3593    E808
   420  161017    458  main   2     1   3593    E808
   421  161038    459  main   2     1   3593    E808
   422  161059    460  main   2     1   3593    E808
   423  161080    461  main   2     1   3593    E808
   424  161101    462  main   2     1   3593    E808
   425  161122    463  main   2     1   3593    E808
   426  161143    464  main   2     1   3593    E808
   427  161164    465  main   2     1   3593    E808
   428  161185    466  main   2     1   3593    E808
   429  161206    467  main   2     1   3593    E808
   430  161227    468  main   2     1   3593    E808
   431  161248    469  main   2     1   3593    E808
   432  161269    470  main   2     1   7780    E808
   433  161290    471  main   2     1   3593    E808
   434  161311    472  main   2     1   7780    E808
   435  161332    473  main   2     1   3593    E808
   436  161353    474  main   2     1   7780    E808
   437  161374    475  main   2     1   3593    E808
   438  161395    476  main   2     1   7783    E808
   439  161416    477  main   2     1   3593    E808
   440  161437    478  main   2     1   7783    E808
   441  161458    479  main   2     1   3593    E808
   442  161479    480  main   2     1   7783    E808
   443  161500    481  main   2     1   3593    E808
   444  161521    482  main   2     1   7784    E808
   445  161542    483  main   2     1   3593    E808
   446  161563    484  main   2     1   3596    E808
   447  161584    485  main   2     1   3593    E808
   448  161605    486  main   2     1   3596    E808
   449  161626    487  main   2     1   3593    E808
   450  161647    488  main   2     1   35A8    E808
   451  161668    489  main   2     1   3593    E808
   452  161689    490  main   2     1   35A8    E808
   453  161710    491  main   2     1   3593    E808
   454  161731    492  main   2     1   35A8    E808
   455  161752    493  main   2     1   3593    E808
   456  161773    494  main   2     1   35AB    E808
   457  161794    495  main   2     1   3593    E808
   458  161815    496  main   2     1   35AB    E808
   459  161836    497  main   2     1   3593    E808
   460  161857    498  main   2     1   35AC    E808
   461  161878    499  main   2     1   3593    E808
   462  161899    500  main   2     1   35AC    E808
   463  161920    501  main   2     1   3593    E808
   464  161941    502  main   2     1   3599    E808
   465  161962    503  main   2     1   3593    E808
   466  161983    504  main   2     1   3599    E808
   467  162004    505  main   2     1   3593    E808
   468  162025    506  main   2     1   3599    E808
   469  162046    507  main   2     1   3593    E808
   470  162067    508  main   2     1   3593    E808
   471  162088    509  main   2     1   3593    E808
   472  162109    510  main   2     1   3593    E808
   473  162130    511  main   2     1   3593    E808
   474  162151    512  main   2     1   3593    E808
   475  162172    513  main   2     1   3593    E808
   476  162193    514  main   2     1   3593    E808
   477  162214    515  main   2     1   3593    E808
   478  162235    516  main   2     1   3593    E808
   479  162256    517  main   2     1   3593    E808
   480  162277    518  main   2     1   3593    E808
   481  162298    519  main   2     1   3593    E808
   482  162319    520  main   2     1   3593    E808
   483  162340    521  main   2     1   3593    E808
   484  162361    522  main   2     1   3593    E808
   485  162382    523  main   2     1   3593    E808
   486  162403    524  main   2     1   3593    E808
   487  162424    525  main   2     1   3593    E808
   488  162445    526  main   2     1   3593    E808
   489  162466    527  main   2     1   3593    E808
   490  162487    528  main   2     1   3593    E808
   491  162508    529  main   2     1   3593    E808
   492  162529    530  main   2     1   3593    E808
   493  162550    531  main   2     1   3593    E808
   494  162571    532  main   2     1   3593    E808
   495  162592    533  main   2     1   3593    E808
   496  162613    534  main   2     1   3593    E808
   497  162634    535  main   2     1   7780    E808
   498  162655    536  main   2     1   3593    E808
   499  162676    537  main   2     1   7780    E808
   500  162697    538  main   2     1   3593    E808
   501  162718    539  main   2     1   7780    E808
   502  162739    540  main   2     1   3593    E808
   503  162760    541  main   2     1   7783    E808
   504  162781    542  main   2     1   3593    E808
   505  162802    543  main   2     1   7783    E808
   506  162823    544  main   2     1   3593    E808
   507  162844    545  main   2     1   7783    E808
   508  162865    546  main   2     1   3593    E808
   509  162886    547  main   2     1   7784    E808
   510  162907    548  main   2     1   3593    E808
   511  162928    549  main   2     1   3596    E808
   512  162949    550  main   2     1   3593    E808
   513  162970    551  main   2     1   3596    E808
   514  162991    552  main   2     1   3593    E808
   515  163012    553  main   2     1   35A8    E808
   516  163033    554  main   2     1   3593    E808
   517  163054    555  main   2     1   35A8    E808
   518  163075    556  main   2     1   3593    E808
   519  163096    557  main   2     1   35A8    E808
   520  163117    558  main   2     1   3593    E808
   521  163138    559  main   2     1   35AB    E808
   522  163159    560  main   2     1   3593    E808
   523  163180    561  main   2     1   35AB    E808
   524  163201    562  main   2     1   3593    E808
   525  163222    563  main   2     1   35AC    E808
   526  163243    564  main   2     1   3593    E808
   527  163264    565  main   2     1   35AC    E808
   528  163285    566  main   2     1   3593    E808
   529  163306    567  main   2     1   35AD    E808
   530  163327    568  main   2     1   3593    E808
   531  163348    569  main   2     1   3599    E808
   532  163369    570  main   2     1   3593    E808
   533  163390    571  main   2     1   3599    E808
   534  163411    572  main   2     1   3593    E808
   535  163432    573  main   2     1   3593    E808
   536  163453    574  main   2     1   3593    E808
   537  163474    575  main   2     1   3593    E808
   538  163495    576  main   2     1   3593    E808
   539  163516    577  main   2     1   3593    E808
   540  163537    578  main   2     1   3593    E808
   541  163558    579  main   2     1   3593    E808
   542  163579    580  main   2     1   3593    E808
   543  163600    581  main   2     1   3593    E808
   544  163621    582  main   2     1   3593    E808
   545  163642    583  main   2     1   3593    E808
   546  163663    584  main   2     1   3593    E808
   547  163684    585  main   2     1   3593    E808
   548  163705    586  main   2     1   3593    E808
   549  163726    587  main   2     1   3593    E808
   550  163747    588  main   2     1   3593    E808
   551  163768    589  main   2     1   3593    E808
   552  163789    590  main   2     1   3593    E808
   553  163810    591  main   2     1   3593    E808
   554  163831    592  main   2     1   3593    E808
   555  163852    593  main   2     1   3593    E808
   556  163873    594  main   2     1   3593    E808
   557  163894    595  main   2     1   3593    E808
   558  163915    596  main   2     1   3593    E808
   559  163936    597  main   2     1   3593    E808
   560  163957    598  main   2     1   3593    E808
   561  163978    599  main   2     1   3593    E808
   562  163999    600  main   2     1   7780    E808
   563  164020    601  main   2     1   3593    E808
   564  164041    602  main   2     1   7780    E808
   565  164062    603  main   2     1   3593    E808
   566  164083    604  main   2     1   7780    E808
   567  164104    605  main   2     1   3593    E808
   568  164125    606  main   2     1   7780    E808
   569  164146    607  main   2     1   3593    E808
   570  164167    608  main   2     1   7783    E808
   571  164188    609  main   2     1   3593    E808
   572  164209    610  main   2     1   7783    E808
   573  164230    611  main   2     1   3593    E808
   574  164251    612  main   2     1   7784    E808
   575  164272    613  main   2     1   3593    E808
   576  164293    614  main   2     1   3596    E808
   577  164314    615  main   2     1   3593    E808
   578  164335    616  main   2     1   3596    E808
   579  164356    617  main   2     1   3593    E808
   580  164377    618  main   2     1   35A8    E808
   581  164398    619  main   2     1   3593    E808
   582  164419    620  main   2     1   35A8    E808
   583  164440    621  main   2     1   3593    E808
   584  164461    622  main   2     1   35A8    E808
   585  164482    623  main   2     1   3593    E808
   586  164503    624  main   2     1   35A8    E808
   587  164524    625  main   2     1   3593    E808
   588  164545    626  main   2     1   35AB    E808
   589  164566    627  main   2     1   3593    E808
   590  164587    628  main   2     1   35AB    E808
   591  164608    629  main   2     1   3593    E808
   592  164629    630  main   2     1   35AC    E808
   593  164650    631  main   2     1   3593    E808
   594  164671    632  main   2     1   35AD    E808
   595  164692    633  main   2     1   3593    E808
   596  164713    634  main   2     1   3599    E808
   597  164734    635  main   2     1   3593    E808
   598  164755    636  main   2     1   3599    E808
   599  164776    637  main   2     1   3593    E808
   600  164797    638  main   2     1   3593    E808
   601  164818    639  main   2     1   3593    E808
   602  164839    640  main   2     1   3593    E808
   603  164860    641  main   2     1   3593    E808
   604  164881    642  main   2     1   3593    E808
   605  164902    643  main   2     1   3593    E808
   606  164923    644  main   2     1   3593    E808
   607  164944    645  main   2     1   3593    E808
   608  164965    646  main   2     1   3593    E808
   609  164986    647  main   2     1   3593    E808
   610  165007    648  main   2     1   3593    E808
   611  165028    649  main   2     1   3593    E808
   612  165049    650  main   2     1   3593    E808
   613  165070    651  main   2     1   3593    E808
   614  165091    652  main   2     1   3593    E808
   615  165112    653  main   2     1   3593    E808
   616  165133    654  main   2     1   3593    E808
   617  165154    655  main   2     1   3593    E808
   618  165175    656  main   2     1   3593    E808
   619  165196    657  main   2     1   3593    E808
   620  165217    658  main   2     1   3593    E808
   621  165238    659  main   2     1   3593    E808
   622  165259    660  main   2     1   3593    E808
   623  165280    661  main   2     1   3593    E808
   624  165301    662  main   2     1   3593    E808
   625  165322    663  main   2     1   3593    E808
   626  165343    664  main   2     1   3593    E808
   627  165364    665  main   2     1   7780    E808
   628  165385    666  main   2     1   3593    E808
   629  165406    667  main   2     1   7780    E808
   630  165427    668  main   2     1   3593    E808
   631  165448    669  main   2     1   7780    E808
   632  165469    670  main   2     1   3593    E808
   633  165490    671  main   2     1   7780    E808
   634  165511    672  main   2     1   3593    E808
   635  165532    673  main   2     1   7783    E808
   636  165553    674  main   2     1   3593    E808
   637  165574    675  main   2     1   7783    E808
   638  165595    676  main   2     1   3593    E808
   639  165616    677  main   2     1   7784    E808
   640  165637    678  main   2     1   3593    E808
   641  165658    679  main   2     1   3596    E808
   642  165679    680  main   2     1   3593    E808
   643  165700    681  main   2     1   3596    E808
   644  165721    682  main   2     1   3593    E808
   645  165742    683  main   2     1   35A8    E808
   646  165763    684  main   2     1   3593    E808
   647  165784    685  main   2     1   35A8    E808
   648  165805    686  main   2     1   3593    E808
   649  165826    687  main   2     1   35A8    E808
   650  165847    688  main   2     1   3593    E808
   651  165868    689  main   2     1   35A8    E808
   652  165889    690  main   2     1   3593    E808
   653  165910    691  main   2     1   35AB    E808
   654  165931    692  main   2     1   3593    E808
   655  165952    693  main   2     1   35AB    E808
   656  165973    694  main   2     1   3593    E808
   657  165994    695  main   2     1   35AC    E808
   658  166015    696  main   2     1   3593    E808
   659  166036    697  main   2     1   35AD    E808
   660  166057    698  main   2     1   3593    E808
   661  166078    699  main   2     1   3599    E808
   662  166099    700  main   2     1   3593    E808
   663  166120    701  main   2     1   3599    E808
   664  166141    702  main   2     1   3593    E808
   665  166162    703  main   2     1   3593    E808
   666  166183    704  main   2     1   3593    E808
   667  166204    705  main   2     1   3593    E808
   668  166225    706  main   2     1   3593    E808
   669  166246    707  main   2     1   3593    E808
   670  166267    708  main   2     1   3593    E808
   671  166288    709  main   2     1   3593    E808
   672  166309    710  main   2     1   3593    E808
   673  166330    711  main   2     1   3593    E808
   674  166351    712  main   2     1   3593    E808
   675  166372    713  main   2     1   3593    E808
   676  166393    714  main   2     1   3593    E808
   677  166414    715  main   2     1   3593    E808
   678  166435    716  main   2     1   3593    E808
   679  166456    717  main   2     1   3593    E808
   680  166477    718  main   2     1   3593    E808
   681  166498    719  main   2     1   3593    E808
   682  166519    720  main   2     1   3593    E808
   683  166540    721  main   2     1   3593    E808
   684  166561    722  main   2     1   3593    E808
   685  166582    723  main   2     1   3593    E808
   686  166603    724  main   2     1   3593    E808
   687  166624    725  main   2     1   3593    E808
   688  166645    726  main   2     1   3593    E808
   689  166666    727  main   2     1   3593    E808
   690  166687    728  main   2     1   3593    E808
   691  166708    729  main   2     1   3593    E808
   692  166729    730  main   2     1   3593    E808
   693  166750    731  main   2     1   3593    E808
   694  166771    732  main   2     1   7780    E808
   695  166792    733  main   2     1   3593    E808
   696  166813    734  main   2     1   7780    E808
   697  166834    735  main   2     1   3593    E808
   698  166855    736  main   2     1   7780    E808
   699  166876    737  main   2     1   3593    E808
   700  166897    738  main   2     1   7783    E808
   701  166918    739  main   2     1   3593    E808
   702  166939    740  main   2     1   7783    E808
   703  166960    741  main   2     1   3593    E808
   704  166981    742  main   2     1   7783    E808
   705  167002    743  main   2     1   3593    E808
   706  167023    744  main   2     1   3596    E808
   707  167044    745  main   2     1   3593    E808
   708  167065    746  main   2     1   3596    E808
   709  167086    747  main   2     1   3593    E808
   710  167107    748  main   2     1   3596    E808
   711  167128    749  main   2     1   3593    E808
   712  167149    750  main   2     1   35A8    E808
   713  167170    751  main   2     1   3593    E808
   714  167191    752  main   2     1   35A8    E808
   715  167212    753  main   2     1   3593    E808
   716  167233    754  main   2     1   35A8    E808
   717  167254    755  main   2     1   3593    E808
   718  167275    756  main   2     1   35AB    E808
   719  167296    757  main   2     1   3593    E808
   720  167317    758  main   2     1   35AB    E808
   721  167338    759  main   2     1   3593    E808
   722  167359    760  main   2     1   35AC    E808
   723  167380    761  main   2     1   3593    E808
   724  167401    762  main   2     1   35AD    E808
   725  167422    763  main   2     1   3593    E808
   726  167443    764  main   2     1   3599    E808
   727  167464    765  main   2     1   3593    E808
   728  167485    766  main   2     1   3599    E808
   729  167506    767  main   2     1   3593    E808
   730  167527    768  main   2     1   3593    E808
   731  167548    769  main   2     1   3593    E808
   732  167569    770  main   2     1   3593    E808
   733  167590    771  main   2     1   3593    E808
   734  167611    772  main   2     1   3593    E808
   735  167632    773  main   2     1   3593    E808
   736  167653    774  main   2     1   3593    E808
   737  167674    775  main   2     1   3593    E808
   738  167695    776  main   2     1   3593    E808
   739  167716    777  main   2     1   3593    E808
   740  167737    778  main   2     1   3593    E808
   741  167758    779  main   2     1   3593    E808
   742  167779    780  main   2     1   3593    E808
   743  167800    781  main   2     1   3593    E808
   744  167821    782  main   2     1   3593    E808
   745  167842    783  main   2     1   3593    E808
   746  167863    784  main   2     1   3593    E808
   747  167884    785  main   2     1   3593    E808
   748  167905    786  main   2     1   3593    E808
   749  167926    787  main   2     1   3593    E808
   750  167947    788  main   2     1   3593    E808
   751  167968    789  main   2     1   3593    E808
   752  167989    790  main   2     1   3593    E808
   753  168010    791  main   2     1   3593    E808
   754  168031    792  main   2     1   3593    E808
   755  168052    793  main   2     1   3593    E808
   756  168073    794  main   2     1   3593    E808
   757  168094    795  main   2     1   3593    E808
   758  168115    796  main   2     1   3593    E808
   759  168136    797  main   2     1   7780    E808
   760  168157    798  main   2     1   3593    E808
   761  168178    799  main   2     1   7780    E808
   762  168199    800  main   2     1   3593    E808
   763  168220    801  main   2     1   7780    E808
   764  168241    802  main   2     1   3593    E808
   765  168262    803  main   2     1   7783    E808
   766  168283    804  main   2     1   3593    E808
   767  168304    805  main   2     1   7783    E808
   768  168325    806  main   2     1   3593    E808
   769  168346    807  main   2     1   7783    E808
   770  168367    808  main   2     1   3593    E808
   771  168388    809  main   2     1   7784    E808
   772  168409    810  main   2     1   3593    E808
   773  168430    811  main   2     1   3596    E808
   774  168451    812  main   2     1   3593    E808
   775  168472    813  main   2     1   3596    E808
   776  168493    814  main   2     1   3593    E808
   777  168514    815  main   2     1   35A8    E808
   778  168535    816  main   2     1   3593    E808
   779  168556    817  main   2     1   35A8    E808
   780  168577    818  main   2     1   3593    E808
   781  168598    819  main   2     1   35A8    E808
   782  168619    820  main   2     1   3593    E808
   783  168640    821  main   2     1   35AB    E808
   784  168661    822  main   2     1   3593    E808
   785  168682    823  main   2     1   35AB    E808
   786  168703    824  main   2     1   3593    E808
   787  168724    825  main   2     1   35AC    E808
   788  168745    826  main   2     1   3593    E808
   789  168766    827  main   2     1   35AC    E808
   790  168787    828  main   2     1   3593    E808
   791  168808    829  main   2     1   3599    E808
   792  168829    830  main   2     1   3593    E808
   793  168850    831  main   2     1   3599    E808
   794  168871    832  main   2     1   3593    E808
   795  168892    833  main   2     1   3599    E808
   796  168913    834  main   2     1   3593    E808
   797  168934    835  main   2     1   3593    E808
   798  168955    836  main   2     1   3593    E808
   799  168976    837  main   2     1   3593    E808
   800  168997    838  main   2     1   3593    E808
   801  169018    839  main   2     1   3593    E808
   802  169039    840  main   2     1   3593    E808
   803  169060    841  main   2     1   3593    E808
   804  169081    842  main   2     1   3593    E808
   805  169102    843  main   2     1   3593    E808
   806  169123    844  main   2     1   3593    E808
   807  169144    845  main   2     1   3593    E808
   808  169165    846  main   2     1   3593    E808
   809  169186    847  main   2     1   3593    E808
   810  169207    848  main   2     1   3593    E808
   811  169228    849  main   2     1   3593    E808
   812  169249    850  main   2     1   3593    E808
   813  169270    851  main   2     1   3593    E808
   814  169291    852  main   2     1   3593    E808
   815  169312    853  main   2     1   3593    E808
   816  169333    854  main   2     1   3593    E808
   817  169354    855  main   2     1   3593    E808
   818  169375    856  main   2     1   3593    E808
   819  169396    857  main   2     1   3593    E808
   820  169417    858  main   2     1   3593    E808
   821  169438    859  main   2     1   3593    E808
   822  169459    860  main   2     1   3593    E808
   823  169480    861  main   2     1   3593    E808
   824  169501    862  main   2     1   7780    E808
   825  169522    863  main   2     1   3593    E808
   826  169543    864  main   2     1   7780    E808
   827  169564    865  main   2     1   3593    E808
   828  169585    866  main   2     1   7780    E808
   829  169606    867  main   2     1   3593    E808
   830  169627    868  main   2     1   7783    E808
   831  169648    869  main   2     1   3593    E808
   832  169669    870  main   2     1   7783    E808
   833  169690    871  main   2     1   3593    E808
   834  169711    872  main   2     1   7783    E808
   835  169732    873  main   2     1   3593    E808
   836  169753    874  main   2     1   7784    E808
   837  169774    875  main   2     1   3593    E808
   838  169795    876  main   2     1   3596    E808
   839  169816    877  main   2     1   3593    E808
   840  169837    878  main   2     1   3596    E808
   841  169858    879  main   2     1   3593    E808
   842  169879    880  main   2     1   35A8    E808
   843  169900    881  main   2     1   3593    E808
   844  169921    882  main   2     1   35A8    E808
   845  169942    883  main   2     1   3593    E808
   846  169963    884  main   2     1   35A8    E808
   847  169984    885  main   2     1   3593    E808
   848  170005    886  main   2     1   35AB    E808
   849  170026    887  main   2     1   3593    E808
   850  170047    888  main   2     1   35AB    E808
   851  170068    889  main   2     1   3593    E808
   852  170089    890  main   2     1   35AC    E808
   853  170110    891  main   2     1   3593    E808
   854  170131    892  main   2     1   35AC    E808
   855  170152    893  main   2     1   3593    E808
   856  170173    894  main   2     1   35AD    E808
   857  170194    895  main   2     1   3593    E808
   858  170215    896  main   2     1   3599    E808
   859  170236    897  main   2     1   3593    E808
   860  170257    898  main   2     1   3599    E808
   861  170278    899  main   2     1   3593    E808
   862  170299    900  main   2     1   3593    E808
   863  170320    901  main   2     1   3593    E808
   864  170341    902  main   2     1   3593    E808
   865  170362    903  main   2     1   3593    E808
   866  170383    904  main   2     1   3593    E808
   867  170404    905  main   2     1   3593    E808
   868  170425    906  main   2     1   3593    E808
   869  170446    907  main   2     1   3593    E808
   870  170467    908  main   2     1   3593    E808
   871  170488    909  main   2     1   3593    E808
   872  170509    910  main   2     1   3593    E808
   873  170530    911  main   2     1   3593    E808
   874  170551    912  main   2     1   3593    E808
   875  170572    913  main   2     1   3593    E808
   876  170593    914  main   2     1   3593    E808
   877  170614    915  main   2     1   3593    E808
   878  170635    916  main   2     1   3593    E808
   879  170656    917  main   2     1   3593    E808
   880  170677    918  main   2     1   3593    E808
   881  170698    919  main   2     1   3593    E808
   882  170719    920  main   2     1   3593    E808
   883  170740    921  main   2     1   3593    E808
   884  170761    922  main   2     1   3593    E808
   885  170782    923  main   2     1   3593    E808
   886  170803    924  main   2     1   3593    E808
   887  170824    925  main   2     1   3593    E808
   888  170845    926  main   2     1   3593    E808
   889  170866    927  main   2     1   7780    E808
   890  170887    928  main   2     1   3593    E808
   891  170908    929  main   2     1   7780    E808
   892  170929    930  main   2     1   3593    E808
   893  170950    931  main   2     1   7780    E808
   894  170971    932  main   2     1   3593    E808
   895  170992    933  main   2     1   7780    E808
   896  171013    934  main   2     1   3593    E808
   897  171034    935  main   2     1   7783    E808
   898  171055    936  main   2     1   3593    E808
   899  171076    937  main   2     1   7783    E808
   900  171097    938  main   2     1   3593    E808
   901  171118    939  main   2     1   7784    E808
   902  171139    940  main   2     1   3593    E808
   903  171160    941  main   2     1   3596    E808
   904  171181    942  main   2     1   3593    E808
   905  171202    943  main   2     1   3596    E808
   906  171223    944  main   2     1   3593    E808
   907  171244    945  main   2     1   35A8    E808
   908  171265    946  main   2     1   3593    E808
   909  171286    947  main   2     1   35A8    E808
   910  171307    948  main   2     1   3593    E808
   911  171328    949  main   2     1   35A8    E808
   912  171349    950  main   2     1   3593    E808
   913  171370    951  main   2     1   35A8    E808
   914  171391    952  main   2     1   3593    E808
   915  171412    953  main   2     1   35AB    E808
   916  171433    954  main   2     1   3593    E808
   917  171454    955  main   2     1   35AB    E808
   918  171475    956  main   2     1   3593    E808
   919  171496    957  main   2     1   35AC    E808
   920  171517    958  main   2     1   3593    E808
   921  171538    959  main   2     1   35AD    E808
   922  171559    960  main   2     1   3593    E808
   923  171580    961  main   2     1   3599    E808
   924  171601    962  main   2     1   3593    E808
   925  171622    963  main   2     1   3599    E808
   926  171643    964  main   2     1   3593    E808
   927  171664    965  main   2     1   3593    E808
   928  171685    966  main   2     1   3593    E808
   929  171706    967  main   2     1   3593    E808
   930  171727    968  main   2     1   3593    E808
   931  171748    969  main   2     1   3593    E808
   932  171769    970  main   2     1   3593    E808
   933  171790    971  main   2     1   3593    E808
   934  171811    972  main   2     1   3593    E808
   935  171832    973  main   2     1   3593    E808
   936  171853    974  main   2     1   3593    E808
   937  171874    975  main   2     1   3593    E808
   938  171895    976  main   2     1   3593    E808
   939  171916    977  main   2     1   3593    E808
   940  171937    978  main   2     1   3593    E808
   941  171958    979  main   2     1   3593    E808
   942  171979    980  main   2     1   3593    E808
   943  172000    981  main   2     1   3593    E808
   944  172021    982  main   2     1   3593    E808
   945  172042    983  main   2     1   3593    E808
   946  172063    984  main   2     1   3593    E808
   947  172084    985  main   2     1   3593    E808
   948  172105    986  main   2     1   3593    E808
   949  172126    987  main   2     1   3593    E808
   950  172147    988  main   2     1   3593    E808
   951  172168    989  main   2     1   3593    E808
   952  172189    990  main   2     1   3593    E808
   953  172210    991  main   2     1   3593    E808
   954  172231    992  main   2     1   7780    E808
   955  172252    993  main   2     1   3593    E808
   956  172273    994  main   2     1   7780    E808
   957  172294    995  main   2     1   3593    E808
   958  172315    996  main   2     1   7780    E808
   959  172336    997  main   2     1   3593    E808
   960  172357    998  main   2     1   7780    E808
   961  172378    999  main   2     1   3593    E808
   962  172399   1000  main   2     1   7783    E808
   963  172420   1001  main   2     1   3593    E808
   964  172441   1002  main   2     1   7783    E808
   965  172462   1003  main   2     1   3593    E808
   966  172483   1004  main   2     1   7784    E808
   967  172504   1005  main   2     1   3593    E808
   968  172525   1006  main   2     1   3596    E808
   969  172546   1007  main   2     1   3593    E808
   970  172567   1008  main   2     1   3596    E808
   971  172588   1009  main   2     1   3593    E808
   972  172609   1010  main   2     1   35A8    E808
   973  172630   1011  main   2     1   3593    E808
   974  172651   1012  main   2     1   35A8    E808
   975  172672   1013  main   2     1   3593    E808
   976  172693   1014  main   2     1   35A8    E808
   977  172714   1015  main   2     1   3593    E808
   978  172735   1016  main   2     1   35A8    E808
   979  172756   1017  main   2     1   3593    E808
   980  172777   1018  main   2     1   35AB    E808
   981  172798   1019  main   2     1   3593    E808
   982  172819   1020  main   2     1   35AB    E808
   983  172840   1021  main   2     1   3593    E808
   984  172861   1022  main   2     1   35AC    E808
   985  172882   1023  main   2     1   3593    E808
   986  172903   1024  main   2     1   35AD    E808
   987  172924   1025  main   2     1   3593    E808
   988  172945   1026  main   2     1   3599    E808
   989  172966   1027  main   2     1   3593    E808
   990  172987   1028  main   2     1   3599    E808
   991  173008   1029  main   2     1   3593    E808
   992  173029   1030  main   2     1   3593    E808
   993  173050   1031  main   2     1   3593    E808
   994  173071   1032  main   2     1   3593    E808
   995  173092   1033  main   2     1   3593    E808
   996  173113   1034  main   2     1   3593    E808
   997  173134   1035  main   2     1   3593    E808
   998  173155   1036  main   2     1   3593    E808
   999  173176   1037  main   2     1   3593    E808
  1000  173197   1038  main   2     1   3593    E808
  1001  173218   1039  main   2     1   3593    E808
  1002  173239   1040  main   2     1   3593    E808
  1003  173260   1041  main   2     1   3593    E808
  1004  173281   1042  main   2     1   3593    E808
  1005  173302   1043  main   2     1   3593    E808
  1006  173323   1044  main   2     1   3593    E808
  1007  173344   1045  main   2     1   3593    E808
  1008  173365   1046  main   2     1   3593    E808
  1009  173386   1047  main   2     1   3593    E808
  1010  173407   1048  main   2     1   3593    E808
  1011  173428   1049  main   2     1   3593    E808
  1012  173449   1050  main   2     1   3593    E808
  1013  173470   1051  main   2     1   3593    E808
  1014  173491   1052  main   2     1   3593    E808
  1015  173512   1053  main   2     1   3593    E808
  1016  173533   1054  main   2     1   3593    E808
  1017  173554   1055  main   2     1   3593    E808
  1018  173575   1056  main   2     1   3593    E808
  1019  173596   1057  main   2     1   3593    E808
  1020  173617   1058  main   2     1   3593    E808
  1021  173638   1059  main   2     1   7780    E808
  1022  173659   1060  main   2     1   3593    E808
  1023  173680   1061  main   2     1   7780    E808
  1024  173701   1062  main   2     1   3593    E808
  1025  173722   1063  main   2     1   7780    E808
  1026  173743   1064  main   2     1   3593    E808
  1027  173764   1065  main   2     1   7783    E808
  1028  173785   1066  main   2     1   3593    E808
  1029  173806   1067  main   2     1   7783    E808
  1030  173827   1068  main   2     1   3593    E808
  1031  173848   1069  main   2     1   7783    E808
  1032  173869   1070  main   2     1   3593    E808
  1033  173890   1071  main   2     1   3596    E808
  1034  173911   1072  main   2     1   3593    E808
  1035  173932   1073  main   2     1   3596    E808
  1036  173953   1074  main   2     1   3593    E808
  1037  173974   1075  main   2     1   3596    E808
  1038  173995   1076  main   2     1   3593    E808
  1039  174016   1077  main   2     1   35A8    E808
  1040  174037   1078  main   2     1   3593    E808
  1041  174058   1079  main   2     1   35A8    E808
  1042  174079   1080  main   2     1   3593    E808
  1043  174100   1081  main   2     1   35A8    E808
  1044  174121   1082  main   2     1   3593    E808
  1045  174142   1083  main   2     1   35AB    E808
  1046  174163   1084  main   2     1   3593    E808
  1047  174184   1085  main   2     1   35AB    E808
  1048  174205   1086  main   2     1   3593    E808
  1049  174226   1087  main   2     1   35AC    E808
  1050  174247   1088  main   2     1   3593    E808
  1051  174268   1089  main   2     1   35AD    E808
  1052  174289   1090  main   2     1   3593    E808
  1053  174310   1091  main   2     1   3599    E808
  1054  174331   1092  main   2     1   3593    E808
  1055  174352   1093  main   2     1   3599    E808
  1056  174373   1094  main   2     1   3593    E808
  1057  174394   1095  main   2     1   3593    E808
  1058  174415   1096  main   2     1   3593    E808
  1059  174436   1097  main   2     1   3593    E808
  1060  174457   1098  main   2     1   3593    E808
  1061  174478   1099  main   2     1   3593    E808
  1062  174499   1100  main   2     1   3593    E808
  1063  174520   1101  main   2     1   3593    E808
  1064  174541   1102  main   2     1   3593    E808
  1065  174562   1103  main   2     1   3593    E808
  1066  174583   1104  main   2     1   3593    E808
  1067  174604   1105  main   2     1   3593    E808
  1068  174625   1106  main   2     1   3593    E808
  1069  174646   1107  main   2     1   3593    E808
  1070  174667   1108  main   2     1   3593    E808
  1071  174688   1109  main   2     1   3593    E808
  1072  174709   1110  main   2     1   3593    E808
  1073  174730   1111  main   2     1   3593    E808
  1074  174751   1112  main   2     1   3593    E808
  1075  174772   1113  main   2     1   3593    E808
  1076  174793   1114  main   2     1   3593    E808
  1077  174814   1115  main   2     1   3593    E808
  1078  174835   1116  main   2     1   3593    E808
  1079  174856   1117  main   2     1   3593    E808
  1080  174877   1118  main   2     1   3593    E808
  1081  174898   1119  main   2     1   3593    E808
  1082  174919   1120  main   2     1   3593    E808
  1083  174940   1121  main   2     1   3593    E808
  1084  174961   1122  main   2     1   3593    E808
  1085  174982   1123  main   2     1   3593    E808
  1086  175003   1124  main   2     1   7780    E808
  1087  175024   1125  main   2     1   3593    E808
  1088  175045   1126  main   2     1   7780    E808
  1089  175066   1127  main   2     1   3593    E808
  1090  175087   1128  main   2     1   7780    E808
  1091  175108   1129  main   2     1   3593    E808
  1092  175129   1130  main   2     1   7783    E808
  1093  175150   1131  main   2     1   3593    E808
  1094  175171   1132  main   2     1   7783    E808
  1095  175192   1133  main   2     1   3593    E808
  1096  175213   1134  main   2     1   7783    E808
  1097  175234   1135  main   2     1   3593    E808
  1098  175255   1136  main   2     1   7784    E808
  1099  175276   1137  main   2     1   3593    E808
  1100  175297   1138  main   2     1   3596    E808
  1101  175318   1139  main   2     1   3593    E808
  1102  175339   1140  main   2     1   3596    E808
  1103  175360   1141  main   2     1   3593    E808
  1104  175381   1142  main   2     1   35A8    E808
  1105  175402   1143  main   2     1   3593    E808
  1106  175423   1144  main   2     1   35A8    E808
  1107  175444   1145  main   2     1   3593    E808
  1108  175465   1146  main   2     1   35A8    E808
  1109  175486   1147  main   2     1   3593    E808
  1110  175507   1148  main   2     1   35AB    E808
  1111  175528   1149  main   2     1   3593    E808
  1112  175549   1150  main   2     1   35AB    E808
  1113  175570   1151  main   2     1   3593    E808
  1114  175591   1152  main   2     1   35AC    E808
  1115  175612   1153  main   2     1   3593    E808
  1116  175633   1154  main   2     1   35AC    E808
  1117  175654   1155  main   2     1   3593    E808
  1118  175675   1156  main   2     1   3599    E808
  1119  175696   1157  main   2     1   3593    E808
  1120  175717   1158  main   2     1   3599    E808
  1121  175738   1159  main   2     1   3593    E808
  1122  175759   1160  main   2     1   3599    E808
  1123  175780   1161  main   2     1   3593    E808
  1124  175801   1162  main   2     1   3593    E808
  1125  175822   1163  main   2     1   3593    E808
  1126  175843   1164  main   2     1   3593    E808
  1127  175864   1165  main   2     1   3593    E808
  1128  175885   1166  main   2     1   3593    E808
  1129  175906   1167  main   2     1   3593    E808
  1130  175927   1168  main   2     1   3593    E808
  1131  175948   1169  main   2     1   3593    E808
  1132  175969   1170  main   2     1   3593    E808
  1133  175990   1171  main   2     1   3593    E808
  1134  176011   1172  main   2     1   3593    E808
  1135  176032   1173  main   2     1   3593    E808
  1136  176053   1174  main   2     1   3593    E808
  1137  176074   1175  main   2     1   3593    E808
  1138  176095   1176  main   2     1   3593    E808
  1139  176116   1177  main   2     1   3593    E808
  1140  176137   1178  main   2     1   3593    E808
  1141  176158   1179  main   2     1   3593    E808
  1142  176179   1180  main   2     1   3593    E808
  1143  176200   1181  main   2     1   3593    E808
  1144  176221   1182  main   2     1   3593    E808
  1145  176242   1183  main   2     1   3593    E808
  1146  176263   1184  main   2     1   3593    E808
  1147  176284   1185  main   2     1   3593    E808
  1148  176305   1186  main   2     1   3593    E808
  1149  176326   1187  main   2     1   3593    E808
  1150  176347   1188  main   2     1   3593    E808
  1151  176368   1189  main   2     1   7780    E808
  1152  176389   1190  main   2     1   3593    E808
  1153  176410   1191  main   2     1   7780    E808
  1154  176431   1192  main   2     1   3593    E808
  1155  176452   1193  main   2     1   7780    E808
  1156  176473   1194  main   2     1   3593    E808
  1157  176494   1195  main   2     1   7783    E808
  1158  176515   1196  main   2     1   3593    E808
  1159  176536   1197  main   2     1   7783    E808
  1160  176557   1198  main   2     1   3593    E808
  1161  176578   1199  main   2     1   7783    E808
  1162  176599   1200  main   2     1   3593    E808
  1163  176620   1201  main   2     1   7784    E808
  1164  176641   1202  main   2     1   3593    E808
  1165  176662   1203  main   2     1   3596    E808
  1166  176683   1204  main   2     1   3593    E808
  1167  176704   1205  main   2     1   3596    E808
  1168  176725   1206  main   2     1   3593    E808
  1169  176746   1207  main   2     1   35A8    E808
  1170  176767   1208  main   2     1   3593    E808
  1171  176788   1209  main   2     1   35A8    E808
  1172  176809   1210  main   2     1   3593    E808
  1173  176830   1211  main   2     1   35A8    E808
  1174  176851   1212  main   2     1   3593    E808
  1175  176872   1213  main   2     1   35AB    E808
  1176  176893   1214  main   2     1   3593    E808
  1177  176914   1215  main   2     1   35AB    E808
  1178  176935   1216  main   2     1   3593    E808
  1179  176956   1217  main   2     1   35AC    E808
  1180  176977   1218  main   2     1   3593    E808
  1181  176998   1219  main   2     1   35AC    E808
  1182  177019   1220  main   2     1   3593    E808
  1183  177040   1221  main   2     1   35AD    E808
  1184  177061   1222  main   2     1   3593    E808
  1185  177082   1223  main   2     1   3599    E808
  1186  177103   1224  main   2     1   3593    E808
  1187  177124   1225  main   2     1   3599    E808
  1188  177145   1226  main   2     1   3593    E808
  1189  177166   1227  main   2     1   3593    E808
  1190  177187   1228  main   2     1   3593    E808
  1191  177208   1229  main   2     1   3593    E808
  1192  177229   1230  main   2     1   3593    E808
  1193  177250   1231  main   2     1   3593    E808
  1194  177271   1232  main   2     1   3593    E808
  1195  177292   1233  main   2     1   3593    E808
  1196  177313   1234  main   2     1   3593    E808
  1197  177334   1235  main   2     1   3593    E808
  1198  177355   1236  main   2     1   3593    E808
  1199  177376   1237  main   2     1   3593    E808
  1200  177397   1238  main   2     1   3593    E808
  1201  177418   1239  main   2     1   3593    E808
  1202  177439   1240  main   2     1   3593    E808
  1203  177460   1241  main   2     1   3593    E808
  1204  177481   1242  main   2     1   3593    E808
  1205  177502   1243  main   2     1   3593    E808
  1206  177523   1244  main   2     1   3593    E808
  1207  177544   1245  main   2     1   3593    E808
  1208  177565   1246  main   2     1   3593    E808
  1209  177586   1247  main   2     1   3593    E808
  1210  177607   1248  main   2     1   3593    E808
  1211  177628   1249  main   2     1   3593    E808
  1212  177649   1250  main   2     1   3593    E808
  1213  177670   1251  main   2     1   3593    E808
  1214  177691   1252  main   2     1   3593    E808
  1215  177712   1253  main   2     1   3593    E808
  1216  177733   1254  main   2     1   7780    E808
  1217  177754   1255  main   2     1   3593    E808
  1218  177775   1256  main   2     1   7780    E808
  1219  177796   1257  main   2     1   3593    E808
  1220  177817   1258  main   2     1   7780    E808
  1221  177838   1259  main   2     1   3593    E808
  1222  177859   1260  main   2     1   7780    E808
  1223  177880   1261  main   2     1   3593    E808
  1224  177901   1262  main   2     1   7783    E808
  1225  177922   1263  main   2     1   3593    E808
  1226  177943   1264  main   2     1   7783    E808
  1227  177964   1265  main   2     1   3593    E808
  1228  177985   1266  main   2     1   7784    E808
  1229  178006   1267  main   2     1   3593    E808
  1230  178027   1268  main   2     1   3596    E808
  1231  178048   1269  main   2     1   3593    E808
  1232  178069   1270  main   2     1   3596    E808
  1233  178090   1271  main   2     1   3593    E808
  1234  178111   1272  main   2     1   35A8    E808
  1235  178132   1273  main   2     1   3593    E808
  1236  178153   1274  main   2     1   35A8    E808
  1237  178174   1275  main   2     1   3593    E808
  1238  178195   1276  main   2     1   35A8    E808
  1239  178216   1277  main   2     1   3593    E808
  1240  178237   1278  main   2     1   35A8    E808
  1241  178258   1279  main   2     1   3593    E808
  1242  178279   1280  main   2     1   35AB    E808
  1243  178300   1281  main   2     1   3593    E808
  1244  178321   1282  main   2     1   35AB    E808
  1245  178342   1283  main   2     1   3593    E808
  1246  178363   1284  main   2     1   35AC    E808
  1247  178384   1285  main   2     1   3593    E808
  1248  178405   1286  main   2     1   35AD    E808
  1249  178426   1287  main   2     1   3593    E808
  1250  178447   1288  main   2     1   3599    E808
  1251  178468   1289  main   2     1   3593    E808
  1252  178489   1290  main   2     1   3599    E808
  1253  178510   1291  main   2     1   3593    E808
  1254  178531   1292  main   2     1   3593    E808
  1255  178552   1293  main   2     1   3593    E808
  1256  178573   1294  main   2     1   3593    E808
  1257  178594   1295  main   2     1   3593    E808
  1258  178615   1296  main   2     1   3593    E808
  1259  178636   1297  main   2     1   3593    E808
  1260  178657   1298  main   2     1   3593    E808
  1261  178678   1299  main   2     1   3593    E808
  1262  178699   1300  main   2     1   3593    E808
  1263  178720   1301  main   2     1   3593    E808
  1264  178741   1302  main   2     1   3593    E808
  1265  178762   1303  main   2     1   3593    E808
  1266  178783   1304  main   2     1   3593    E808
  1267  178804   1305  main   2     1   3593    E808
  1268  178825   1306  main   2     1   3593    E808
  1269  178846   1307  main   2     1   3593    E808
  1270  178867   1308  main   2     1   3593    E808
  1271  178888   1309  main   2     1   3593    E808
  1272  178909   1310  main   2     1   3593    E808
  1273  178930   1311  main   2     1   3593    E808
  1274  178951   1312  main   2     1   3593    E808
  1275  178972   1313  main   2     1   3593    E808
  1276  178993   1314  main   2     1   3593    E808
  1277  179014   1315  main   2     1   3593    E808
  1278  179035   1316  main   2     1   3593    E808
  1279  179056   1317  main   2     1   3593    E808
  1280  179077   1318  main   2     1   3593    E808
  1281  179098   1319  main   2     1   7780    E808
  1282  179119   1320  main   2     1   3593    E808
  1283  179140   1321  main   2     1   7780    E808
  1284  179161   1322  main   2     1   3593    E808
  1285  179182   1323  main   2     1   7780    E808
  1286  179203   1324  main   2     1   3593    E808
  1287  179224   1325  main   2     1   7780    E808
  1288  179245   1326  main   2     1   3593    E808
  1289  179266   1327  main   2     1   7783    E808
  1290  179287   1328  main   2     1   3593    E808
  1291  179308   1329  main   2     1   7783    E808
  1292  179329   1330  main   2     1   3593    E808
  1293  179350   1331  main   2     1   7784    E808
  1294  179371   1332  main   2     1   3593    E808
  1295  179392   1333  main   2     1   3596    E808
  1296  179413   1334  main   2     1   3593    E808
  1297  179434   1335  main   2     1   3596    E808
  1298  179455   1336  main   2     1   3593    E808
  1299  179476   1337  main   2     1   35A8    E808
  1300  179497   1338  main   2     1   3593    E808
  1301  179518   1339  main   2     1   35A8    E808
  1302  179539   1340  main   2     1   3593    E808
  1303  179560   1341  main   2     1   35A8    E808
  1304  179581   1342  main   2     1   3593    E808
  1305  179602   1343  main   2     1   35A8    E808
  1306  179623   1344  main   2     1   3593    E808
  1307  179644   1345  main   2     1   35AB    E808
  1308  179665   1346  main   2     1   3593    E808
  1309  179686   1347  main   2     1   35AB    E808
  1310  179707   1348  main   2     1   3593    E808
  1311  179728   1349  main   2     1   35AC    E808
  1312  179749   1350  main   2     1   3593    E808
  1313  179770   1351  main   2     1   35AD    E808
  1314  179791   1352  main   2     1   3593    E808
  1315  179812   1353  main   2     1   3599    E808
  1316  179833   1354  main   2     1   3593    E808
  1317  179854   1355  main   2     1   3599    E808
  1318  179875   1356  main   2     1   3593    E808
  1319  179896   1357  main   2     1   3593    E808
  1320  179917   1358  main   2     1   3593    E808
  1321  179938   1359  main   2     1   3593    E808
  1322  179959   1360  main   2     1   3593    E808
  1323  179980   1361  main   2     1   3593    E808
  1324  180001   1362  main   2     1   3593    E808
  1325  180022   1363  main   2     1   3593    E808
  1326  180043   1364  main   2     1   3593    E808
  1327  180064   1365  main   2     1   3593    E808
  1328  180085   1366  main   2     1   3593    E808
  1329  180106   1367  main   2     1   3593    E808
  1330  180127   1368  main   2     1   3593    E808
  1331  180148   1369  main   2     1   3593    E808
  1332  180169   1370  main   2     1   3593    E808
  1333  180190   1371  main   2     1   3593    E808
  1334  180211   1372  main   2     1   3593    E808
  1335  180232   1373  main   2     1   3593    E808
  1336  180253   1374  main   2     1   3593    E808
  1337  180274   1375  main   2     1   3593    E808
  1338  180295   1376  main   2     1   3593    E808
  1339  180316   1377  main   2     1   3593    E808
  1340  180337   1378  main   2     1   3593    E808
  1341  180358   1379  main   2     1   3593    E808
  1342  180379   1380  main   2     1   3593    E808
  1343  180400   1381  main   2     1   3593    E808
  1344  180421   1382  main   2     1   3593    E808
  1345  180442   1383  main   2     1   3593    E808
  1346  180463   1384  main   2     1   3593    E808
  1347  180484   1385  main   2     1   3593    E808
  1348  180505   1386  main   2     1   7780    E808
  1349  180526   1387  main   2     1   3593    E808
  1350  180547   1388  main   2     1   7780    E808
  1351  180568   1389  main   2     1   3593    E808
  1352  180589   1390  main   2     1   7780    E808
  1353  180610   1391  main   2     1   3593    E808
  1354  180631   1392  main   2     1   7783    E808
  1355  180652   1393  main   2     1   3593    E808
  1356  180673   1394  main   2     1   7783    E808
  1357  180694   1395  main   2     1   3593    E808
  1358  180715   1396  main   2     1   7783    E808
  1359  180736   1397  main   2     1   3593    E808
  1360  180757   1398  main   2     1   3596    E808
  1361  180778   1399  main   2     1   3593    E808
  1362  180799   1400  main   2     1   3596    E808
  1363  180820   1401  main   2     1   3593    E808
  1364  180841   1402  main   2     1   3596    E808
  1365  180862   1403  main   2     1   3593    E808
  1366  180883   1404  main   2     1   35A8    E808
  1367  180904   1405  main   2     1   3593    E808
  1368  180925   1406  main   2     1   35A8    E808
  1369  180946   1407  main   2     1   3593    E808
  1370  180967   1408  main   2     1   35A8    E808
  1371  180988   1409  main   2     1   3593    E808
  1372  181009   1410  main   2     1   35AB    E808
  1373  181030   1411  main   2     1   3593    E808
  1374  181051   1412  main   2     1   35AB    E808
  1375  181072   1413  main   2     1   3593    E808
  1376  181093   1414  main   2     1   35AC    E808
  1377  181114   1415  main   2     1   3593    E808
  1378  181135   1416  main   2     1   35AD    E808
  1379  181156   1417  main   2     1   3593    E808
  1380  181177   1418  main   2     1   3599    E808
  1381  181198   1419  main   2     1   3593    E808
  1382  181219   1420  main   2     1   3599    E808
  1383  181240   1421  main   2     1   3593    E808
  1384  181261   1422  main   2     1   3593    E808
  1385  181282   1423  main   2     1   3593    E808
  1386  181303   1424  main   2     1   3593    E808
  1387  181324   1425  main   2     1   3593    E808
  1388  181345   1426  main   2     1   3593    E808
  1389  181366   1427  main   2     1   3593    E808
  1390  181387   1428  main   2     1   3593    E808
  1391  181408   1429  main   2     1   3593    E808
  1392  181429   1430  main   2     1   3593    E808
  1393  181450   1431  main   2     1   3593    E808
  1394  181471   1432  main   2     1   3593    E808
  1395  181492   1433  main   2     1   3593    E808
  1396  181513   1434  main   2     1   3593    E808
  1397  181534   1435  main   2     1   3593    E808
  1398  181555   1436  main   2     1   3593    E808
  1399  181576   1437  main   2     1   3593    E808
  1400  181597   1438  main   2     1   3593    E808
  1401  181618   1439  main   2     1   3593    E808
  1402  181639   1440  main   2     1   3593    E808
  1403  181660   1441  main   2     1   3593    E808
  1404  181681   1442  main   2     1   3593    E808
  1405  181702   1443  main   2     1   3593    E808
  1406  181723   1444  main   2     1   3593    E808
  1407  181744   1445  main   2     1   3593    E808
  1408  181765   1446  main   2     1   3593    E808
  1409  181786   1447  main   2     1   3593    E808
  1410  181807   1448  main   2     1   3593    E808
  1411  181828   1449  main   2     1   3593    E808
  1412  181849   1450  main   2     1   3593    E808
  1413  181870   1451  main   2     1   7780    E808
  1414  181891   1452  main   2     1   3593    E808
  1415  181912   1453  main   2     1   7780    E808
  1416  181933   1454  main   2     1   3593    E808
  1417  181954   1455  main   2     1   7780    E808
  1418  181975   1456  main   2     1   3593    E808
  1419  181996   1457  main   2     1   7783    E808
  1420  182017   1458  main   2     1   3593    E808
  1421  182038   1459  main   2     1   7783    E808
  1422  182059   1460  main   2     1   3593    E808
  1423  182080   1461  main   2     1   7783    E808
  1424  182101   1462  main   2     1   3593    E808
  1425  182122   1463  main   2     1   7784    E808
  1426  182143   1464  main   2     1   3593    E808
  1427  182164   1465  main   2     1   3596    E808
  1428  182185   1466  main   2     1   3593    E808
  1429  182206   1467  main   2     1   3596    E808
  1430  182227   1468  main   2     1   3593    E808
  1431  182248   1469  main   2     1   35A8    E808
  1432  182269   1470  main   2     1   3593    E808
  1433  182290   1471  main   2     1   35A8    E808
  1434  182311   1472  main   2     1   3593    E808
  1435  182332   1473  main   2     1   35A8    E808
  1436  182353   1474  main   2     1   3593    E808
  1437  182374   1475  main   2     1   35AB    E808
  1438  182395   1476  main   2     1   3593    E808
  1439  182416   1477  main   2     1   35AB    E808
  1440  182437   1478  main   2     1   3593    E808
  1441  182458   1479  main   2     1   35AC    E808
  1442  182479   1480  main   2     1   3593    E808
  1443  182500   1481  main   2     1   35AC    E808
  1444  182521   1482  main   2     1   3593    E808
  1445  182542   1483  main   2     1   3599    E808
  1446  182563   1484  main   2     1   3593    E808
  1447  182584   1485  main   2     1   3599    E808
  1448  182605   1486  main   2     1   3593    E808
  1449  182626   1487  main   2     1   3599    E808
  1450  182647   1488  main   2     1   3593    E808
  1451  182668   1489  main   2     1   3593    E808
  1452  182689   1490  main   2     1   3593    E808
  1453  182710   1491  main   2     1   3593    E808
  1454  182731   1492  main   2     1   3593    E808
  1455  182752   1493  main   2     1   3593    E808
  1456  182773   1494  main   2     1   3593    E808
  1457  182794   1495  main   2     1   3593    E808
  1458  182815   1496  main   2     1   3593    E808
  1459  182836   1497  main   2     1   3593    E808
  1460  182857   1498  main   2     1   3593    E808
  1461  182878   1499  main   2     1   3593    E808
  1462  182899   1500  main   2     1   3593    E808
  1463  182920   1501  main   2     1   3593    E808
  1464  182941   1502  main   2     1   3593    E808
  1465  182962   1503  main   2     1   3593    E808
  1466  182983   1504  main   2     1   3593    E808
  1467  183004   1505  main   2     1   3593    E808
  1468  183025   1506  main   2     1   3593    E808
  1469  183046   1507  main   2     1   3593    E808
  1470  183067   1508  main   2     1   3593    E808
  1471  183088   1509  main   2     1   3593    E808
  1472  183109   1510  main   2     1   3593    E808
  1473  183130   1511  main   2     1   3593    E808
  1474  183151   1512  main   2     1   3593    E808
  1475  183172   1513  main   2     1   3593    E808
  1476  183193   1514  main   2     1   3593    E808
  1477  183214   1515  main   2     1   3593    E808
  1478  183235   1516  main   2     1   7780    E808
  1479  183256   1517  main   2     1   3593    E808
  1480  183277   1518  main   2     1   7780    E808
  1481  183298   1519  main   2     1   3593    E808
  1482  183319   1520  main   2     1   7780    E808
  1483  183340   1521  main   2     1   3593    E808
  1484  183361   1522  main   2     1   7783    E808
  1485  183382   1523  main   2     1   3593    E808
  1486  183403   1524  main   2     1   7783    E808
  1487  183424   1525  main   2     1   3593    E808
  1488  183445   1526  main   2     1   7783    E808
  1489  183466   1527  main   2     1   3593    E808
  1490  183487   1528  main   2     1   7784    E808
  1491  183508   1529  main   2     1   3593    E808
  1492  183529   1530  main   2     1   3596    E808
  1493  183550   1531  main   2     1   3593    E808
  1494  183571   1532  main   2     1   3596    E808
  1495  183592   1533  main   2     1   3593    E808
  1496  183613   1534  main   2     1   35A8    E808
  1497  183634   1535  main   2     1   3593    E808
  1498  183655   1536  main   2     1   35A8    E808
  1499  183676   1537  main   2     1   3593    E808
  1500  183697   1538  main   2     1   35A8    E808
  1501  183718   1539  main   2     1   3593    E808
  1502  183739   1540  main   2     1   35AB    E808
  1503  183760   1541  main   2     1   3593    E808
  1504  183781   1542  main   2     1   35AB    E808
  1505  183802   1543  main   2     1   3593    E808
  1506  183823   1544  main   2     1   35AC    E808
  1507  183844   1545  main   2     1   3593    E808
  1508  183865   1546  main   2     1   35AC    E808
  1509  183886   1547  main   2     1   3593    E808
  1510  183907   1548  main   2     1   35AD    E808
  1511  183928   1549  main   2     1   3593    E808
  1512  183949   1550  main   2     1   3599    E808
  1513  183970   1551  main   2     1   3593    E808
  1514  183991   1552  main   2     1   3599    E808
  1515  184012   1553  main   2     1   3593    E808
  1516  184033   1554  main   2     1   3593    E808
  1517  184054   1555  main   2     1   3593    E808
  1518  184075   1556  main   2     1   3593    E808
  1519  184096   1557  main   2     1   3593    E808
  1520  184117   1558  main   2     1   3593    E808
  1521  184138   1559  main   2     1   3593    E808
  1522  184159   1560  main   2     1   3593    E808
  1523  184180   1561  main   2     1   3593    E808
  1524  184201   1562  main   2     1   3593    E808
  1525  184222   1563  main   2     1   3593    E808
  1526  184243   1564  main   2     1   3593    E808
  1527  184264   1565  main   2     1   3593    E808
  1528  184285   1566  main   2     1   3593    E808
  1529  184306   1567  main   2     1   3593    E808
  1530  184327   1568  main   2     1   3593    E808
  1531  184348   1569  main   2     1   3593    E808
  1532  184369   1570  main   2     1   3593    E808
  1533  184390   1571  main   2     1   3593    E808
  1534  184411   1572  main   2     1   3593    E808
  1535  184432   1573  main   2     1   3593    E808
  1536  184453   1574  main   2     1   3593    E808
  1537  184474   1575  main   2     1   3593    E808
  1538  184495   1576  main   2     1   3593    E808
  1539  184516   1577  main   2     1   3593    E808
  1540  184537   1578  main   2     1   3593    E808
  1541  184558   1579  main   2     1   3593    E808
  1542  184579   1580  main   2     1   3593    E808
  1543  184600   1581  main   2     1   7780    E808
  1544  184621   1582  main   2     1   3593    E808
  1545  184642   1583  main   2     1   7780    E808
  1546  184663   1584  main   2     1   3593    E808
  1547  184684   1585  main   2     1   7780    E808
  1548  184705   1586  main   2     1   3593    E808
  1549  184726   1587  main   2     1   7780    E808
  1550  184747   1588  main   2     1   3593    E808
  1551  184768   1589  main   2     1   7783    E808
  1552  184789   1590  main   2     1   3593    E808
  1553  184810   1591  main   2     1   7783    E808
  1554  184831   1592  main   2     1   3593    E808
  1555  184852   1593  main   2     1   7784    E808
  1556  184873   1594  main   2     1   3593    E808
  1557  184894   1595  main   2     1   3596    E808
  1558  184915   1596  main   2     1   3593    E808
  1559  184936   1597  main   2     1   3596    E808
  1560  184957   1598  main   2     1   3593    E808
  1561  184978   1599  main   2     1   35A8    E808
  1562  184999   1600  main   2     1   3593    E808
  1563  185020   1601  main   2     1   35A8    E808
  1564  185041   1602  main   2     1   3593    E808
  1565  185062   1603  main   2     1   35A8    E808
  1566  185083   1604  main   2     1   3593    E808
  1567  185104   1605  main   2     1   35A8    E808
  1568  185125   1606  main   2     1   3593    E808
  1569  185146   1607  main   2     1   35AB    E808
  1570  185167   1608  main   2     1   3593    E808
  1571  185188   1609  main   2     1   35AB    E808
  1572  185209   1610  main   2     1   3593    E808
  1573  185230   1611  main   2     1   35AC    E808
  1574  185251   1612  main   2     1   3593    E808
  1575  185272   1613  main   2     1   35AD    E808
  1576  185293   1614  main   2     1   3593    E808
  1577  185314   1615  main   2     1   3599    E808
  1578  185335   1616  main   2     1   3593    E808
  1579  185356   1617  main   2     1   3599    E808
  1580  185377   1618  main   2     1   3593    E808
  1581  185398   1619  main   2     1   3593    E808
  1582  185419   1620  main   2     1   3593    E808
  1583  185440   1621  main   2     1   3593    E808
  1584  185461   1622  main   2     1   3593    E808
  1585  185482   1623  main   2     1   3593    E808
  1586  185503   1624  main   2     1   3593    E808
  1587  185524   1625  main   2     1   3593    E808
  1588  185545   1626  main   2     1   3593    E808
  1589  185566   1627  main   2     1   3593    E808
  1590  185587   1628  main   2     1   3593    E808
  1591  185608   1629  main   2     1   3593    E808
  1592  185629   1630  main   2     1   3593    E808
  1593  185650   1631  main   2     1   3593    E808
  1594  185671   1632  main   2     1   3593    E808
  1595  185692   1633  main   2     1   3593    E808
  1596  185713   1634  main   2     1   3593    E808
  1597  185734   1635  main   2     1   3593    E808
  1598  185755   1636  main   2     1   3593    E808
  1599  185776   1637  main   2     1   3593    E808
  1600  185797   1638  main   2     1   3593    E808
  1601  185818   1639  main   2     1   3593    E808
  1602  185839   1640  main   2     1   3593    E808
  1603  185860   1641  main   2     1   3593    E808
  1604  185881   1642  main   2     1   3593    E808
  1605  185902   1643  main   2     1   3593    E808
  1606  185923   1644  main   2     1   3593    E808
  1607  185944   1645  main   2     1   3593    E808
  1608  185965   1646  main   2     1   7780    E808
  1609  185986   1647  main   2     1   3593    E808
  1610  186007   1648  main   2     1   7780    E808
  1611  186028   1649  main   2     1   3593    E808
  1612  186049   1650  main   2     1   7780    E808
  1613  186070   1651  main   2     1   3593    E808
  1614  186091   1652  main   2     1   7780    E808
  1615  186112   1653  main   2     1   3593    E808
  1616  186133   1654  main   2     1   7783    E808
  1617  186154   1655  main   2     1   3593    E808
  1618  186175   1656  main   2     1   7783    E808
  1619  186196   1657  main   2     1   3593    E808
  1620  186217   1658  main   2     1   7784    E808
  1621  186238   1659  main   2     1   3593    E808
  1622  186259   1660  main   2     1   3596    E808
  1623  186280   1661  main   2     1   3593    E808
  1624  186301   1662  main   2     1   3596    E808
  1625  186322   1663  main   2     1   3593    E808
  1626  186343   1664  main   2     1   35A8    E808
  1627  186364   1665  main   2     1   3593    E808
  1628  186385   1666  main   2     1   35A8    E808
  1629  186406   1667  main   2     1   3593    E808
  1630  186427   1668  main   2     1   35A8    E808
  1631  186448   1669  main   2     1   3593    E808
  1632  186469   1670  main   2     1   35A8    E808
  1633  186490   1671  main   2     1   3593    E808
  1634  186511   1672  main   2     1   35AB    E808
  1635  186532   1673  main   2     1   3593    E808
  1636  186553   1674  main   2     1   35AB    E808
  1637  186574   1675  main   2     1   3593    E808
  1638  186595   1676  main   2     1   35AC    E808
  1639  186616   1677  main   2     1   3593    E808
  1640  186637   1678  main   2     1   35AD    E808
  1641  186658   1679  main   2     1   3593    E808
  1642  186679   1680  main   2     1   3599    E808
  1643  186700   1681  main   2     1   3593    E808
  1644  186721   1682  main   2     1   3599    E808
  1645  186742   1683  main   2     1   3593    E808
  1646  186763   1684  main   2     1   3593    E808
  1647  186784   1685  main   2     1   3593    E808
  1648  186805   1686  main   2     1   3593    E808
  1649  186826   1687  main   2     1   3593    E808
  1650  186847   1688  main   2     1   3593    E808
  1651  186868   1689  main   2     1   3593    E808
  1652  186889   1690  main   2     1   3593    E808
  1653  186910   1691  main   2     1   3593    E808
  1654  186931   1692  main   2     1   3593    E808
  1655  186952   1693  main   2     1   3593    E808
  1656  186973   1694  main   2     1   3593    E808
  1657  186994   1695  main   2     1   3593    E808
  1658  187015   1696  main   2     1   3593    E808
  1659  187036   1697  main   2     1   3593    E808
  1660  187057   1698  main   2     1   3593    E808
  1661  187078   1699  main   2     1   3593    E808
  1662  187099   1700  main   2     1   3593    E808
  1663  187120   1701  main   2     1   3593    E808
  1664  187141   1702  main   2     1   3593    E808
  1665  187162   1703  main   2     1   3593    E808
  1666  187183   1704  main   2     1   3593    E808
  1667  187204   1705  main   2     1   3593    E808
  1668  187225   1706  main   2     1   3593    E808
  1669  187246   1707  main   2     1   3593    E808
  1670  187267   1708  main   2     1   3593    E808
  1671  187288   1709  main   2     1   3593    E808
  1672  187309   1710  main   2     1   3593    E808
  1673  187330   1711  main   2     1   3593    E808
  1674  187351   1712  main   2     1   3593    E808
  1675  187372   1713  main   2     1   7780    E808
  1676  187393   1714  main   2     1   3593    E808
  1677  187414   1715  main   2     1   7780    E808
  1678  187435   1716  main   2     1   3593    E808
  1679  187456   1717  main   2     1   7780    E808
  1680  187477   1718  main   2     1   3593    E808
  1681  187498   1719  main   2     1   7783    E808
  1682  187519   1720  main   2     1   3593    E808
  1683  187540   1721  main   2     1   7783    E808
  1684  187561   1722  main   2     1   3593    E808
  1685  187582   1723  main   2     1   7783    E808
  1686  187603   1724  main   2     1   3593    E808
  1687  187624   1725  main   2     1   3596    E808
  1688  187645   1726  main   2     1   3593    E808
  1689  187666   1727  main   2     1   3596    E808
  1690  187687   1728  main   2     1   3593    E808
  1691  187708   1729  main   2     1   3596    E808
  1692  187729   1730  main   2     1   3593    E808
  1693  187750   1731  main   2     1   35A8    E808
  1694  187771   1732  main   2     1   3593    E808
  1695  187792   1733  main   2     1   35A8    E808
  1696  187813   1734  main   2     1   3593    E808
  1697  187834   1735  main   2     1   35A8    E808
  1698  187855   1736  main   2     1   3593    E808
  1699  187876   1737  main   2     1   35AB    E808
  1700  187897   1738  main   2     1   3593    E808
  1701  187918   1739  main   2     1   35AB    E808
  1702  187939   1740  main   2     1   3593    E808
  1703  187960   1741  main   2     1   35AC    E808
  1704  187981   1742  main   2     1   3593    E808
  1705  188002   1743  main   2     1   35AD    E808
  1706  188023   1744  main   2     1   3593    E808
  1707  188044   1745  main   2     1   3599    E808
  1708  188065   1746  main   2     1   3593    E808
  1709  188086   1747  main   2     1   3599    E808
  1710  188107   1748  main   2     1   3593    E808
  1711  188128   1749  main   2     1   3593    E808
  1712  188149   1750  main   2     1   3593    E808
  1713  188170   1751  main   2     1   3593    E808
  1714  188191   1752  main   2     1   3593    E808
  1715  188212   1753  main   2     1   3593    E808
  1716  188233   1754  main   2     1   3593    E808
  1717  188254   1755  main   2     1   3593    E808
  1718  188275   1756  main   2     1   3593    E808
  1719  188296   1757  main   2     1   3593    E808
  1720  188317   1758  main   2     1   3593    E808
  1721  188338   1759  main   2     1   3593    E808
  1722  188359   1760  main   2     1   3593    E808
  1723  188380   1761  main   2     1   3593    E808
  1724  188401   1762  main   2     1   3593    E808
  1725  188422   1763  main   2     1   3593    E808
  1726  188443   1764  main   2     1   3593    E808
  1727  188464   1765  main   2     1   3593    E808
  1728  188485   1766  main   2     1   3593    E808
  1729  188506   1767  main   2     1   3593    E808
  1730  188527   1768  main   2     1   3593    E808
  1731  188548   1769  main   2     1   3593    E808
  1732  188569   1770  main   2     1   3593    E808
  1733  188590   1771  main   2     1   3593    E808
  1734  188611   1772  main   2     1   3593    E808
  1735  188632   1773  main   2     1   3593    E808
  1736  188653   1774  main   2     1   3593    E808
  1737  188674   1775  main   2     1   3593    E808
  1738  188695   1776  main   2     1   3593    E808
  1739  188716   1777  main   2     1   3593    E808
  1740  188737   1778  main   2     1   7780    E808
  1741  188758   1779  main   2     1   3593    E808
  1742  188779   1780  main   2     1   7780    E808
  1743  188800   1781  main   2     1   3593    E808
  1744  188821   1782  main   2     1   7780    E808
  1745  188842   1783  main   2     1   3593    E808
  1746  188863   1784  main   2     1   7783    E808
  1747  188884   1785  main   2     1   3593    E808
  1748  188905   1786  main   2     1   7783    E808
  1749  188926   1787  main   2     1   3593    E808
  1750  188947   1788  main   2     1   7783    E808
  1751  188968   1789  main   2     1   3593    E808
  1752  188989   1790  main   2     1   7784    E808
  1753  189010   1791  main   2     1   3593    E808
  1754  189031   1792  main   2     1   3596    E808
  1755  189052   1793  main   2     1   3593    E808
  1756  189073   1794  main   2     1   3596    E808
  1757  189094   1795  main   2     1   3593    E808
  1758  189115   1796  main   2     1   35A8    E808
  1759  189136   1797  main   2     1   3593    E808
  1760  189157   1798  main   2     1   35A8    E808
  1761  189178   1799  main   2     1   3593    E808
# 取りこぼし: 0件 / 総イベント数: 1761件

# sub
# seq    clock   frame  cpu   im  level  ret_pc  handler_pc
     1    7124     20  sub    0     0   01CE    01CE
     2    7140     20  sub    0     0   01CE    01CE
     3    7153     20  sub    0     0   01CE    01CE
     4    7166     20  sub    0     0   01CE    01CE
     5    7182     20  sub    0     0   01CE    01CE
     6    7195     20  sub    0     0   01CE    01CE
     7    7208     20  sub    0     0   01CE    01CE
     8    7737     35  sub    0     0   01CE    01CE
     9    7772     35  sub    0     0   0300    0300
    10    7775     35  sub    0     0   0300    0300
    11    7778     35  sub    0     0   0300    0300
    12    7781     35  sub    0     0   0300    0300
    13    7784     35  sub    0     0   0300    0300
    14    7787     35  sub    0     0   0300    0300
    15    7790     35  sub    0     0   0300    0300
    16    7793     35  sub    0     0   0300    0300
    17    7796     35  sub    0     0   0300    0300
    18    7799     35  sub    0     0   0300    0300
    19    7802     35  sub    0     0   0300    0300
    20    7805     35  sub    0     0   0300    0300
    21    7808     35  sub    0     0   0300    0300
    22    7811     35  sub    0     0   0300    0300
    23    7814     35  sub    0     0   0300    0300
    24    7817     35  sub    0     0   0300    0300
    25    7820     35  sub    0     0   0300    0300
    26    7823     35  sub    0     0   0300    0300
    27    7826     35  sub    0     0   0300    0300
    28    7829     35  sub    0     0   0300    0300
    29    7832     35  sub    0     0   0300    0300
    30    7835     35  sub    0     0   0300    0300
    31    7838     35  sub    0     0   0300    0300
    32    7841     35  sub    0     0   0300    0300
    33    7844     35  sub    0     0   0300    0300
    34    7847     35  sub    0     0   0300    0300
    35    7850     35  sub    0     0   0300    0300
    36    7853     35  sub    0     0   0300    0300
    37    7856     35  sub    0     0   0300    0300
    38    7859     35  sub    0     0   0300    0300
    39    7862     35  sub    0     0   0300    0300
    40    7865     35  sub    0     0   0300    0300
    41    7868     35  sub    0     0   0300    0300
    42    7871     35  sub    0     0   0300    0300
    43    7874     35  sub    0     0   0300    0300
    44    7877     35  sub    0     0   0300    0300
    45    7880     35  sub    0     0   0300    0300
    46    7883     35  sub    0     0   0300    0300
    47    7886     35  sub    0     0   0300    0300
    48    7889     35  sub    0     0   0300    0300
    49    7892     35  sub    0     0   0300    0300
    50    7895     35  sub    0     0   0300    0300
    51    7898     35  sub    0     0   0300    0300
    52    7901     35  sub    0     0   0300    0300
    53    7904     35  sub    0     0   0300    0300
    54    7907     35  sub    0     0   0300    0300
    55    7910     35  sub    0     0   0300    0300
    56    7913     35  sub    0     0   0300    0300
    57    7916     35  sub    0     0   0300    0300
    58    7919     35  sub    0     0   0300    0300
    59    7922     35  sub    0     0   0300    0300
    60    7925     35  sub    0     0   0300    0300
    61    7928     35  sub    0     0   0300    0300
    62    7931     35  sub    0     0   0300    0300
    63    7934     35  sub    0     0   0300    0300
    64    7937     35  sub    0     0   0300    0300
    65    7940     35  sub    0     0   0300    0300
    66    7943     35  sub    0     0   0300    0300
    67    7946     35  sub    0     0   0300    0300
    68    7949     35  sub    0     0   0300    0300
    69    7952     35  sub    0     0   0300    0300
    70    7955     35  sub    0     0   0300    0300
    71    7958     35  sub    0     0   0300    0300
    72    7961     35  sub    0     0   0300    0300
    73    7964     35  sub    0     0   0300    0300
    74    7967     35  sub    0     0   0300    0300
    75    7970     35  sub    0     0   0300    0300
    76    7973     35  sub    0     0   0300    0300
    77    7976     35  sub    0     0   0300    0300
    78    7979     35  sub    0     0   0300    0300
    79    7982     35  sub    0     0   0300    0300
    80    7985     35  sub    0     0   0300    0300
    81    7988     35  sub    0     0   0300    0300
    82    7991     35  sub    0     0   0300    0300
    83    7994     35  sub    0     0   0300    0300
    84    7997     35  sub    0     0   0300    0300
    85    8000     35  sub    0     0   0300    0300
    86    8003     35  sub    0     0   0300    0300
    87    8006     35  sub    0     0   0300    0300
    88    8009     35  sub    0     0   0300    0300
    89    8012     35  sub    0     0   0300    0300
    90    8015     35  sub    0     0   0300    0300
    91    8018     35  sub    0     0   0300    0300
    92    8021     35  sub    0     0   0300    0300
    93    8024     35  sub    0     0   0300    0300
    94    8027     35  sub    0     0   0300    0300
    95    8030     35  sub    0     0   0300    0300
    96    8033     35  sub    0     0   0300    0300
    97    8036     35  sub    0     0   0300    0300
    98    8039     35  sub    0     0   0300    0300
    99    8042     35  sub    0     0   0300    0300
   100    8045     35  sub    0     0   0300    0300
   101    8048     35  sub    0     0   0300    0300
   102    8051     35  sub    0     0   0300    0300
   103    8054     35  sub    0     0   0300    0300
   104    8057     35  sub    0     0   0300    0300
   105    8060     35  sub    0     0   0300    0300
   106    8063     35  sub    0     0   0300    0300
   107    8066     35  sub    0     0   0300    0300
   108    8069     35  sub    0     0   0300    0300
   109    8072     35  sub    0     0   0300    0300
   110    8075     35  sub    0     0   0300    0300
   111    8078     35  sub    0     0   0300    0300
   112    8081     35  sub    0     0   0300    0300
   113    8084     35  sub    0     0   0300    0300
   114    8087     35  sub    0     0   0300    0300
   115    8090     35  sub    0     0   0300    0300
   116    8093     35  sub    0     0   0300    0300
   117    8096     35  sub    0     0   0300    0300
   118    8099     35  sub    0     0   0300    0300
   119    8102     35  sub    0     0   0300    0300
   120    8105     35  sub    0     0   0300    0300
   121    8108     35  sub    0     0   0300    0300
   122    8111     35  sub    0     0   0300    0300
   123    8114     35  sub    0     0   0300    0300
   124    8117     35  sub    0     0   0300    0300
   125    8120     35  sub    0     0   0300    0300
   126    8123     35  sub    0     0   0300    0300
   127    8126     35  sub    0     0   0300    0300
   128    8129     35  sub    0     0   0300    0300
   129    8132     35  sub    0     0   0300    0300
   130    8135     35  sub    0     0   0300    0300
   131    8138     35  sub    0     0   0300    0300
   132    8141     35  sub    0     0   0300    0300
   133    8144     35  sub    0     0   0300    0300
   134    8147     35  sub    0     0   0300    0300
   135    8150     35  sub    0     0   0300    0300
   136    8153     35  sub    0     0   0300    0300
   137    8156     35  sub    0     0   0300    0300
   138    8159     35  sub    0     0   0300    0300
   139    8162     35  sub    0     0   0300    0300
   140    8165     35  sub    0     0   0300    0300
   141    8168     35  sub    0     0   0300    0300
   142    8171     35  sub    0     0   0300    0300
   143    8174     35  sub    0     0   0300    0300
   144    8177     35  sub    0     0   0300    0300
   145    8180     35  sub    0     0   0300    0300
   146    8183     35  sub    0     0   0300    0300
   147    8186     35  sub    0     0   0300    0300
   148    8189     35  sub    0     0   0300    0300
   149    8192     35  sub    0     0   0300    0300
   150    8195     35  sub    0     0   0300    0300
   151    8198     35  sub    0     0   0300    0300
   152    8201     35  sub    0     0   0300    0300
   153    8204     35  sub    0     0   0300    0300
   154    8207     35  sub    0     0   0300    0300
   155    8210     35  sub    0     0   0300    0300
   156    8213     35  sub    0     0   0300    0300
   157    8216     35  sub    0     0   0300    0300
   158    8219     35  sub    0     0   0300    0300
   159    8222     35  sub    0     0   0300    0300
   160    8225     35  sub    0     0   0300    0300
   161    8228     35  sub    0     0   0300    0300
   162    8231     35  sub    0     0   0300    0300
   163    8234     35  sub    0     0   0300    0300
   164    8237     35  sub    0     0   0300    0300
   165    8240     35  sub    0     0   0300    0300
   166    8243     35  sub    0     0   0300    0300
   167    8246     35  sub    0     0   0300    0300
   168    8249     35  sub    0     0   0300    0300
   169    8252     35  sub    0     0   0300    0300
   170    8255     35  sub    0     0   0300    0300
   171    8258     35  sub    0     0   0300    0300
   172    8261     35  sub    0     0   0300    0300
   173    8264     35  sub    0     0   0300    0300
   174    8267     35  sub    0     0   0300    0300
   175    8270     35  sub    0     0   0300    0300
   176    8273     35  sub    0     0   0300    0300
   177    8276     35  sub    0     0   0300    0300
   178    8279     35  sub    0     0   0300    0300
   179    8282     35  sub    0     0   0300    0300
   180    8285     35  sub    0     0   0300    0300
   181    8288     35  sub    0     0   0300    0300
   182    8291     35  sub    0     0   0300    0300
   183    8294     35  sub    0     0   0300    0300
   184    8297     35  sub    0     0   0300    0300
   185    8300     35  sub    0     0   0300    0300
   186    8303     35  sub    0     0   0300    0300
   187    8306     35  sub    0     0   0300    0300
   188    8309     35  sub    0     0   0300    0300
   189    8312     35  sub    0     0   0300    0300
   190    8315     35  sub    0     0   0300    0300
   191    8318     35  sub    0     0   0300    0300
   192    8321     35  sub    0     0   0300    0300
   193    8324     35  sub    0     0   0300    0300
   194    8327     35  sub    0     0   0300    0300
   195    8330     35  sub    0     0   0300    0300
   196    8333     35  sub    0     0   0300    0300
   197    8336     35  sub    0     0   0300    0300
   198    8339     35  sub    0     0   0300    0300
   199    8342     35  sub    0     0   0300    0300
   200    8345     35  sub    0     0   0300    0300
   201    8348     35  sub    0     0   0300    0300
   202    8351     35  sub    0     0   0300    0300
   203    8354     35  sub    0     0   0300    0300
   204    8357     35  sub    0     0   0300    0300
   205    8360     35  sub    0     0   0300    0300
   206    8363     35  sub    0     0   0300    0300
   207    8366     35  sub    0     0   0300    0300
   208    8369     35  sub    0     0   0300    0300
   209    8372     35  sub    0     0   0300    0300
   210    8375     35  sub    0     0   0300    0300
   211    8378     35  sub    0     0   0300    0300
   212    8381     35  sub    0     0   0300    0300
   213    8384     35  sub    0     0   0300    0300
   214    8387     35  sub    0     0   0300    0300
   215    8390     35  sub    0     0   0300    0300
   216    8393     35  sub    0     0   0300    0300
   217    8396     35  sub    0     0   0300    0300
   218    8399     35  sub    0     0   0300    0300
   219    8402     35  sub    0     0   0300    0300
   220    8405     35  sub    0     0   0300    0300
   221    8408     35  sub    0     0   0300    0300
   222    8411     35  sub    0     0   0300    0300
   223    8414     35  sub    0     0   0300    0300
   224    8417     35  sub    0     0   0300    0300
   225    8420     35  sub    0     0   0300    0300
   226    8423     35  sub    0     0   0300    0300
   227    8426     35  sub    0     0   0300    0300
   228    8429     35  sub    0     0   0300    0300
   229    8432     35  sub    0     0   0300    0300
   230    8435     35  sub    0     0   0300    0300
   231    8438     35  sub    0     0   0300    0300
   232    8441     35  sub    0     0   0300    0300
   233    8444     35  sub    0     0   0300    0300
   234    8447     35  sub    0     0   0300    0300
   235    8450     35  sub    0     0   0300    0300
   236    8453     35  sub    0     0   0300    0300
   237    8456     35  sub    0     0   0300    0300
   238    8459     35  sub    0     0   0300    0300
   239    8462     35  sub    0     0   0300    0300
   240    8465     35  sub    0     0   0300    0300
   241    8468     35  sub    0     0   0300    0300
   242    8471     35  sub    0     0   0300    0300
   243    8474     35  sub    0     0   0300    0300
   244    8477     35  sub    0     0   0300    0300
   245    8480     35  sub    0     0   0300    0300
   246    8483     35  sub    0     0   0300    0300
   247    8486     35  sub    0     0   0300    0300
   248    8489     35  sub    0     0   0300    0300
   249    8492     35  sub    0     0   0300    0300
   250    8495     35  sub    0     0   0300    0300
   251    8498     35  sub    0     0   0300    0300
   252    8501     35  sub    0     0   0300    0300
   253    8504     35  sub    0     0   0300    0300
   254    8507     35  sub    0     0   0300    0300
   255    8510     35  sub    0     0   0300    0300
   256    8513     35  sub    0     0   0300    0300
   257    8516     35  sub    0     0   0300    0300
   258    8519     35  sub    0     0   0300    0300
   259    8522     35  sub    0     0   0300    0300
   260    8525     35  sub    0     0   0300    0300
   261    8528     35  sub    0     0   0300    0300
   262    8531     35  sub    0     0   0300    0300
   263    8534     35  sub    0     0   0300    0300
   264    8537     35  sub    0     0   0300    0300
   265    8541     35  sub    0     0   0336    0336
   266   11614     36  sub    0     0   01CE    01CE
   267   11649     36  sub    0     0   0300    0300
   268   11652     36  sub    0     0   0300    0300
   269   11655     36  sub    0     0   0300    0300
   270   11658     36  sub    0     0   0300    0300
   271   11661     36  sub    0     0   0300    0300
   272   11664     36  sub    0     0   0300    0300
   273   11667     36  sub    0     0   0300    0300
   274   11670     36  sub    0     0   0300    0300
   275   11673     36  sub    0     0   0300    0300
   276   11676     36  sub    0     0   0300    0300
   277   11679     36  sub    0     0   0300    0300
   278   11682     36  sub    0     0   0300    0300
   279   11685     36  sub    0     0   0300    0300
   280   11688     36  sub    0     0   0300    0300
   281   11691     36  sub    0     0   0300    0300
   282   11694     36  sub    0     0   0300    0300
   283   11697     36  sub    0     0   0300    0300
   284   11700     36  sub    0     0   0300    0300
   285   11703     36  sub    0     0   0300    0300
   286   11706     36  sub    0     0   0300    0300
   287   11709     36  sub    0     0   0300    0300
   288   11712     36  sub    0     0   0300    0300
   289   11715     36  sub    0     0   0300    0300
   290   11718     36  sub    0     0   0300    0300
   291   11721     36  sub    0     0   0300    0300
   292   11724     36  sub    0     0   0300    0300
   293   11727     36  sub    0     0   0300    0300
   294   11730     36  sub    0     0   0300    0300
   295   11733     36  sub    0     0   0300    0300
   296   11736     36  sub    0     0   0300    0300
   297   11739     36  sub    0     0   0300    0300
   298   11742     36  sub    0     0   0300    0300
   299   11745     36  sub    0     0   0300    0300
   300   11748     36  sub    0     0   0300    0300
   301   11751     36  sub    0     0   0300    0300
   302   11754     36  sub    0     0   0300    0300
   303   11757     36  sub    0     0   0300    0300
   304   11760     36  sub    0     0   0300    0300
   305   11763     36  sub    0     0   0300    0300
   306   11766     36  sub    0     0   0300    0300
   307   11769     36  sub    0     0   0300    0300
   308   11772     36  sub    0     0   0300    0300
   309   11775     36  sub    0     0   0300    0300
   310   11778     36  sub    0     0   0300    0300
   311   11781     36  sub    0     0   0300    0300
   312   11784     36  sub    0     0   0300    0300
   313   11787     36  sub    0     0   0300    0300
   314   11790     36  sub    0     0   0300    0300
   315   11793     36  sub    0     0   0300    0300
   316   11796     36  sub    0     0   0300    0300
   317   11799     36  sub    0     0   0300    0300
   318   11802     36  sub    0     0   0300    0300
   319   11805     36  sub    0     0   0300    0300
   320   11808     36  sub    0     0   0300    0300
   321   11811     36  sub    0     0   0300    0300
   322   11814     36  sub    0     0   0300    0300
   323   11817     36  sub    0     0   0300    0300
   324   11820     36  sub    0     0   0300    0300
   325   11823     36  sub    0     0   0300    0300
   326   11826     36  sub    0     0   0300    0300
   327   11829     36  sub    0     0   0300    0300
   328   11832     36  sub    0     0   0300    0300
   329   11835     36  sub    0     0   0300    0300
   330   11838     36  sub    0     0   0300    0300
   331   11841     36  sub    0     0   0300    0300
   332   11844     36  sub    0     0   0300    0300
   333   11847     36  sub    0     0   0300    0300
   334   11850     36  sub    0     0   0300    0300
   335   11853     36  sub    0     0   0300    0300
   336   11856     36  sub    0     0   0300    0300
   337   11859     36  sub    0     0   0300    0300
   338   11862     36  sub    0     0   0300    0300
   339   11865     36  sub    0     0   0300    0300
   340   11868     36  sub    0     0   0300    0300
   341   11871     36  sub    0     0   0300    0300
   342   11874     36  sub    0     0   0300    0300
   343   11877     36  sub    0     0   0300    0300
   344   11880     36  sub    0     0   0300    0300
   345   11883     36  sub    0     0   0300    0300
   346   11886     36  sub    0     0   0300    0300
   347   11889     36  sub    0     0   0300    0300
   348   11892     36  sub    0     0   0300    0300
   349   11895     36  sub    0     0   0300    0300
   350   11898     36  sub    0     0   0300    0300
   351   11901     36  sub    0     0   0300    0300
   352   11904     36  sub    0     0   0300    0300
   353   11907     36  sub    0     0   0300    0300
   354   11910     36  sub    0     0   0300    0300
   355   11913     36  sub    0     0   0300    0300
   356   11916     36  sub    0     0   0300    0300
   357   11919     36  sub    0     0   0300    0300
   358   11922     36  sub    0     0   0300    0300
   359   11925     36  sub    0     0   0300    0300
   360   11928     36  sub    0     0   0300    0300
   361   11931     36  sub    0     0   0300    0300
   362   11934     36  sub    0     0   0300    0300
   363   11937     36  sub    0     0   0300    0300
   364   11940     36  sub    0     0   0300    0300
   365   11943     36  sub    0     0   0300    0300
   366   11946     36  sub    0     0   0300    0300
   367   11949     36  sub    0     0   0300    0300
   368   11952     36  sub    0     0   0300    0300
   369   11955     36  sub    0     0   0300    0300
   370   11958     36  sub    0     0   0300    0300
   371   11961     36  sub    0     0   0300    0300
   372   11964     36  sub    0     0   0300    0300
   373   11967     36  sub    0     0   0300    0300
   374   11970     36  sub    0     0   0300    0300
   375   11973     36  sub    0     0   0300    0300
   376   11976     36  sub    0     0   0300    0300
   377   11979     36  sub    0     0   0300    0300
   378   11982     36  sub    0     0   0300    0300
   379   11985     36  sub    0     0   0300    0300
   380   11988     36  sub    0     0   0300    0300
   381   11991     36  sub    0     0   0300    0300
   382   11994     36  sub    0     0   0300    0300
   383   11997     36  sub    0     0   0300    0300
   384   12000     36  sub    0     0   0300    0300
   385   12003     36  sub    0     0   0300    0300
   386   12006     36  sub    0     0   0300    0300
   387   12009     36  sub    0     0   0300    0300
   388   12012     36  sub    0     0   0300    0300
   389   12015     36  sub    0     0   0300    0300
   390   12018     36  sub    0     0   0300    0300
   391   12021     36  sub    0     0   0300    0300
   392   12024     36  sub    0     0   0300    0300
   393   12027     36  sub    0     0   0300    0300
   394   12030     36  sub    0     0   0300    0300
   395   12033     36  sub    0     0   0300    0300
   396   12036     36  sub    0     0   0300    0300
   397   12039     36  sub    0     0   0300    0300
   398   12042     36  sub    0     0   0300    0300
   399   12045     36  sub    0     0   0300    0300
   400   12048     36  sub    0     0   0300    0300
   401   12051     36  sub    0     0   0300    0300
   402   12054     36  sub    0     0   0300    0300
   403   12057     36  sub    0     0   0300    0300
   404   12060     36  sub    0     0   0300    0300
   405   12063     36  sub    0     0   0300    0300
   406   12066     36  sub    0     0   0300    0300
   407   12069     36  sub    0     0   0300    0300
   408   12072     36  sub    0     0   0300    0300
   409   12075     36  sub    0     0   0300    0300
   410   12078     36  sub    0     0   0300    0300
   411   12081     36  sub    0     0   0300    0300
   412   12084     36  sub    0     0   0300    0300
   413   12087     36  sub    0     0   0300    0300
   414   12090     36  sub    0     0   0300    0300
   415   12093     36  sub    0     0   0300    0300
   416   12096     36  sub    0     0   0300    0300
   417   12099     36  sub    0     0   0300    0300
   418   12102     36  sub    0     0   0300    0300
   419   12105     36  sub    0     0   0300    0300
   420   12108     36  sub    0     0   0300    0300
   421   12111     36  sub    0     0   0300    0300
   422   12114     36  sub    0     0   0300    0300
   423   12117     36  sub    0     0   0300    0300
   424   12120     36  sub    0     0   0300    0300
   425   12123     36  sub    0     0   0300    0300
   426   12126     36  sub    0     0   0300    0300
   427   12129     36  sub    0     0   0300    0300
   428   12132     36  sub    0     0   0300    0300
   429   12135     36  sub    0     0   0300    0300
   430   12138     36  sub    0     0   0300    0300
   431   12141     36  sub    0     0   0300    0300
   432   12144     36  sub    0     0   0300    0300
   433   12147     36  sub    0     0   0300    0300
   434   12150     36  sub    0     0   0300    0300
   435   12153     36  sub    0     0   0300    0300
   436   12156     36  sub    0     0   0300    0300
   437   12159     36  sub    0     0   0300    0300
   438   12162     36  sub    0     0   0300    0300
   439   12165     36  sub    0     0   0300    0300
   440   12168     36  sub    0     0   0300    0300
   441   12171     36  sub    0     0   0300    0300
   442   12174     36  sub    0     0   0300    0300
   443   12177     36  sub    0     0   0300    0300
   444   12180     36  sub    0     0   0300    0300
   445   12183     36  sub    0     0   0300    0300
   446   12186     36  sub    0     0   0300    0300
   447   12189     36  sub    0     0   0300    0300
   448   12192     36  sub    0     0   0300    0300
   449   12195     36  sub    0     0   0300    0300
   450   12198     36  sub    0     0   0300    0300
   451   12201     36  sub    0     0   0300    0300
   452   12204     36  sub    0     0   0300    0300
   453   12207     36  sub    0     0   0300    0300
   454   12210     36  sub    0     0   0300    0300
   455   12213     36  sub    0     0   0300    0300
   456   12216     36  sub    0     0   0300    0300
   457   12219     36  sub    0     0   0300    0300
   458   12222     36  sub    0     0   0300    0300
   459   12225     36  sub    0     0   0300    0300
   460   12228     36  sub    0     0   0300    0300
   461   12231     36  sub    0     0   0300    0300
   462   12234     36  sub    0     0   0300    0300
   463   12237     36  sub    0     0   0300    0300
   464   12240     36  sub    0     0   0300    0300
   465   12243     36  sub    0     0   0300    0300
   466   12246     36  sub    0     0   0300    0300
   467   12249     36  sub    0     0   0300    0300
   468   12252     36  sub    0     0   0300    0300
   469   12255     36  sub    0     0   0300    0300
   470   12258     36  sub    0     0   0300    0300
   471   12261     36  sub    0     0   0300    0300
   472   12264     36  sub    0     0   0300    0300
   473   12267     36  sub    0     0   0300    0300
   474   12270     36  sub    0     0   0300    0300
   475   12273     36  sub    0     0   0300    0300
   476   12276     36  sub    0     0   0300    0300
   477   12279     36  sub    0     0   0300    0300
   478   12282     36  sub    0     0   0300    0300
   479   12285     36  sub    0     0   0300    0300
   480   12288     36  sub    0     0   0300    0300
   481   12291     36  sub    0     0   0300    0300
   482   12294     36  sub    0     0   0300    0300
   483   12297     36  sub    0     0   0300    0300
   484   12300     36  sub    0     0   0300    0300
   485   12303     36  sub    0     0   0300    0300
   486   12306     36  sub    0     0   0300    0300
   487   12309     36  sub    0     0   0300    0300
   488   12312     36  sub    0     0   0300    0300
   489   12315     36  sub    0     0   0300    0300
   490   12318     36  sub    0     0   0300    0300
   491   12321     36  sub    0     0   0300    0300
   492   12324     36  sub    0     0   0300    0300
   493   12327     36  sub    0     0   0300    0300
   494   12330     36  sub    0     0   0300    0300
   495   12333     36  sub    0     0   0300    0300
   496   12336     36  sub    0     0   0300    0300
   497   12339     36  sub    0     0   0300    0300
   498   12342     36  sub    0     0   0300    0300
   499   12345     36  sub    0     0   0300    0300
   500   12348     36  sub    0     0   0300    0300
   501   12351     36  sub    0     0   0300    0300
   502   12354     36  sub    0     0   0300    0300
   503   12357     36  sub    0     0   0300    0300
   504   12360     36  sub    0     0   0300    0300
   505   12363     36  sub    0     0   0300    0300
   506   12366     36  sub    0     0   0300    0300
   507   12369     36  sub    0     0   0300    0300
   508   12372     36  sub    0     0   0300    0300
   509   12375     36  sub    0     0   0300    0300
   510   12378     36  sub    0     0   0300    0300
   511   12381     36  sub    0     0   0300    0300
   512   12384     36  sub    0     0   0300    0300
   513   12387     36  sub    0     0   0300    0300
   514   12390     36  sub    0     0   0300    0300
   515   12393     36  sub    0     0   0300    0300
   516   12396     36  sub    0     0   0300    0300
   517   12399     36  sub    0     0   0300    0300
   518   12402     36  sub    0     0   0300    0300
   519   12405     36  sub    0     0   0300    0300
   520   12408     36  sub    0     0   0300    0300
   521   12411     36  sub    0     0   0300    0300
   522   12414     36  sub    0     0   0300    0300
   523   12418     36  sub    0     0   0336    0336
   524   15808     37  sub    0     0   01CE    01CE
   525   15843     37  sub    0     0   0300    0300
   526   15846     37  sub    0     0   0300    0300
   527   15849     37  sub    0     0   0300    0300
   528   15852     37  sub    0     0   0300    0300
   529   15855     37  sub    0     0   0300    0300
   530   15858     37  sub    0     0   0300    0300
   531   15861     37  sub    0     0   0300    0300
   532   15864     37  sub    0     0   0300    0300
   533   15867     37  sub    0     0   0300    0300
   534   15870     37  sub    0     0   0300    0300
   535   15873     37  sub    0     0   0300    0300
   536   15876     37  sub    0     0   0300    0300
   537   15879     37  sub    0     0   0300    0300
   538   15882     37  sub    0     0   0300    0300
   539   15885     37  sub    0     0   0300    0300
   540   15888     37  sub    0     0   0300    0300
   541   15891     37  sub    0     0   0300    0300
   542   15894     37  sub    0     0   0300    0300
   543   15897     37  sub    0     0   0300    0300
   544   15900     37  sub    0     0   0300    0300
   545   15903     37  sub    0     0   0300    0300
   546   15906     37  sub    0     0   0300    0300
   547   15909     37  sub    0     0   0300    0300
   548   15912     37  sub    0     0   0300    0300
   549   15915     37  sub    0     0   0300    0300
   550   15918     37  sub    0     0   0300    0300
   551   15921     37  sub    0     0   0300    0300
   552   15924     37  sub    0     0   0300    0300
   553   15927     37  sub    0     0   0300    0300
   554   15930     37  sub    0     0   0300    0300
   555   15933     37  sub    0     0   0300    0300
   556   15936     37  sub    0     0   0300    0300
   557   15939     37  sub    0     0   0300    0300
   558   15942     37  sub    0     0   0300    0300
   559   15945     37  sub    0     0   0300    0300
   560   15948     37  sub    0     0   0300    0300
   561   15951     37  sub    0     0   0300    0300
   562   15954     37  sub    0     0   0300    0300
   563   15957     37  sub    0     0   0300    0300
   564   15960     37  sub    0     0   0300    0300
   565   15963     37  sub    0     0   0300    0300
   566   15966     37  sub    0     0   0300    0300
   567   15969     37  sub    0     0   0300    0300
   568   15972     37  sub    0     0   0300    0300
   569   15975     37  sub    0     0   0300    0300
   570   15978     37  sub    0     0   0300    0300
   571   15981     37  sub    0     0   0300    0300
   572   15984     37  sub    0     0   0300    0300
   573   15987     37  sub    0     0   0300    0300
   574   15990     37  sub    0     0   0300    0300
   575   15993     37  sub    0     0   0300    0300
   576   15996     37  sub    0     0   0300    0300
   577   15999     37  sub    0     0   0300    0300
   578   16002     37  sub    0     0   0300    0300
   579   16005     37  sub    0     0   0300    0300
   580   16008     37  sub    0     0   0300    0300
   581   16011     37  sub    0     0   0300    0300
   582   16014     37  sub    0     0   0300    0300
   583   16017     37  sub    0     0   0300    0300
   584   16020     37  sub    0     0   0300    0300
   585   16023     37  sub    0     0   0300    0300
   586   16026     37  sub    0     0   0300    0300
   587   16029     37  sub    0     0   0300    0300
   588   16032     37  sub    0     0   0300    0300
   589   16035     37  sub    0     0   0300    0300
   590   16038     37  sub    0     0   0300    0300
   591   16041     37  sub    0     0   0300    0300
   592   16044     37  sub    0     0   0300    0300
   593   16047     37  sub    0     0   0300    0300
   594   16050     37  sub    0     0   0300    0300
   595   16053     37  sub    0     0   0300    0300
   596   16056     37  sub    0     0   0300    0300
   597   16059     37  sub    0     0   0300    0300
   598   16062     37  sub    0     0   0300    0300
   599   16065     37  sub    0     0   0300    0300
   600   16068     37  sub    0     0   0300    0300
   601   16071     37  sub    0     0   0300    0300
   602   16074     37  sub    0     0   0300    0300
   603   16077     37  sub    0     0   0300    0300
   604   16080     37  sub    0     0   0300    0300
   605   16083     37  sub    0     0   0300    0300
   606   16086     37  sub    0     0   0300    0300
   607   16089     37  sub    0     0   0300    0300
   608   16092     37  sub    0     0   0300    0300
   609   16095     37  sub    0     0   0300    0300
   610   16098     37  sub    0     0   0300    0300
   611   16101     37  sub    0     0   0300    0300
   612   16104     37  sub    0     0   0300    0300
   613   16107     37  sub    0     0   0300    0300
   614   16110     37  sub    0     0   0300    0300
   615   16113     37  sub    0     0   0300    0300
   616   16116     37  sub    0     0   0300    0300
   617   16119     37  sub    0     0   0300    0300
   618   16122     37  sub    0     0   0300    0300
   619   16125     37  sub    0     0   0300    0300
   620   16128     37  sub    0     0   0300    0300
   621   16131     37  sub    0     0   0300    0300
   622   16134     37  sub    0     0   0300    0300
   623   16137     37  sub    0     0   0300    0300
   624   16140     37  sub    0     0   0300    0300
   625   16143     37  sub    0     0   0300    0300
   626   16146     37  sub    0     0   0300    0300
   627   16149     37  sub    0     0   0300    0300
   628   16152     37  sub    0     0   0300    0300
   629   16155     37  sub    0     0   0300    0300
   630   16158     37  sub    0     0   0300    0300
   631   16161     37  sub    0     0   0300    0300
   632   16164     37  sub    0     0   0300    0300
   633   16167     37  sub    0     0   0300    0300
   634   16170     37  sub    0     0   0300    0300
   635   16173     37  sub    0     0   0300    0300
   636   16176     37  sub    0     0   0300    0300
   637   16179     37  sub    0     0   0300    0300
   638   16182     37  sub    0     0   0300    0300
   639   16185     37  sub    0     0   0300    0300
   640   16188     37  sub    0     0   0300    0300
   641   16191     37  sub    0     0   0300    0300
   642   16194     37  sub    0     0   0300    0300
   643   16197     37  sub    0     0   0300    0300
   644   16200     37  sub    0     0   0300    0300
   645   16203     37  sub    0     0   0300    0300
   646   16206     37  sub    0     0   0300    0300
   647   16209     37  sub    0     0   0300    0300
   648   16212     37  sub    0     0   0300    0300
   649   16215     37  sub    0     0   0300    0300
   650   16218     37  sub    0     0   0300    0300
   651   16221     37  sub    0     0   0300    0300
   652   16224     37  sub    0     0   0300    0300
   653   16227     37  sub    0     0   0300    0300
   654   16230     37  sub    0     0   0300    0300
   655   16233     37  sub    0     0   0300    0300
   656   16236     37  sub    0     0   0300    0300
   657   16239     37  sub    0     0   0300    0300
   658   16242     37  sub    0     0   0300    0300
   659   16245     37  sub    0     0   0300    0300
   660   16248     37  sub    0     0   0300    0300
   661   16251     37  sub    0     0   0300    0300
   662   16254     37  sub    0     0   0300    0300
   663   16257     37  sub    0     0   0300    0300
   664   16260     37  sub    0     0   0300    0300
   665   16263     37  sub    0     0   0300    0300
   666   16266     37  sub    0     0   0300    0300
   667   16269     37  sub    0     0   0300    0300
   668   16272     37  sub    0     0   0300    0300
   669   16275     37  sub    0     0   0300    0300
   670   16278     37  sub    0     0   0300    0300
   671   16281     37  sub    0     0   0300    0300
   672   16284     37  sub    0     0   0300    0300
   673   16287     37  sub    0     0   0300    0300
   674   16290     37  sub    0     0   0300    0300
   675   16293     37  sub    0     0   0300    0300
   676   16296     37  sub    0     0   0300    0300
   677   16299     37  sub    0     0   0300    0300
   678   16302     37  sub    0     0   0300    0300
   679   16305     37  sub    0     0   0300    0300
   680   16308     37  sub    0     0   0300    0300
   681   16311     37  sub    0     0   0300    0300
   682   16314     37  sub    0     0   0300    0300
   683   16317     37  sub    0     0   0300    0300
   684   16320     37  sub    0     0   0300    0300
   685   16323     37  sub    0     0   0300    0300
   686   16326     37  sub    0     0   0300    0300
   687   16329     37  sub    0     0   0300    0300
   688   16332     37  sub    0     0   0300    0300
   689   16335     37  sub    0     0   0300    0300
   690   16338     37  sub    0     0   0300    0300
   691   16341     37  sub    0     0   0300    0300
   692   16344     37  sub    0     0   0300    0300
   693   16347     37  sub    0     0   0300    0300
   694   16350     37  sub    0     0   0300    0300
   695   16353     37  sub    0     0   0300    0300
   696   16356     37  sub    0     0   0300    0300
   697   16359     37  sub    0     0   0300    0300
   698   16362     37  sub    0     0   0300    0300
   699   16365     37  sub    0     0   0300    0300
   700   16368     37  sub    0     0   0300    0300
   701   16371     37  sub    0     0   0300    0300
   702   16374     37  sub    0     0   0300    0300
   703   16377     37  sub    0     0   0300    0300
   704   16380     37  sub    0     0   0300    0300
   705   16383     37  sub    0     0   0300    0300
   706   16386     37  sub    0     0   0300    0300
   707   16389     37  sub    0     0   0300    0300
   708   16392     37  sub    0     0   0300    0300
   709   16395     37  sub    0     0   0300    0300
   710   16398     37  sub    0     0   0300    0300
   711   16401     37  sub    0     0   0300    0300
   712   16404     37  sub    0     0   0300    0300
   713   16407     37  sub    0     0   0300    0300
   714   16410     37  sub    0     0   0300    0300
   715   16413     37  sub    0     0   0300    0300
   716   16416     37  sub    0     0   0300    0300
   717   16419     37  sub    0     0   0300    0300
   718   16422     37  sub    0     0   0300    0300
   719   16425     37  sub    0     0   0300    0300
   720   16428     37  sub    0     0   0300    0300
   721   16431     37  sub    0     0   0300    0300
   722   16434     37  sub    0     0   0300    0300
   723   16437     37  sub    0     0   0300    0300
   724   16440     37  sub    0     0   0300    0300
   725   16443     37  sub    0     0   0300    0300
   726   16446     37  sub    0     0   0300    0300
   727   16449     37  sub    0     0   0300    0300
   728   16452     37  sub    0     0   0300    0300
   729   16455     37  sub    0     0   0300    0300
   730   16458     37  sub    0     0   0300    0300
   731   16461     37  sub    0     0   0300    0300
   732   16464     37  sub    0     0   0300    0300
   733   16467     37  sub    0     0   0300    0300
   734   16470     37  sub    0     0   0300    0300
   735   16473     37  sub    0     0   0300    0300
   736   16476     37  sub    0     0   0300    0300
   737   16479     37  sub    0     0   0300    0300
   738   16482     37  sub    0     0   0300    0300
   739   16485     37  sub    0     0   0300    0300
   740   16488     37  sub    0     0   0300    0300
   741   16491     37  sub    0     0   0300    0300
   742   16494     37  sub    0     0   0300    0300
   743   16497     37  sub    0     0   0300    0300
   744   16500     37  sub    0     0   0300    0300
   745   16503     37  sub    0     0   0300    0300
   746   16506     37  sub    0     0   0300    0300
   747   16509     37  sub    0     0   0300    0300
   748   16512     37  sub    0     0   0300    0300
   749   16515     37  sub    0     0   0300    0300
   750   16518     37  sub    0     0   0300    0300
   751   16521     37  sub    0     0   0300    0300
   752   16524     37  sub    0     0   0300    0300
   753   16527     37  sub    0     0   0300    0300
   754   16530     37  sub    0     0   0300    0300
   755   16533     37  sub    0     0   0300    0300
   756   16536     37  sub    0     0   0300    0300
   757   16539     37  sub    0     0   0300    0300
   758   16542     37  sub    0     0   0300    0300
   759   16545     37  sub    0     0   0300    0300
   760   16548     37  sub    0     0   0300    0300
   761   16551     37  sub    0     0   0300    0300
   762   16554     37  sub    0     0   0300    0300
   763   16557     37  sub    0     0   0300    0300
   764   16560     37  sub    0     0   0300    0300
   765   16563     37  sub    0     0   0300    0300
   766   16566     37  sub    0     0   0300    0300
   767   16569     37  sub    0     0   0300    0300
   768   16572     37  sub    0     0   0300    0300
   769   16575     37  sub    0     0   0300    0300
   770   16578     37  sub    0     0   0300    0300
   771   16581     37  sub    0     0   0300    0300
   772   16584     37  sub    0     0   0300    0300
   773   16587     37  sub    0     0   0300    0300
   774   16590     37  sub    0     0   0300    0300
   775   16593     37  sub    0     0   0300    0300
   776   16596     37  sub    0     0   0300    0300
   777   16599     37  sub    0     0   0300    0300
   778   16602     37  sub    0     0   0300    0300
   779   16605     37  sub    0     0   0300    0300
   780   16608     37  sub    0     0   0300    0300
   781   16612     37  sub    0     0   0336    0336
   782   19727     39  sub    0     0   01CE    01CE
   783   19762     39  sub    0     0   0300    0300
   784   19765     39  sub    0     0   0300    0300
   785   19768     39  sub    0     0   0300    0300
   786   19771     39  sub    0     0   0300    0300
   787   19774     39  sub    0     0   0300    0300
   788   19777     39  sub    0     0   0300    0300
   789   19780     39  sub    0     0   0300    0300
   790   19783     39  sub    0     0   0300    0300
   791   19786     39  sub    0     0   0300    0300
   792   19789     39  sub    0     0   0300    0300
   793   19792     39  sub    0     0   0300    0300
   794   19795     39  sub    0     0   0300    0300
   795   19798     39  sub    0     0   0300    0300
   796   19801     39  sub    0     0   0300    0300
   797   19804     39  sub    0     0   0300    0300
   798   19807     39  sub    0     0   0300    0300
   799   19810     39  sub    0     0   0300    0300
   800   19813     39  sub    0     0   0300    0300
   801   19816     39  sub    0     0   0300    0300
   802   19819     39  sub    0     0   0300    0300
   803   19822     39  sub    0     0   0300    0300
   804   19825     39  sub    0     0   0300    0300
   805   19828     39  sub    0     0   0300    0300
   806   19831     39  sub    0     0   0300    0300
   807   19834     39  sub    0     0   0300    0300
   808   19837     39  sub    0     0   0300    0300
   809   19840     39  sub    0     0   0300    0300
   810   19843     39  sub    0     0   0300    0300
   811   19846     39  sub    0     0   0300    0300
   812   19849     39  sub    0     0   0300    0300
   813   19852     39  sub    0     0   0300    0300
   814   19855     39  sub    0     0   0300    0300
   815   19858     39  sub    0     0   0300    0300
   816   19861     39  sub    0     0   0300    0300
   817   19864     39  sub    0     0   0300    0300
   818   19867     39  sub    0     0   0300    0300
   819   19870     39  sub    0     0   0300    0300
   820   19873     39  sub    0     0   0300    0300
   821   19876     39  sub    0     0   0300    0300
   822   19879     39  sub    0     0   0300    0300
   823   19882     39  sub    0     0   0300    0300
   824   19885     39  sub    0     0   0300    0300
   825   19888     39  sub    0     0   0300    0300
   826   19891     39  sub    0     0   0300    0300
   827   19894     39  sub    0     0   0300    0300
   828   19897     39  sub    0     0   0300    0300
   829   19900     39  sub    0     0   0300    0300
   830   19903     39  sub    0     0   0300    0300
   831   19906     39  sub    0     0   0300    0300
   832   19909     39  sub    0     0   0300    0300
   833   19912     39  sub    0     0   0300    0300
   834   19915     39  sub    0     0   0300    0300
   835   19918     39  sub    0     0   0300    0300
   836   19921     39  sub    0     0   0300    0300
   837   19924     39  sub    0     0   0300    0300
   838   19927     39  sub    0     0   0300    0300
   839   19930     39  sub    0     0   0300    0300
   840   19933     39  sub    0     0   0300    0300
   841   19936     39  sub    0     0   0300    0300
   842   19939     39  sub    0     0   0300    0300
   843   19942     39  sub    0     0   0300    0300
   844   19945     39  sub    0     0   0300    0300
   845   19948     39  sub    0     0   0300    0300
   846   19951     39  sub    0     0   0300    0300
   847   19954     39  sub    0     0   0300    0300
   848   19957     39  sub    0     0   0300    0300
   849   19960     39  sub    0     0   0300    0300
   850   19963     39  sub    0     0   0300    0300
   851   19966     39  sub    0     0   0300    0300
   852   19969     39  sub    0     0   0300    0300
   853   19972     39  sub    0     0   0300    0300
   854   19975     39  sub    0     0   0300    0300
   855   19978     39  sub    0     0   0300    0300
   856   19981     39  sub    0     0   0300    0300
   857   19984     39  sub    0     0   0300    0300
   858   19987     39  sub    0     0   0300    0300
   859   19990     39  sub    0     0   0300    0300
   860   19993     39  sub    0     0   0300    0300
   861   19996     39  sub    0     0   0300    0300
   862   19999     39  sub    0     0   0300    0300
   863   20002     39  sub    0     0   0300    0300
   864   20005     39  sub    0     0   0300    0300
   865   20008     39  sub    0     0   0300    0300
   866   20011     39  sub    0     0   0300    0300
   867   20014     39  sub    0     0   0300    0300
   868   20017     39  sub    0     0   0300    0300
   869   20020     39  sub    0     0   0300    0300
   870   20023     39  sub    0     0   0300    0300
   871   20026     39  sub    0     0   0300    0300
   872   20029     39  sub    0     0   0300    0300
   873   20032     39  sub    0     0   0300    0300
   874   20035     39  sub    0     0   0300    0300
   875   20038     39  sub    0     0   0300    0300
   876   20041     39  sub    0     0   0300    0300
   877   20044     39  sub    0     0   0300    0300
   878   20047     39  sub    0     0   0300    0300
   879   20050     39  sub    0     0   0300    0300
   880   20053     39  sub    0     0   0300    0300
   881   20056     39  sub    0     0   0300    0300
   882   20059     39  sub    0     0   0300    0300
   883   20062     39  sub    0     0   0300    0300
   884   20065     39  sub    0     0   0300    0300
   885   20068     39  sub    0     0   0300    0300
   886   20071     39  sub    0     0   0300    0300
   887   20074     39  sub    0     0   0300    0300
   888   20077     39  sub    0     0   0300    0300
   889   20080     39  sub    0     0   0300    0300
   890   20083     39  sub    0     0   0300    0300
   891   20086     39  sub    0     0   0300    0300
   892   20089     39  sub    0     0   0300    0300
   893   20092     39  sub    0     0   0300    0300
   894   20095     39  sub    0     0   0300    0300
   895   20098     39  sub    0     0   0300    0300
   896   20101     39  sub    0     0   0300    0300
   897   20104     39  sub    0     0   0300    0300
   898   20107     39  sub    0     0   0300    0300
   899   20110     39  sub    0     0   0300    0300
   900   20113     39  sub    0     0   0300    0300
   901   20116     39  sub    0     0   0300    0300
   902   20119     39  sub    0     0   0300    0300
   903   20122     39  sub    0     0   0300    0300
   904   20125     39  sub    0     0   0300    0300
   905   20128     39  sub    0     0   0300    0300
   906   20131     39  sub    0     0   0300    0300
   907   20134     39  sub    0     0   0300    0300
   908   20137     39  sub    0     0   0300    0300
   909   20140     39  sub    0     0   0300    0300
   910   20143     39  sub    0     0   0300    0300
   911   20146     39  sub    0     0   0300    0300
   912   20149     39  sub    0     0   0300    0300
   913   20152     39  sub    0     0   0300    0300
   914   20155     39  sub    0     0   0300    0300
   915   20158     39  sub    0     0   0300    0300
   916   20161     39  sub    0     0   0300    0300
   917   20164     39  sub    0     0   0300    0300
   918   20167     39  sub    0     0   0300    0300
   919   20170     39  sub    0     0   0300    0300
   920   20173     39  sub    0     0   0300    0300
   921   20176     39  sub    0     0   0300    0300
   922   20179     39  sub    0     0   0300    0300
   923   20182     39  sub    0     0   0300    0300
   924   20185     39  sub    0     0   0300    0300
   925   20188     39  sub    0     0   0300    0300
   926   20191     39  sub    0     0   0300    0300
   927   20194     39  sub    0     0   0300    0300
   928   20197     39  sub    0     0   0300    0300
   929   20200     39  sub    0     0   0300    0300
   930   20203     39  sub    0     0   0300    0300
   931   20206     39  sub    0     0   0300    0300
   932   20209     39  sub    0     0   0300    0300
   933   20212     39  sub    0     0   0300    0300
   934   20215     39  sub    0     0   0300    0300
   935   20218     39  sub    0     0   0300    0300
   936   20221     39  sub    0     0   0300    0300
   937   20224     39  sub    0     0   0300    0300
   938   20227     39  sub    0     0   0300    0300
   939   20230     39  sub    0     0   0300    0300
   940   20233     39  sub    0     0   0300    0300
   941   20236     39  sub    0     0   0300    0300
   942   20239     39  sub    0     0   0300    0300
   943   20242     39  sub    0     0   0300    0300
   944   20245     39  sub    0     0   0300    0300
   945   20248     39  sub    0     0   0300    0300
   946   20251     39  sub    0     0   0300    0300
   947   20254     39  sub    0     0   0300    0300
   948   20257     39  sub    0     0   0300    0300
   949   20260     39  sub    0     0   0300    0300
   950   20263     39  sub    0     0   0300    0300
   951   20266     39  sub    0     0   0300    0300
   952   20269     39  sub    0     0   0300    0300
   953   20272     39  sub    0     0   0300    0300
   954   20275     39  sub    0     0   0300    0300
   955   20278     39  sub    0     0   0300    0300
   956   20281     39  sub    0     0   0300    0300
   957   20284     39  sub    0     0   0300    0300
   958   20287     39  sub    0     0   0300    0300
   959   20290     39  sub    0     0   0300    0300
   960   20293     39  sub    0     0   0300    0300
   961   20296     39  sub    0     0   0300    0300
   962   20299     39  sub    0     0   0300    0300
   963   20302     39  sub    0     0   0300    0300
   964   20305     39  sub    0     0   0300    0300
   965   20308     39  sub    0     0   0300    0300
   966   20311     39  sub    0     0   0300    0300
   967   20314     39  sub    0     0   0300    0300
   968   20317     39  sub    0     0   0300    0300
   969   20320     39  sub    0     0   0300    0300
   970   20323     39  sub    0     0   0300    0300
   971   20326     39  sub    0     0   0300    0300
   972   20329     39  sub    0     0   0300    0300
   973   20332     39  sub    0     0   0300    0300
   974   20335     39  sub    0     0   0300    0300
   975   20338     39  sub    0     0   0300    0300
   976   20341     39  sub    0     0   0300    0300
   977   20344     39  sub    0     0   0300    0300
   978   20347     39  sub    0     0   0300    0300
   979   20350     39  sub    0     0   0300    0300
   980   20353     39  sub    0     0   0300    0300
   981   20356     39  sub    0     0   0300    0300
   982   20359     39  sub    0     0   0300    0300
   983   20362     39  sub    0     0   0300    0300
   984   20365     39  sub    0     0   0300    0300
   985   20368     39  sub    0     0   0300    0300
   986   20371     39  sub    0     0   0300    0300
   987   20374     39  sub    0     0   0300    0300
   988   20377     39  sub    0     0   0300    0300
   989   20380     39  sub    0     0   0300    0300
   990   20383     39  sub    0     0   0300    0300
   991   20386     39  sub    0     0   0300    0300
   992   20389     39  sub    0     0   0300    0300
   993   20392     39  sub    0     0   0300    0300
   994   20395     39  sub    0     0   0300    0300
   995   20398     39  sub    0     0   0300    0300
   996   20401     39  sub    0     0   0300    0300
   997   20404     39  sub    0     0   0300    0300
   998   20407     39  sub    0     0   0300    0300
   999   20410     39  sub    0     0   0300    0300
  1000   20413     39  sub    0     0   0300    0300
  1001   20416     39  sub    0     0   0300    0300
  1002   20419     39  sub    0     0   0300    0300
  1003   20422     39  sub    0     0   0300    0300
  1004   20425     39  sub    0     0   0300    0300
  1005   20428     39  sub    0     0   0300    0300
  1006   20431     39  sub    0     0   0300    0300
  1007   20434     39  sub    0     0   0300    0300
  1008   20437     39  sub    0     0   0300    0300
  1009   20440     39  sub    0     0   0300    0300
  1010   20443     39  sub    0     0   0300    0300
  1011   20446     39  sub    0     0   0300    0300
  1012   20449     39  sub    0     0   0300    0300
  1013   20452     39  sub    0     0   0300    0300
  1014   20455     39  sub    0     0   0300    0300
  1015   20458     39  sub    0     0   0300    0300
  1016   20461     39  sub    0     0   0300    0300
  1017   20464     39  sub    0     0   0300    0300
  1018   20467     39  sub    0     0   0300    0300
  1019   20470     39  sub    0     0   0300    0300
  1020   20473     39  sub    0     0   0300    0300
  1021   20476     39  sub    0     0   0300    0300
  1022   20479     39  sub    0     0   0300    0300
  1023   20482     39  sub    0     0   0300    0300
  1024   20485     39  sub    0     0   0300    0300
  1025   20488     39  sub    0     0   0300    0300
  1026   20491     39  sub    0     0   0300    0300
  1027   20494     39  sub    0     0   0300    0300
  1028   20497     39  sub    0     0   0300    0300
  1029   20500     39  sub    0     0   0300    0300
  1030   20503     39  sub    0     0   0300    0300
  1031   20506     39  sub    0     0   0300    0300
  1032   20509     39  sub    0     0   0300    0300
  1033   20512     39  sub    0     0   0300    0300
  1034   20515     39  sub    0     0   0300    0300
  1035   20518     39  sub    0     0   0300    0300
  1036   20521     39  sub    0     0   0300    0300
  1037   20524     39  sub    0     0   0300    0300
  1038   20527     39  sub    0     0   0300    0300
  1039   20531     39  sub    0     0   0336    0336
  1040   20639     39  sub    0     0   01CE    01CE
  1041   20674     39  sub    0     0   0300    0300
  1042   20677     39  sub    0     0   0300    0300
  1043   20680     39  sub    0     0   0300    0300
  1044   20683     39  sub    0     0   0300    0300
  1045   20686     39  sub    0     0   0300    0300
  1046   20689     39  sub    0     0   0300    0300
  1047   20692     39  sub    0     0   0300    0300
  1048   20695     39  sub    0     0   0300    0300
  1049   20698     39  sub    0     0   0300    0300
  1050   20701     39  sub    0     0   0300    0300
  1051   20704     39  sub    0     0   0300    0300
  1052   20707     39  sub    0     0   0300    0300
  1053   20710     39  sub    0     0   0300    0300
  1054   20713     39  sub    0     0   0300    0300
  1055   20716     39  sub    0     0   0300    0300
  1056   20719     39  sub    0     0   0300    0300
  1057   20722     39  sub    0     0   0300    0300
  1058   20725     39  sub    0     0   0300    0300
  1059   20728     39  sub    0     0   0300    0300
  1060   20731     39  sub    0     0   0300    0300
  1061   20734     39  sub    0     0   0300    0300
  1062   20737     39  sub    0     0   0300    0300
  1063   20740     39  sub    0     0   0300    0300
  1064   20743     39  sub    0     0   0300    0300
  1065   20746     39  sub    0     0   0300    0300
  1066   20749     39  sub    0     0   0300    0300
  1067   20752     39  sub    0     0   0300    0300
  1068   20755     39  sub    0     0   0300    0300
  1069   20758     39  sub    0     0   0300    0300
  1070   20761     39  sub    0     0   0300    0300
  1071   20764     39  sub    0     0   0300    0300
  1072   20767     39  sub    0     0   0300    0300
  1073   20770     39  sub    0     0   0300    0300
  1074   20773     39  sub    0     0   0300    0300
  1075   20776     39  sub    0     0   0300    0300
  1076   20779     39  sub    0     0   0300    0300
  1077   20782     39  sub    0     0   0300    0300
  1078   20785     39  sub    0     0   0300    0300
  1079   20788     39  sub    0     0   0300    0300
  1080   20791     39  sub    0     0   0300    0300
  1081   20794     39  sub    0     0   0300    0300
  1082   20797     39  sub    0     0   0300    0300
  1083   20800     39  sub    0     0   0300    0300
  1084   20803     39  sub    0     0   0300    0300
  1085   20806     39  sub    0     0   0300    0300
  1086   20809     39  sub    0     0   0300    0300
  1087   20812     39  sub    0     0   0300    0300
  1088   20815     39  sub    0     0   0300    0300
  1089   20818     39  sub    0     0   0300    0300
  1090   20821     39  sub    0     0   0300    0300
  1091   20824     39  sub    0     0   0300    0300
  1092   20827     39  sub    0     0   0300    0300
  1093   20830     39  sub    0     0   0300    0300
  1094   20833     39  sub    0     0   0300    0300
  1095   20836     39  sub    0     0   0300    0300
  1096   20839     39  sub    0     0   0300    0300
  1097   20842     39  sub    0     0   0300    0300
  1098   20845     39  sub    0     0   0300    0300
  1099   20848     39  sub    0     0   0300    0300
  1100   20851     39  sub    0     0   0300    0300
  1101   20854     39  sub    0     0   0300    0300
  1102   20857     39  sub    0     0   0300    0300
  1103   20860     39  sub    0     0   0300    0300
  1104   20863     39  sub    0     0   0300    0300
  1105   20866     39  sub    0     0   0300    0300
  1106   20869     39  sub    0     0   0300    0300
  1107   20872     39  sub    0     0   0300    0300
  1108   20875     39  sub    0     0   0300    0300
  1109   20878     39  sub    0     0   0300    0300
  1110   20881     39  sub    0     0   0300    0300
  1111   20884     39  sub    0     0   0300    0300
  1112   20887     39  sub    0     0   0300    0300
  1113   20890     39  sub    0     0   0300    0300
  1114   20893     39  sub    0     0   0300    0300
  1115   20896     39  sub    0     0   0300    0300
  1116   20899     39  sub    0     0   0300    0300
  1117   20902     39  sub    0     0   0300    0300
  1118   20905     39  sub    0     0   0300    0300
  1119   20908     39  sub    0     0   0300    0300
  1120   20911     39  sub    0     0   0300    0300
  1121   20914     39  sub    0     0   0300    0300
  1122   20917     39  sub    0     0   0300    0300
  1123   20920     39  sub    0     0   0300    0300
  1124   20923     39  sub    0     0   0300    0300
  1125   20926     39  sub    0     0   0300    0300
  1126   20929     39  sub    0     0   0300    0300
  1127   20932     39  sub    0     0   0300    0300
  1128   20935     39  sub    0     0   0300    0300
  1129   20938     39  sub    0     0   0300    0300
  1130   20941     39  sub    0     0   0300    0300
  1131   20944     39  sub    0     0   0300    0300
  1132   20947     39  sub    0     0   0300    0300
  1133   20950     39  sub    0     0   0300    0300
  1134   20953     39  sub    0     0   0300    0300
  1135   20956     39  sub    0     0   0300    0300
  1136   20959     39  sub    0     0   0300    0300
  1137   20962     39  sub    0     0   0300    0300
  1138   20965     39  sub    0     0   0300    0300
  1139   20968     39  sub    0     0   0300    0300
  1140   20971     39  sub    0     0   0300    0300
  1141   20974     39  sub    0     0   0300    0300
  1142   20977     39  sub    0     0   0300    0300
  1143   20980     39  sub    0     0   0300    0300
  1144   20983     39  sub    0     0   0300    0300
  1145   20986     39  sub    0     0   0300    0300
  1146   20989     39  sub    0     0   0300    0300
  1147   20992     39  sub    0     0   0300    0300
  1148   20995     39  sub    0     0   0300    0300
  1149   20998     39  sub    0     0   0300    0300
  1150   21001     39  sub    0     0   0300    0300
  1151   21004     39  sub    0     0   0300    0300
  1152   21007     39  sub    0     0   0300    0300
  1153   21010     39  sub    0     0   0300    0300
  1154   21013     39  sub    0     0   0300    0300
  1155   21016     39  sub    0     0   0300    0300
  1156   21019     39  sub    0     0   0300    0300
  1157   21022     39  sub    0     0   0300    0300
  1158   21025     39  sub    0     0   0300    0300
  1159   21028     39  sub    0     0   0300    0300
  1160   21031     39  sub    0     0   0300    0300
  1161   21034     39  sub    0     0   0300    0300
  1162   21037     39  sub    0     0   0300    0300
  1163   21040     39  sub    0     0   0300    0300
  1164   21043     39  sub    0     0   0300    0300
  1165   21046     39  sub    0     0   0300    0300
  1166   21049     39  sub    0     0   0300    0300
  1167   21052     39  sub    0     0   0300    0300
  1168   21055     39  sub    0     0   0300    0300
  1169   21058     39  sub    0     0   0300    0300
  1170   21061     39  sub    0     0   0300    0300
  1171   21064     39  sub    0     0   0300    0300
  1172   21067     39  sub    0     0   0300    0300
  1173   21070     39  sub    0     0   0300    0300
  1174   21073     39  sub    0     0   0300    0300
  1175   21076     39  sub    0     0   0300    0300
  1176   21079     39  sub    0     0   0300    0300
  1177   21082     39  sub    0     0   0300    0300
  1178   21085     39  sub    0     0   0300    0300
  1179   21088     39  sub    0     0   0300    0300
  1180   21091     39  sub    0     0   0300    0300
  1181   21094     39  sub    0     0   0300    0300
  1182   21097     39  sub    0     0   0300    0300
  1183   21100     39  sub    0     0   0300    0300
  1184   21103     39  sub    0     0   0300    0300
  1185   21106     39  sub    0     0   0300    0300
  1186   21109     39  sub    0     0   0300    0300
  1187   21112     39  sub    0     0   0300    0300
  1188   21115     39  sub    0     0   0300    0300
  1189   21118     39  sub    0     0   0300    0300
  1190   21121     39  sub    0     0   0300    0300
  1191   21124     39  sub    0     0   0300    0300
  1192   21127     39  sub    0     0   0300    0300
  1193   21130     39  sub    0     0   0300    0300
  1194   21133     39  sub    0     0   0300    0300
  1195   21136     39  sub    0     0   0300    0300
  1196   21139     39  sub    0     0   0300    0300
  1197   21142     39  sub    0     0   0300    0300
  1198   21145     39  sub    0     0   0300    0300
  1199   21148     39  sub    0     0   0300    0300
  1200   21151     39  sub    0     0   0300    0300
  1201   21154     39  sub    0     0   0300    0300
  1202   21157     39  sub    0     0   0300    0300
  1203   21160     39  sub    0     0   0300    0300
  1204   21163     39  sub    0     0   0300    0300
  1205   21166     39  sub    0     0   0300    0300
  1206   21169     39  sub    0     0   0300    0300
  1207   21172     39  sub    0     0   0300    0300
  1208   21175     39  sub    0     0   0300    0300
  1209   21178     39  sub    0     0   0300    0300
  1210   21181     39  sub    0     0   0300    0300
  1211   21184     39  sub    0     0   0300    0300
  1212   21187     39  sub    0     0   0300    0300
  1213   21190     39  sub    0     0   0300    0300
  1214   21193     39  sub    0     0   0300    0300
  1215   21196     39  sub    0     0   0300    0300
  1216   21199     39  sub    0     0   0300    0300
  1217   21202     39  sub    0     0   0300    0300
  1218   21205     39  sub    0     0   0300    0300
  1219   21208     39  sub    0     0   0300    0300
  1220   21211     39  sub    0     0   0300    0300
  1221   21214     39  sub    0     0   0300    0300
  1222   21217     39  sub    0     0   0300    0300
  1223   21220     39  sub    0     0   0300    0300
  1224   21223     39  sub    0     0   0300    0300
  1225   21226     39  sub    0     0   0300    0300
  1226   21229     39  sub    0     0   0300    0300
  1227   21232     39  sub    0     0   0300    0300
  1228   21235     39  sub    0     0   0300    0300
  1229   21238     39  sub    0     0   0300    0300
  1230   21241     39  sub    0     0   0300    0300
  1231   21244     39  sub    0     0   0300    0300
  1232   21247     39  sub    0     0   0300    0300
  1233   21250     39  sub    0     0   0300    0300
  1234   21253     39  sub    0     0   0300    0300
  1235   21256     39  sub    0     0   0300    0300
  1236   21259     39  sub    0     0   0300    0300
  1237   21262     39  sub    0     0   0300    0300
  1238   21265     39  sub    0     0   0300    0300
  1239   21268     39  sub    0     0   0300    0300
  1240   21271     39  sub    0     0   0300    0300
  1241   21274     39  sub    0     0   0300    0300
  1242   21277     39  sub    0     0   0300    0300
  1243   21280     39  sub    0     0   0300    0300
  1244   21283     39  sub    0     0   0300    0300
  1245   21286     39  sub    0     0   0300    0300
  1246   21289     39  sub    0     0   0300    0300
  1247   21292     39  sub    0     0   0300    0300
  1248   21295     39  sub    0     0   0300    0300
  1249   21298     39  sub    0     0   0300    0300
  1250   21301     39  sub    0     0   0300    0300
  1251   21304     39  sub    0     0   0300    0300
  1252   21307     39  sub    0     0   0300    0300
  1253   21310     39  sub    0     0   0300    0300
  1254   21313     39  sub    0     0   0300    0300
  1255   21316     39  sub    0     0   0300    0300
  1256   21319     39  sub    0     0   0300    0300
  1257   21322     39  sub    0     0   0300    0300
  1258   21325     39  sub    0     0   0300    0300
  1259   21328     39  sub    0     0   0300    0300
  1260   21331     39  sub    0     0   0300    0300
  1261   21334     39  sub    0     0   0300    0300
  1262   21337     39  sub    0     0   0300    0300
  1263   21340     39  sub    0     0   0300    0300
  1264   21343     39  sub    0     0   0300    0300
  1265   21346     39  sub    0     0   0300    0300
  1266   21349     39  sub    0     0   0300    0300
  1267   21352     39  sub    0     0   0300    0300
  1268   21355     39  sub    0     0   0300    0300
  1269   21358     39  sub    0     0   0300    0300
  1270   21361     39  sub    0     0   0300    0300
  1271   21364     39  sub    0     0   0300    0300
  1272   21367     39  sub    0     0   0300    0300
  1273   21370     39  sub    0     0   0300    0300
  1274   21373     39  sub    0     0   0300    0300
  1275   21376     39  sub    0     0   0300    0300
  1276   21379     39  sub    0     0   0300    0300
  1277   21382     39  sub    0     0   0300    0300
  1278   21385     39  sub    0     0   0300    0300
  1279   21388     39  sub    0     0   0300    0300
  1280   21391     39  sub    0     0   0300    0300
  1281   21394     39  sub    0     0   0300    0300
  1282   21397     39  sub    0     0   0300    0300
  1283   21400     39  sub    0     0   0300    0300
  1284   21403     39  sub    0     0   0300    0300
  1285   21406     39  sub    0     0   0300    0300
  1286   21409     39  sub    0     0   0300    0300
  1287   21412     39  sub    0     0   0300    0300
  1288   21415     39  sub    0     0   0300    0300
  1289   21418     39  sub    0     0   0300    0300
  1290   21421     39  sub    0     0   0300    0300
  1291   21424     39  sub    0     0   0300    0300
  1292   21427     39  sub    0     0   0300    0300
  1293   21430     39  sub    0     0   0300    0300
  1294   21433     39  sub    0     0   0300    0300
  1295   21436     39  sub    0     0   0300    0300
  1296   21439     39  sub    0     0   0300    0300
  1297   21442     39  sub    0     0   0300    0300
  1298   21445     39  sub    0     0   0300    0300
  1299   21448     39  sub    0     0   0300    0300
  1300   21451     39  sub    0     0   0300    0300
  1301   21454     39  sub    0     0   0300    0300
  1302   21457     39  sub    0     0   0300    0300
  1303   21460     39  sub    0     0   0300    0300
  1304   21463     39  sub    0     0   0300    0300
  1305   21466     39  sub    0     0   0300    0300
  1306   21469     39  sub    0     0   0300    0300
  1307   21472     39  sub    0     0   0300    0300
  1308   21475     39  sub    0     0   0300    0300
  1309   21478     39  sub    0     0   0300    0300
  1310   21481     39  sub    0     0   0300    0300
  1311   21484     39  sub    0     0   0300    0300
  1312   21487     39  sub    0     0   0300    0300
  1313   21490     39  sub    0     0   0300    0300
  1314   21493     39  sub    0     0   0300    0300
  1315   21496     39  sub    0     0   0300    0300
  1316   21499     39  sub    0     0   0300    0300
  1317   21502     39  sub    0     0   0300    0300
  1318   21505     39  sub    0     0   0300    0300
  1319   21508     39  sub    0     0   0300    0300
  1320   21511     39  sub    0     0   0300    0300
  1321   21514     39  sub    0     0   0300    0300
  1322   21517     39  sub    0     0   0300    0300
  1323   21520     39  sub    0     0   0300    0300
  1324   21523     39  sub    0     0   0300    0300
  1325   21526     39  sub    0     0   0300    0300
  1326   21529     39  sub    0     0   0300    0300
  1327   21532     39  sub    0     0   0300    0300
  1328   21535     39  sub    0     0   0300    0300
  1329   21538     39  sub    0     0   0300    0300
  1330   21541     39  sub    0     0   0300    0300
  1331   21544     39  sub    0     0   0300    0300
  1332   21547     39  sub    0     0   0300    0300
  1333   21550     39  sub    0     0   0300    0300
  1334   21553     39  sub    0     0   0300    0300
  1335   21556     39  sub    0     0   0300    0300
  1336   21559     39  sub    0     0   0300    0300
  1337   21562     39  sub    0     0   0300    0300
  1338   21565     39  sub    0     0   0300    0300
  1339   21568     39  sub    0     0   0300    0300
  1340   21571     39  sub    0     0   0300    0300
  1341   21574     39  sub    0     0   0300    0300
  1342   21577     39  sub    0     0   0300    0300
  1343   21580     39  sub    0     0   0300    0300
  1344   21583     39  sub    0     0   0300    0300
  1345   21586     39  sub    0     0   0300    0300
  1346   21589     39  sub    0     0   0300    0300
  1347   21592     39  sub    0     0   0300    0300
  1348   21595     39  sub    0     0   0300    0300
  1349   21598     39  sub    0     0   0300    0300
  1350   21601     39  sub    0     0   0300    0300
  1351   21604     39  sub    0     0   0300    0300
  1352   21607     39  sub    0     0   0300    0300
  1353   21610     39  sub    0     0   0300    0300
  1354   21613     39  sub    0     0   0300    0300
  1355   21616     39  sub    0     0   0300    0300
  1356   21619     39  sub    0     0   0300    0300
  1357   21622     39  sub    0     0   0300    0300
  1358   21625     39  sub    0     0   0300    0300
  1359   21628     39  sub    0     0   0300    0300
  1360   21631     39  sub    0     0   0300    0300
  1361   21634     39  sub    0     0   0300    0300
  1362   21637     39  sub    0     0   0300    0300
  1363   21640     39  sub    0     0   0300    0300
  1364   21643     39  sub    0     0   0300    0300
  1365   21646     39  sub    0     0   0300    0300
  1366   21649     39  sub    0     0   0300    0300
  1367   21652     39  sub    0     0   0300    0300
  1368   21655     39  sub    0     0   0300    0300
  1369   21658     39  sub    0     0   0300    0300
  1370   21661     39  sub    0     0   0300    0300
  1371   21664     39  sub    0     0   0300    0300
  1372   21667     39  sub    0     0   0300    0300
  1373   21670     39  sub    0     0   0300    0300
  1374   21673     39  sub    0     0   0300    0300
  1375   21676     39  sub    0     0   0300    0300
  1376   21679     39  sub    0     0   0300    0300
  1377   21682     39  sub    0     0   0300    0300
  1378   21685     39  sub    0     0   0300    0300
  1379   21688     39  sub    0     0   0300    0300
  1380   21691     39  sub    0     0   0300    0300
  1381   21694     39  sub    0     0   0300    0300
  1382   21697     39  sub    0     0   0300    0300
  1383   21700     39  sub    0     0   0300    0300
  1384   21703     39  sub    0     0   0300    0300
  1385   21706     39  sub    0     0   0300    0300
  1386   21709     39  sub    0     0   0300    0300
  1387   21712     39  sub    0     0   0300    0300
  1388   21715     39  sub    0     0   0300    0300
  1389   21718     39  sub    0     0   0300    0300
  1390   21721     39  sub    0     0   0300    0300
  1391   21724     39  sub    0     0   0300    0300
  1392   21727     39  sub    0     0   0300    0300
  1393   21730     39  sub    0     0   0300    0300
  1394   21733     39  sub    0     0   0300    0300
  1395   21736     39  sub    0     0   0300    0300
  1396   21739     39  sub    0     0   0300    0300
  1397   21742     39  sub    0     0   0300    0300
  1398   21745     39  sub    0     0   0300    0300
  1399   21748     39  sub    0     0   0300    0300
  1400   21751     39  sub    0     0   0300    0300
  1401   21754     39  sub    0     0   0300    0300
  1402   21757     39  sub    0     0   0300    0300
  1403   21760     39  sub    0     0   0300    0300
  1404   21763     39  sub    0     0   0300    0300
  1405   21766     39  sub    0     0   0300    0300
  1406   21769     39  sub    0     0   0300    0300
  1407   21772     39  sub    0     0   0300    0300
  1408   21775     39  sub    0     0   0300    0300
  1409   21778     39  sub    0     0   0300    0300
  1410   21781     39  sub    0     0   0300    0300
  1411   21784     39  sub    0     0   0300    0300
  1412   21787     39  sub    0     0   0300    0300
  1413   21790     39  sub    0     0   0300    0300
  1414   21793     39  sub    0     0   0300    0300
  1415   21796     39  sub    0     0   0300    0300
  1416   21799     39  sub    0     0   0300    0300
  1417   21802     39  sub    0     0   0300    0300
  1418   21805     39  sub    0     0   0300    0300
  1419   21808     39  sub    0     0   0300    0300
  1420   21811     39  sub    0     0   0300    0300
  1421   21814     39  sub    0     0   0300    0300
  1422   21817     39  sub    0     0   0300    0300
  1423   21820     39  sub    0     0   0300    0300
  1424   21823     39  sub    0     0   0300    0300
  1425   21826     39  sub    0     0   0300    0300
  1426   21829     39  sub    0     0   0300    0300
  1427   21832     39  sub    0     0   0300    0300
  1428   21835     39  sub    0     0   0300    0300
  1429   21838     39  sub    0     0   0300    0300
  1430   21841     39  sub    0     0   0300    0300
  1431   21844     39  sub    0     0   0300    0300
  1432   21847     39  sub    0     0   0300    0300
  1433   21850     39  sub    0     0   0300    0300
  1434   21853     39  sub    0     0   0300    0300
  1435   21856     39  sub    0     0   0300    0300
  1436   21859     39  sub    0     0   0300    0300
  1437   21862     39  sub    0     0   0300    0300
  1438   21865     39  sub    0     0   0300    0300
  1439   21868     39  sub    0     0   0300    0300
  1440   21871     39  sub    0     0   0300    0300
  1441   21874     39  sub    0     0   0300    0300
  1442   21877     39  sub    0     0   0300    0300
  1443   21880     39  sub    0     0   0300    0300
  1444   21883     39  sub    0     0   0300    0300
  1445   21886     39  sub    0     0   0300    0300
  1446   21889     39  sub    0     0   0300    0300
  1447   21892     39  sub    0     0   0300    0300
  1448   21895     39  sub    0     0   0300    0300
  1449   21898     39  sub    0     0   0300    0300
  1450   21901     39  sub    0     0   0300    0300
  1451   21904     39  sub    0     0   0300    0300
  1452   21907     39  sub    0     0   0300    0300
  1453   21910     39  sub    0     0   0300    0300
  1454   21913     39  sub    0     0   0300    0300
  1455   21916     39  sub    0     0   0300    0300
  1456   21919     39  sub    0     0   0300    0300
  1457   21922     39  sub    0     0   0300    0300
  1458   21925     39  sub    0     0   0300    0300
  1459   21928     39  sub    0     0   0300    0300
  1460   21931     39  sub    0     0   0300    0300
  1461   21934     39  sub    0     0   0300    0300
  1462   21937     39  sub    0     0   0300    0300
  1463   21940     39  sub    0     0   0300    0300
  1464   21943     39  sub    0     0   0300    0300
  1465   21946     39  sub    0     0   0300    0300
  1466   21949     39  sub    0     0   0300    0300
  1467   21952     39  sub    0     0   0300    0300
  1468   21955     39  sub    0     0   0300    0300
  1469   21958     39  sub    0     0   0300    0300
  1470   21961     39  sub    0     0   0300    0300
  1471   21964     39  sub    0     0   0300    0300
  1472   21967     39  sub    0     0   0300    0300
  1473   21970     39  sub    0     0   0300    0300
  1474   21973     39  sub    0     0   0300    0300
  1475   21976     39  sub    0     0   0300    0300
  1476   21979     39  sub    0     0   0300    0300
  1477   21982     39  sub    0     0   0300    0300
  1478   21985     39  sub    0     0   0300    0300
  1479   21988     39  sub    0     0   0300    0300
  1480   21991     39  sub    0     0   0300    0300
  1481   21994     39  sub    0     0   0300    0300
  1482   21997     39  sub    0     0   0300    0300
  1483   22000     39  sub    0     0   0300    0300
  1484   22003     39  sub    0     0   0300    0300
  1485   22006     39  sub    0     0   0300    0300
  1486   22009     39  sub    0     0   0300    0300
  1487   22012     39  sub    0     0   0300    0300
  1488   22015     39  sub    0     0   0300    0300
  1489   22018     39  sub    0     0   0300    0300
  1490   22021     39  sub    0     0   0300    0300
  1491   22024     39  sub    0     0   0300    0300
  1492   22027     39  sub    0     0   0300    0300
  1493   22030     39  sub    0     0   0300    0300
  1494   22033     39  sub    0     0   0300    0300
  1495   22036     39  sub    0     0   0300    0300
  1496   22039     39  sub    0     0   0300    0300
  1497   22042     39  sub    0     0   0300    0300
  1498   22045     39  sub    0     0   0300    0300
  1499   22048     39  sub    0     0   0300    0300
  1500   22051     39  sub    0     0   0300    0300
  1501   22054     39  sub    0     0   0300    0300
  1502   22057     39  sub    0     0   0300    0300
  1503   22060     39  sub    0     0   0300    0300
  1504   22063     39  sub    0     0   0300    0300
  1505   22066     39  sub    0     0   0300    0300
  1506   22069     39  sub    0     0   0300    0300
  1507   22072     39  sub    0     0   0300    0300
  1508   22075     39  sub    0     0   0300    0300
  1509   22078     39  sub    0     0   0300    0300
  1510   22081     39  sub    0     0   0300    0300
  1511   22084     39  sub    0     0   0300    0300
  1512   22087     39  sub    0     0   0300    0300
  1513   22090     39  sub    0     0   0300    0300
  1514   22093     39  sub    0     0   0300    0300
  1515   22096     39  sub    0     0   0300    0300
  1516   22099     39  sub    0     0   0300    0300
  1517   22102     39  sub    0     0   0300    0300
  1518   22105     39  sub    0     0   0300    0300
  1519   22108     39  sub    0     0   0300    0300
  1520   22111     39  sub    0     0   0300    0300
  1521   22114     39  sub    0     0   0300    0300
  1522   22117     39  sub    0     0   0300    0300
  1523   22120     39  sub    0     0   0300    0300
  1524   22123     39  sub    0     0   0300    0300
  1525   22126     39  sub    0     0   0300    0300
  1526   22129     39  sub    0     0   0300    0300
  1527   22132     39  sub    0     0   0300    0300
  1528   22135     39  sub    0     0   0300    0300
  1529   22138     39  sub    0     0   0300    0300
  1530   22141     39  sub    0     0   0300    0300
  1531   22144     39  sub    0     0   0300    0300
  1532   22147     39  sub    0     0   0300    0300
  1533   22150     39  sub    0     0   0300    0300
  1534   22153     39  sub    0     0   0300    0300
  1535   22156     39  sub    0     0   0300    0300
  1536   22159     39  sub    0     0   0300    0300
  1537   22162     39  sub    0     0   0300    0300
  1538   22165     39  sub    0     0   0300    0300
  1539   22168     39  sub    0     0   0300    0300
  1540   22171     39  sub    0     0   0300    0300
  1541   22174     39  sub    0     0   0300    0300
  1542   22177     39  sub    0     0   0300    0300
  1543   22180     39  sub    0     0   0300    0300
  1544   22183     39  sub    0     0   0300    0300
  1545   22186     39  sub    0     0   0300    0300
  1546   22189     39  sub    0     0   0300    0300
  1547   22192     39  sub    0     0   0300    0300
  1548   22195     39  sub    0     0   0300    0300
  1549   22198     39  sub    0     0   0300    0300
  1550   22201     39  sub    0     0   0300    0300
  1551   22204     39  sub    0     0   0300    0300
  1552   22207     39  sub    0     0   0300    0300
  1553   22210     39  sub    0     0   0300    0300
  1554   22213     39  sub    0     0   0300    0300
  1555   22216     39  sub    0     0   0300    0300
  1556   22219     39  sub    0     0   0300    0300
  1557   22222     39  sub    0     0   0300    0300
  1558   22225     39  sub    0     0   0300    0300
  1559   22228     39  sub    0     0   0300    0300
  1560   22231     39  sub    0     0   0300    0300
  1561   22234     39  sub    0     0   0300    0300
  1562   22237     39  sub    0     0   0300    0300
  1563   22240     39  sub    0     0   0300    0300
  1564   22243     39  sub    0     0   0300    0300
  1565   22246     39  sub    0     0   0300    0300
  1566   22249     39  sub    0     0   0300    0300
  1567   22252     39  sub    0     0   0300    0300
  1568   22255     39  sub    0     0   0300    0300
  1569   22258     39  sub    0     0   0300    0300
  1570   22261     39  sub    0     0   0300    0300
  1571   22264     39  sub    0     0   0300    0300
  1572   22267     39  sub    0     0   0300    0300
  1573   22270     39  sub    0     0   0300    0300
  1574   22273     39  sub    0     0   0300    0300
  1575   22276     39  sub    0     0   0300    0300
  1576   22279     39  sub    0     0   0300    0300
  1577   22282     39  sub    0     0   0300    0300
  1578   22285     39  sub    0     0   0300    0300
  1579   22288     39  sub    0     0   0300    0300
  1580   22291     39  sub    0     0   0300    0300
  1581   22294     39  sub    0     0   0300    0300
  1582   22297     39  sub    0     0   0300    0300
  1583   22300     39  sub    0     0   0300    0300
  1584   22303     39  sub    0     0   0300    0300
  1585   22306     39  sub    0     0   0300    0300
  1586   22309     39  sub    0     0   0300    0300
  1587   22312     39  sub    0     0   0300    0300
  1588   22315     39  sub    0     0   0300    0300
  1589   22318     39  sub    0     0   0300    0300
  1590   22321     39  sub    0     0   0300    0300
  1591   22324     39  sub    0     0   0300    0300
  1592   22327     39  sub    0     0   0300    0300
  1593   22330     39  sub    0     0   0300    0300
  1594   22333     39  sub    0     0   0300    0300
  1595   22336     39  sub    0     0   0300    0300
  1596   22339     39  sub    0     0   0300    0300
  1597   22342     39  sub    0     0   0300    0300
  1598   22345     39  sub    0     0   0300    0300
  1599   22348     39  sub    0     0   0300    0300
  1600   22351     39  sub    0     0   0300    0300
  1601   22354     39  sub    0     0   0300    0300
  1602   22357     39  sub    0     0   0300    0300
  1603   22360     39  sub    0     0   0300    0300
  1604   22363     39  sub    0     0   0300    0300
  1605   22366     39  sub    0     0   0300    0300
  1606   22369     39  sub    0     0   0300    0300
  1607   22372     39  sub    0     0   0300    0300
  1608   22375     39  sub    0     0   0300    0300
  1609   22378     39  sub    0     0   0300    0300
  1610   22381     39  sub    0     0   0300    0300
  1611   22384     39  sub    0     0   0300    0300
  1612   22387     39  sub    0     0   0300    0300
  1613   22390     39  sub    0     0   0300    0300
  1614   22393     39  sub    0     0   0300    0300
  1615   22396     39  sub    0     0   0300    0300
  1616   22399     39  sub    0     0   0300    0300
  1617   22402     39  sub    0     0   0300    0300
  1618   22405     39  sub    0     0   0300    0300
  1619   22408     39  sub    0     0   0300    0300
  1620   22411     39  sub    0     0   0300    0300
  1621   22414     39  sub    0     0   0300    0300
  1622   22417     39  sub    0     0   0300    0300
  1623   22420     39  sub    0     0   0300    0300
  1624   22423     39  sub    0     0   0300    0300
  1625   22426     39  sub    0     0   0300    0300
  1626   22429     39  sub    0     0   0300    0300
  1627   22432     39  sub    0     0   0300    0300
  1628   22435     39  sub    0     0   0300    0300
  1629   22438     39  sub    0     0   0300    0300
  1630   22441     39  sub    0     0   0300    0300
  1631   22444     39  sub    0     0   0300    0300
  1632   22447     39  sub    0     0   0300    0300
  1633   22450     39  sub    0     0   0300    0300
  1634   22453     39  sub    0     0   0300    0300
  1635   22456     39  sub    0     0   0300    0300
  1636   22459     39  sub    0     0   0300    0300
  1637   22462     39  sub    0     0   0300    0300
  1638   22465     39  sub    0     0   0300    0300
  1639   22468     39  sub    0     0   0300    0300
  1640   22471     39  sub    0     0   0300    0300
  1641   22474     39  sub    0     0   0300    0300
  1642   22477     39  sub    0     0   0300    0300
  1643   22480     39  sub    0     0   0300    0300
  1644   22483     39  sub    0     0   0300    0300
  1645   22486     39  sub    0     0   0300    0300
  1646   22489     39  sub    0     0   0300    0300
  1647   22492     39  sub    0     0   0300    0300
  1648   22495     39  sub    0     0   0300    0300
  1649   22498     39  sub    0     0   0300    0300
  1650   22501     39  sub    0     0   0300    0300
  1651   22504     39  sub    0     0   0300    0300
  1652   22507     39  sub    0     0   0300    0300
  1653   22510     39  sub    0     0   0300    0300
  1654   22513     39  sub    0     0   0300    0300
  1655   22516     39  sub    0     0   0300    0300
  1656   22519     39  sub    0     0   0300    0300
  1657   22522     39  sub    0     0   0300    0300
  1658   22525     39  sub    0     0   0300    0300
  1659   22528     39  sub    0     0   0300    0300
  1660   22531     39  sub    0     0   0300    0300
  1661   22534     39  sub    0     0   0300    0300
  1662   22537     39  sub    0     0   0300    0300
  1663   22540     39  sub    0     0   0300    0300
  1664   22543     39  sub    0     0   0300    0300
  1665   22546     39  sub    0     0   0300    0300
  1666   22549     39  sub    0     0   0300    0300
  1667   22552     39  sub    0     0   0300    0300
  1668   22555     39  sub    0     0   0300    0300
  1669   22558     39  sub    0     0   0300    0300
  1670   22561     39  sub    0     0   0300    0300
  1671   22564     39  sub    0     0   0300    0300
  1672   22567     39  sub    0     0   0300    0300
  1673   22570     39  sub    0     0   0300    0300
  1674   22573     39  sub    0     0   0300    0300
  1675   22576     39  sub    0     0   0300    0300
  1676   22579     39  sub    0     0   0300    0300
  1677   22582     39  sub    0     0   0300    0300
  1678   22585     39  sub    0     0   0300    0300
  1679   22588     39  sub    0     0   0300    0300
  1680   22591     39  sub    0     0   0300    0300
  1681   22594     39  sub    0     0   0300    0300
  1682   22597     39  sub    0     0   0300    0300
  1683   22600     39  sub    0     0   0300    0300
  1684   22603     39  sub    0     0   0300    0300
  1685   22606     39  sub    0     0   0300    0300
  1686   22609     39  sub    0     0   0300    0300
  1687   22612     39  sub    0     0   0300    0300
  1688   22615     39  sub    0     0   0300    0300
  1689   22618     39  sub    0     0   0300    0300
  1690   22621     39  sub    0     0   0300    0300
  1691   22624     39  sub    0     0   0300    0300
  1692   22627     39  sub    0     0   0300    0300
  1693   22630     39  sub    0     0   0300    0300
  1694   22633     39  sub    0     0   0300    0300
  1695   22636     39  sub    0     0   0300    0300
  1696   22639     39  sub    0     0   0300    0300
  1697   22642     39  sub    0     0   0300    0300
  1698   22645     39  sub    0     0   0300    0300
  1699   22648     39  sub    0     0   0300    0300
  1700   22651     39  sub    0     0   0300    0300
  1701   22654     39  sub    0     0   0300    0300
  1702   22657     39  sub    0     0   0300    0300
  1703   22660     39  sub    0     0   0300    0300
  1704   22663     39  sub    0     0   0300    0300
  1705   22666     39  sub    0     0   0300    0300
  1706   22669     39  sub    0     0   0300    0300
  1707   22672     39  sub    0     0   0300    0300
  1708   22675     39  sub    0     0   0300    0300
  1709   22678     39  sub    0     0   0300    0300
  1710   22681     39  sub    0     0   0300    0300
  1711   22684     39  sub    0     0   0300    0300
  1712   22687     39  sub    0     0   0300    0300
  1713   22690     39  sub    0     0   0300    0300
  1714   22693     39  sub    0     0   0300    0300
  1715   22696     39  sub    0     0   0300    0300
  1716   22699     39  sub    0     0   0300    0300
  1717   22702     39  sub    0     0   0300    0300
  1718   22705     39  sub    0     0   0300    0300
  1719   22708     39  sub    0     0   0300    0300
  1720   22711     39  sub    0     0   0300    0300
  1721   22714     39  sub    0     0   0300    0300
  1722   22717     39  sub    0     0   0300    0300
  1723   22720     39  sub    0     0   0300    0300
  1724   22723     39  sub    0     0   0300    0300
  1725   22726     39  sub    0     0   0300    0300
  1726   22729     39  sub    0     0   0300    0300
  1727   22732     39  sub    0     0   0300    0300
  1728   22735     39  sub    0     0   0300    0300
  1729   22738     39  sub    0     0   0300    0300
  1730   22741     39  sub    0     0   0300    0300
  1731   22744     39  sub    0     0   0300    0300
  1732   22747     39  sub    0     0   0300    0300
  1733   22750     39  sub    0     0   0300    0300
  1734   22753     39  sub    0     0   0300    0300
  1735   22756     39  sub    0     0   0300    0300
  1736   22759     39  sub    0     0   0300    0300
  1737   22762     39  sub    0     0   0300    0300
  1738   22765     39  sub    0     0   0300    0300
  1739   22768     39  sub    0     0   0300    0300
  1740   22771     39  sub    0     0   0300    0300
  1741   22774     39  sub    0     0   0300    0300
  1742   22777     39  sub    0     0   0300    0300
  1743   22780     39  sub    0     0   0300    0300
  1744   22783     39  sub    0     0   0300    0300
  1745   22786     39  sub    0     0   0300    0300
  1746   22789     39  sub    0     0   0300    0300
  1747   22792     39  sub    0     0   0300    0300
  1748   22795     39  sub    0     0   0300    0300
  1749   22798     39  sub    0     0   0300    0300
  1750   22801     39  sub    0     0   0300    0300
  1751   22804     39  sub    0     0   0300    0300
  1752   22807     39  sub    0     0   0300    0300
  1753   22810     39  sub    0     0   0300    0300
  1754   22813     39  sub    0     0   0300    0300
  1755   22816     39  sub    0     0   0300    0300
  1756   22819     39  sub    0     0   0300    0300
  1757   22822     39  sub    0     0   0300    0300
  1758   22825     39  sub    0     0   0300    0300
  1759   22828     39  sub    0     0   0300    0300
  1760   22831     39  sub    0     0   0300    0300
  1761   22834     39  sub    0     0   0300    0300
  1762   22837     39  sub    0     0   0300    0300
  1763   22840     39  sub    0     0   0300    0300
  1764   22843     39  sub    0     0   0300    0300
  1765   22846     39  sub    0     0   0300    0300
  1766   22849     39  sub    0     0   0300    0300
  1767   22852     39  sub    0     0   0300    0300
  1768   22855     39  sub    0     0   0300    0300
  1769   22858     39  sub    0     0   0300    0300
  1770   22861     39  sub    0     0   0300    0300
  1771   22864     39  sub    0     0   0300    0300
  1772   22867     39  sub    0     0   0300    0300
  1773   22870     39  sub    0     0   0300    0300
  1774   22873     39  sub    0     0   0300    0300
  1775   22876     39  sub    0     0   0300    0300
  1776   22879     39  sub    0     0   0300    0300
  1777   22882     39  sub    0     0   0300    0300
  1778   22885     39  sub    0     0   0300    0300
  1779   22888     39  sub    0     0   0300    0300
  1780   22891     39  sub    0     0   0300    0300
  1781   22894     39  sub    0     0   0300    0300
  1782   22897     39  sub    0     0   0300    0300
  1783   22900     39  sub    0     0   0300    0300
  1784   22903     39  sub    0     0   0300    0300
  1785   22906     39  sub    0     0   0300    0300
  1786   22909     39  sub    0     0   0300    0300
  1787   22912     39  sub    0     0   0300    0300
  1788   22915     39  sub    0     0   0300    0300
  1789   22918     39  sub    0     0   0300    0300
  1790   22921     39  sub    0     0   0300    0300
  1791   22924     39  sub    0     0   0300    0300
  1792   22927     39  sub    0     0   0300    0300
  1793   22930     39  sub    0     0   0300    0300
  1794   22933     39  sub    0     0   0300    0300
  1795   22936     39  sub    0     0   0300    0300
  1796   22939     39  sub    0     0   0300    0300
  1797   22942     39  sub    0     0   0300    0300
  1798   22945     39  sub    0     0   0300    0300
  1799   22948     39  sub    0     0   0300    0300
  1800   22951     39  sub    0     0   0300    0300
  1801   22954     39  sub    0     0   0300    0300
  1802   22957     39  sub    0     0   0300    0300
  1803   22960     39  sub    0     0   0300    0300
  1804   22963     39  sub    0     0   0300    0300
  1805   22966     39  sub    0     0   0300    0300
  1806   22969     39  sub    0     0   0300    0300
  1807   22972     39  sub    0     0   0300    0300
  1808   22975     39  sub    0     0   0300    0300
  1809   22978     39  sub    0     0   0300    0300
  1810   22981     39  sub    0     0   0300    0300
  1811   22984     39  sub    0     0   0300    0300
  1812   22987     39  sub    0     0   0300    0300
  1813   22990     39  sub    0     0   0300    0300
  1814   22993     39  sub    0     0   0300    0300
  1815   22996     39  sub    0     0   0300    0300
  1816   22999     39  sub    0     0   0300    0300
  1817   23002     39  sub    0     0   0300    0300
  1818   23005     39  sub    0     0   0300    0300
  1819   23008     39  sub    0     0   0300    0300
  1820   23011     39  sub    0     0   0300    0300
  1821   23014     39  sub    0     0   0300    0300
  1822   23017     39  sub    0     0   0300    0300
  1823   23020     39  sub    0     0   0300    0300
  1824   23023     39  sub    0     0   0300    0300
  1825   23026     39  sub    0     0   0300    0300
  1826   23029     39  sub    0     0   0300    0300
  1827   23032     39  sub    0     0   0300    0300
  1828   23035     39  sub    0     0   0300    0300
  1829   23038     39  sub    0     0   0300    0300
  1830   23041     39  sub    0     0   0300    0300
  1831   23044     39  sub    0     0   0300    0300
  1832   23047     39  sub    0     0   0300    0300
  1833   23050     39  sub    0     0   0300    0300
  1834   23053     39  sub    0     0   0300    0300
  1835   23056     39  sub    0     0   0300    0300
  1836   23059     39  sub    0     0   0300    0300
  1837   23062     39  sub    0     0   0300    0300
  1838   23065     39  sub    0     0   0300    0300
  1839   23068     39  sub    0     0   0300    0300
  1840   23071     39  sub    0     0   0300    0300
  1841   23074     39  sub    0     0   0300    0300
  1842   23077     39  sub    0     0   0300    0300
  1843   23080     39  sub    0     0   0300    0300
  1844   23083     39  sub    0     0   0300    0300
  1845   23086     39  sub    0     0   0300    0300
  1846   23089     39  sub    0     0   0300    0300
  1847   23092     39  sub    0     0   0300    0300
  1848   23095     39  sub    0     0   0300    0300
  1849   23098     39  sub    0     0   0300    0300
  1850   23101     39  sub    0     0   0300    0300
  1851   23104     39  sub    0     0   0300    0300
  1852   23107     39  sub    0     0   0300    0300
  1853   23110     39  sub    0     0   0300    0300
  1854   23113     39  sub    0     0   0300    0300
  1855   23116     39  sub    0     0   0300    0300
  1856   23119     39  sub    0     0   0300    0300
  1857   23122     39  sub    0     0   0300    0300
  1858   23125     39  sub    0     0   0300    0300
  1859   23128     39  sub    0     0   0300    0300
  1860   23131     39  sub    0     0   0300    0300
  1861   23134     39  sub    0     0   0300    0300
  1862   23137     39  sub    0     0   0300    0300
  1863   23140     39  sub    0     0   0300    0300
  1864   23143     39  sub    0     0   0300    0300
  1865   23146     39  sub    0     0   0300    0300
  1866   23149     39  sub    0     0   0300    0300
  1867   23152     39  sub    0     0   0300    0300
  1868   23155     39  sub    0     0   0300    0300
  1869   23158     39  sub    0     0   0300    0300
  1870   23161     39  sub    0     0   0300    0300
  1871   23164     39  sub    0     0   0300    0300
  1872   23167     39  sub    0     0   0300    0300
  1873   23170     39  sub    0     0   0300    0300
  1874   23173     39  sub    0     0   0300    0300
  1875   23176     39  sub    0     0   0300    0300
  1876   23179     39  sub    0     0   0300    0300
  1877   23182     39  sub    0     0   0300    0300
  1878   23185     39  sub    0     0   0300    0300
  1879   23188     39  sub    0     0   0300    0300
  1880   23191     39  sub    0     0   0300    0300
  1881   23194     39  sub    0     0   0300    0300
  1882   23197     39  sub    0     0   0300    0300
  1883   23200     39  sub    0     0   0300    0300
  1884   23203     39  sub    0     0   0300    0300
  1885   23206     39  sub    0     0   0300    0300
  1886   23209     39  sub    0     0   0300    0300
  1887   23212     39  sub    0     0   0300    0300
  1888   23215     39  sub    0     0   0300    0300
  1889   23218     39  sub    0     0   0300    0300
  1890   23221     39  sub    0     0   0300    0300
  1891   23224     39  sub    0     0   0300    0300
  1892   23227     39  sub    0     0   0300    0300
  1893   23230     39  sub    0     0   0300    0300
  1894   23233     39  sub    0     0   0300    0300
  1895   23236     39  sub    0     0   0300    0300
  1896   23239     39  sub    0     0   0300    0300
  1897   23242     39  sub    0     0   0300    0300
  1898   23245     39  sub    0     0   0300    0300
  1899   23248     39  sub    0     0   0300    0300
  1900   23251     39  sub    0     0   0300    0300
  1901   23254     39  sub    0     0   0300    0300
  1902   23257     39  sub    0     0   0300    0300
  1903   23260     39  sub    0     0   0300    0300
  1904   23263     39  sub    0     0   0300    0300
  1905   23266     39  sub    0     0   0300    0300
  1906   23269     39  sub    0     0   0300    0300
  1907   23272     39  sub    0     0   0300    0300
  1908   23275     39  sub    0     0   0300    0300
  1909   23278     39  sub    0     0   0300    0300
  1910   23281     39  sub    0     0   0300    0300
  1911   23284     39  sub    0     0   0300    0300
  1912   23287     39  sub    0     0   0300    0300
  1913   23290     39  sub    0     0   0300    0300
  1914   23293     39  sub    0     0   0300    0300
  1915   23296     39  sub    0     0   0300    0300
  1916   23299     39  sub    0     0   0300    0300
  1917   23302     39  sub    0     0   0300    0300
  1918   23305     39  sub    0     0   0300    0300
  1919   23308     39  sub    0     0   0300    0300
  1920   23311     39  sub    0     0   0300    0300
  1921   23314     39  sub    0     0   0300    0300
  1922   23317     39  sub    0     0   0300    0300
  1923   23320     39  sub    0     0   0300    0300
  1924   23323     39  sub    0     0   0300    0300
  1925   23326     39  sub    0     0   0300    0300
  1926   23329     39  sub    0     0   0300    0300
  1927   23332     39  sub    0     0   0300    0300
  1928   23335     39  sub    0     0   0300    0300
  1929   23338     39  sub    0     0   0300    0300
  1930   23341     39  sub    0     0   0300    0300
  1931   23344     39  sub    0     0   0300    0300
  1932   23347     39  sub    0     0   0300    0300
  1933   23350     39  sub    0     0   0300    0300
  1934   23353     39  sub    0     0   0300    0300
  1935   23356     39  sub    0     0   0300    0300
  1936   23359     39  sub    0     0   0300    0300
  1937   23362     39  sub    0     0   0300    0300
  1938   23365     39  sub    0     0   0300    0300
  1939   23368     39  sub    0     0   0300    0300
  1940   23371     39  sub    0     0   0300    0300
  1941   23374     39  sub    0     0   0300    0300
  1942   23377     39  sub    0     0   0300    0300
  1943   23380     39  sub    0     0   0300    0300
  1944   23383     39  sub    0     0   0300    0300
  1945   23386     39  sub    0     0   0300    0300
  1946   23389     39  sub    0     0   0300    0300
  1947   23392     39  sub    0     0   0300    0300
  1948   23395     39  sub    0     0   0300    0300
  1949   23398     39  sub    0     0   0300    0300
  1950   23401     39  sub    0     0   0300    0300
  1951   23404     39  sub    0     0   0300    0300
  1952   23407     39  sub    0     0   0300    0300
  1953   23410     39  sub    0     0   0300    0300
  1954   23413     39  sub    0     0   0300    0300
  1955   23416     39  sub    0     0   0300    0300
  1956   23419     39  sub    0     0   0300    0300
  1957   23422     39  sub    0     0   0300    0300
  1958   23425     39  sub    0     0   0300    0300
  1959   23428     39  sub    0     0   0300    0300
  1960   23431     39  sub    0     0   0300    0300
  1961   23434     39  sub    0     0   0300    0300
  1962   23437     39  sub    0     0   0300    0300
  1963   23440     39  sub    0     0   0300    0300
  1964   23443     39  sub    0     0   0300    0300
  1965   23446     39  sub    0     0   0300    0300
  1966   23449     39  sub    0     0   0300    0300
  1967   23452     39  sub    0     0   0300    0300
  1968   23455     39  sub    0     0   0300    0300
  1969   23458     39  sub    0     0   0300    0300
  1970   23461     39  sub    0     0   0300    0300
  1971   23464     39  sub    0     0   0300    0300
  1972   23467     39  sub    0     0   0300    0300
  1973   23470     39  sub    0     0   0300    0300
  1974   23473     39  sub    0     0   0300    0300
  1975   23476     39  sub    0     0   0300    0300
  1976   23479     39  sub    0     0   0300    0300
  1977   23482     39  sub    0     0   0300    0300
  1978   23485     39  sub    0     0   0300    0300
  1979   23488     39  sub    0     0   0300    0300
  1980   23491     39  sub    0     0   0300    0300
  1981   23494     39  sub    0     0   0300    0300
  1982   23497     39  sub    0     0   0300    0300
  1983   23500     39  sub    0     0   0300    0300
  1984   23503     39  sub    0     0   0300    0300
  1985   23506     39  sub    0     0   0300    0300
  1986   23509     39  sub    0     0   0300    0300
  1987   23512     39  sub    0     0   0300    0300
  1988   23515     39  sub    0     0   0300    0300
  1989   23518     39  sub    0     0   0300    0300
  1990   23521     39  sub    0     0   0300    0300
  1991   23524     39  sub    0     0   0300    0300
  1992   23527     39  sub    0     0   0300    0300
  1993   23530     39  sub    0     0   0300    0300
  1994   23533     39  sub    0     0   0300    0300
  1995   23536     39  sub    0     0   0300    0300
  1996   23539     39  sub    0     0   0300    0300
  1997   23542     39  sub    0     0   0300    0300
  1998   23545     39  sub    0     0   0300    0300
  1999   23548     39  sub    0     0   0300    0300
  2000   23551     39  sub    0     0   0300    0300
  2001   23554     39  sub    0     0   0300    0300
  2002   23557     39  sub    0     0   0300    0300
  2003   23560     39  sub    0     0   0300    0300
  2004   23563     39  sub    0     0   0300    0300
  2005   23566     39  sub    0     0   0300    0300
  2006   23569     39  sub    0     0   0300    0300
  2007   23572     39  sub    0     0   0300    0300
  2008   23575     39  sub    0     0   0300    0300
  2009   23578     39  sub    0     0   0300    0300
  2010   23581     39  sub    0     0   0300    0300
  2011   23584     39  sub    0     0   0300    0300
  2012   23587     39  sub    0     0   0300    0300
  2013   23590     39  sub    0     0   0300    0300
  2014   23593     39  sub    0     0   0300    0300
  2015   23596     39  sub    0     0   0300    0300
  2016   23599     39  sub    0     0   0300    0300
  2017   23602     39  sub    0     0   0300    0300
  2018   23605     39  sub    0     0   0300    0300
  2019   23608     39  sub    0     0   0300    0300
  2020   23611     39  sub    0     0   0300    0300
  2021   23614     39  sub    0     0   0300    0300
  2022   23617     39  sub    0     0   0300    0300
  2023   23620     39  sub    0     0   0300    0300
  2024   23623     39  sub    0     0   0300    0300
  2025   23626     39  sub    0     0   0300    0300
  2026   23629     39  sub    0     0   0300    0300
  2027   23632     39  sub    0     0   0300    0300
  2028   23635     39  sub    0     0   0300    0300
  2029   23638     39  sub    0     0   0300    0300
  2030   23641     39  sub    0     0   0300    0300
  2031   23644     39  sub    0     0   0300    0300
  2032   23647     39  sub    0     0   0300    0300
  2033   23650     39  sub    0     0   0300    0300
  2034   23653     39  sub    0     0   0300    0300
  2035   23656     39  sub    0     0   0300    0300
  2036   23659     39  sub    0     0   0300    0300
  2037   23662     39  sub    0     0   0300    0300
  2038   23665     39  sub    0     0   0300    0300
  2039   23668     39  sub    0     0   0300    0300
  2040   23671     39  sub    0     0   0300    0300
  2041   23674     39  sub    0     0   0300    0300
  2042   23677     39  sub    0     0   0300    0300
  2043   23680     39  sub    0     0   0300    0300
  2044   23683     39  sub    0     0   0300    0300
  2045   23686     39  sub    0     0   0300    0300
  2046   23689     39  sub    0     0   0300    0300
  2047   23692     39  sub    0     0   0300    0300
  2048   23695     39  sub    0     0   0300    0300
  2049   23698     39  sub    0     0   0300    0300
  2050   23701     39  sub    0     0   0300    0300
  2051   23704     39  sub    0     0   0300    0300
  2052   23707     39  sub    0     0   0300    0300
  2053   23710     39  sub    0     0   0300    0300
  2054   23713     39  sub    0     0   0300    0300
  2055   23716     39  sub    0     0   0300    0300
  2056   23719     39  sub    0     0   0300    0300
  2057   23722     39  sub    0     0   0300    0300
  2058   23725     39  sub    0     0   0300    0300
  2059   23728     39  sub    0     0   0300    0300
  2060   23731     39  sub    0     0   0300    0300
  2061   23734     39  sub    0     0   0300    0300
  2062   23737     39  sub    0     0   0300    0300
  2063   23740     39  sub    0     0   0300    0300
  2064   23743     39  sub    0     0   0300    0300
  2065   23746     39  sub    0     0   0300    0300
  2066   23749     39  sub    0     0   0300    0300
  2067   23752     39  sub    0     0   0300    0300
  2068   23755     39  sub    0     0   0300    0300
  2069   23758     39  sub    0     0   0300    0300
  2070   23761     39  sub    0     0   0300    0300
  2071   23764     39  sub    0     0   0300    0300
  2072   23767     39  sub    0     0   0300    0300
  2073   23770     39  sub    0     0   0300    0300
  2074   23773     39  sub    0     0   0300    0300
  2075   23776     40  sub    0     0   0300    0300
  2076   23779     40  sub    0     0   0300    0300
  2077   23782     40  sub    0     0   0300    0300
  2078   23785     40  sub    0     0   0300    0300
  2079   23788     40  sub    0     0   0300    0300
  2080   23791     40  sub    0     0   0300    0300
  2081   23794     40  sub    0     0   0300    0300
  2082   23797     40  sub    0     0   0300    0300
  2083   23800     40  sub    0     0   0300    0300
  2084   23803     40  sub    0     0   0300    0300
  2085   23806     40  sub    0     0   0300    0300
  2086   23809     40  sub    0     0   0300    0300
  2087   23812     40  sub    0     0   0300    0300
  2088   23815     40  sub    0     0   0300    0300
  2089   23818     40  sub    0     0   0300    0300
  2090   23821     40  sub    0     0   0300    0300
  2091   23824     40  sub    0     0   0300    0300
  2092   23827     40  sub    0     0   0300    0300
  2093   23830     40  sub    0     0   0300    0300
  2094   23833     40  sub    0     0   0300    0300
  2095   23836     40  sub    0     0   0300    0300
  2096   23839     40  sub    0     0   0300    0300
  2097   23842     40  sub    0     0   0300    0300
  2098   23845     40  sub    0     0   0300    0300
  2099   23848     40  sub    0     0   0300    0300
  2100   23851     40  sub    0     0   0300    0300
  2101   23854     40  sub    0     0   0300    0300
  2102   23857     40  sub    0     0   0300    0300
  2103   23860     40  sub    0     0   0300    0300
  2104   23863     40  sub    0     0   0300    0300
  2105   23866     40  sub    0     0   0300    0300
  2106   23869     40  sub    0     0   0300    0300
  2107   23872     40  sub    0     0   0300    0300
  2108   23875     40  sub    0     0   0300    0300
  2109   23878     40  sub    0     0   0300    0300
  2110   23881     40  sub    0     0   0300    0300
  2111   23884     40  sub    0     0   0300    0300
  2112   23887     40  sub    0     0   0300    0300
  2113   23890     40  sub    0     0   0300    0300
  2114   23893     40  sub    0     0   0300    0300
  2115   23896     40  sub    0     0   0300    0300
  2116   23899     40  sub    0     0   0300    0300
  2117   23902     40  sub    0     0   0300    0300
  2118   23905     40  sub    0     0   0300    0300
  2119   23908     40  sub    0     0   0300    0300
  2120   23911     40  sub    0     0   0300    0300
  2121   23914     40  sub    0     0   0300    0300
  2122   23917     40  sub    0     0   0300    0300
  2123   23920     40  sub    0     0   0300    0300
  2124   23923     40  sub    0     0   0300    0300
  2125   23926     40  sub    0     0   0300    0300
  2126   23929     40  sub    0     0   0300    0300
  2127   23932     40  sub    0     0   0300    0300
  2128   23935     40  sub    0     0   0300    0300
  2129   23938     40  sub    0     0   0300    0300
  2130   23941     40  sub    0     0   0300    0300
  2131   23944     40  sub    0     0   0300    0300
  2132   23947     40  sub    0     0   0300    0300
  2133   23950     40  sub    0     0   0300    0300
  2134   23953     40  sub    0     0   0300    0300
  2135   23956     40  sub    0     0   0300    0300
  2136   23959     40  sub    0     0   0300    0300
  2137   23962     40  sub    0     0   0300    0300
  2138   23965     40  sub    0     0   0300    0300
  2139   23968     40  sub    0     0   0300    0300
  2140   23971     40  sub    0     0   0300    0300
  2141   23974     40  sub    0     0   0300    0300
  2142   23977     40  sub    0     0   0300    0300
  2143   23980     40  sub    0     0   0300    0300
  2144   23983     40  sub    0     0   0300    0300
  2145   23986     40  sub    0     0   0300    0300
  2146   23989     40  sub    0     0   0300    0300
  2147   23992     40  sub    0     0   0300    0300
  2148   23995     40  sub    0     0   0300    0300
  2149   23998     40  sub    0     0   0300    0300
  2150   24001     40  sub    0     0   0300    0300
  2151   24004     40  sub    0     0   0300    0300
  2152   24007     40  sub    0     0   0300    0300
  2153   24010     40  sub    0     0   0300    0300
  2154   24013     40  sub    0     0   0300    0300
  2155   24016     40  sub    0     0   0300    0300
  2156   24019     40  sub    0     0   0300    0300
  2157   24022     40  sub    0     0   0300    0300
  2158   24025     40  sub    0     0   0300    0300
  2159   24028     40  sub    0     0   0300    0300
  2160   24031     40  sub    0     0   0300    0300
  2161   24034     40  sub    0     0   0300    0300
  2162   24037     40  sub    0     0   0300    0300
  2163   24040     40  sub    0     0   0300    0300
  2164   24043     40  sub    0     0   0300    0300
  2165   24046     40  sub    0     0   0300    0300
  2166   24049     40  sub    0     0   0300    0300
  2167   24052     40  sub    0     0   0300    0300
  2168   24055     40  sub    0     0   0300    0300
  2169   24058     40  sub    0     0   0300    0300
  2170   24061     40  sub    0     0   0300    0300
  2171   24064     40  sub    0     0   0300    0300
  2172   24067     40  sub    0     0   0300    0300
  2173   24070     40  sub    0     0   0300    0300
  2174   24073     40  sub    0     0   0300    0300
  2175   24076     40  sub    0     0   0300    0300
  2176   24079     40  sub    0     0   0300    0300
  2177   24082     40  sub    0     0   0300    0300
  2178   24085     40  sub    0     0   0300    0300
  2179   24088     40  sub    0     0   0300    0300
  2180   24091     40  sub    0     0   0300    0300
  2181   24094     40  sub    0     0   0300    0300
  2182   24097     40  sub    0     0   0300    0300
  2183   24100     40  sub    0     0   0300    0300
  2184   24103     40  sub    0     0   0300    0300
  2185   24106     40  sub    0     0   0300    0300
  2186   24109     40  sub    0     0   0300    0300
  2187   24112     40  sub    0     0   0300    0300
  2188   24115     40  sub    0     0   0300    0300
  2189   24118     40  sub    0     0   0300    0300
  2190   24121     40  sub    0     0   0300    0300
  2191   24124     40  sub    0     0   0300    0300
  2192   24127     40  sub    0     0   0300    0300
  2193   24130     40  sub    0     0   0300    0300
  2194   24133     40  sub    0     0   0300    0300
  2195   24136     40  sub    0     0   0300    0300
  2196   24139     40  sub    0     0   0300    0300
  2197   24142     40  sub    0     0   0300    0300
  2198   24145     40  sub    0     0   0300    0300
  2199   24148     40  sub    0     0   0300    0300
  2200   24151     40  sub    0     0   0300    0300
  2201   24154     40  sub    0     0   0300    0300
  2202   24157     40  sub    0     0   0300    0300
  2203   24160     40  sub    0     0   0300    0300
  2204   24163     40  sub    0     0   0300    0300
  2205   24166     40  sub    0     0   0300    0300
  2206   24169     40  sub    0     0   0300    0300
  2207   24172     40  sub    0     0   0300    0300
  2208   24175     40  sub    0     0   0300    0300
  2209   24178     40  sub    0     0   0300    0300
  2210   24181     40  sub    0     0   0300    0300
  2211   24184     40  sub    0     0   0300    0300
  2212   24187     40  sub    0     0   0300    0300
  2213   24190     40  sub    0     0   0300    0300
  2214   24193     40  sub    0     0   0300    0300
  2215   24196     40  sub    0     0   0300    0300
  2216   24199     40  sub    0     0   0300    0300
  2217   24202     40  sub    0     0   0300    0300
  2218   24205     40  sub    0     0   0300    0300
  2219   24208     40  sub    0     0   0300    0300
  2220   24211     40  sub    0     0   0300    0300
  2221   24214     40  sub    0     0   0300    0300
  2222   24217     40  sub    0     0   0300    0300
  2223   24220     40  sub    0     0   0300    0300
  2224   24223     40  sub    0     0   0300    0300
  2225   24226     40  sub    0     0   0300    0300
  2226   24229     40  sub    0     0   0300    0300
  2227   24232     40  sub    0     0   0300    0300
  2228   24235     40  sub    0     0   0300    0300
  2229   24238     40  sub    0     0   0300    0300
  2230   24241     40  sub    0     0   0300    0300
  2231   24244     40  sub    0     0   0300    0300
  2232   24247     40  sub    0     0   0300    0300
  2233   24250     40  sub    0     0   0300    0300
  2234   24253     40  sub    0     0   0300    0300
  2235   24256     40  sub    0     0   0300    0300
  2236   24259     40  sub    0     0   0300    0300
  2237   24262     40  sub    0     0   0300    0300
  2238   24265     40  sub    0     0   0300    0300
  2239   24268     40  sub    0     0   0300    0300
  2240   24271     40  sub    0     0   0300    0300
  2241   24274     40  sub    0     0   0300    0300
  2242   24277     40  sub    0     0   0300    0300
  2243   24280     40  sub    0     0   0300    0300
  2244   24283     40  sub    0     0   0300    0300
  2245   24286     40  sub    0     0   0300    0300
  2246   24289     40  sub    0     0   0300    0300
  2247   24292     40  sub    0     0   0300    0300
  2248   24295     40  sub    0     0   0300    0300
  2249   24298     40  sub    0     0   0300    0300
  2250   24301     40  sub    0     0   0300    0300
  2251   24304     40  sub    0     0   0300    0300
  2252   24307     40  sub    0     0   0300    0300
  2253   24310     40  sub    0     0   0300    0300
  2254   24313     40  sub    0     0   0300    0300
  2255   24316     40  sub    0     0   0300    0300
  2256   24319     40  sub    0     0   0300    0300
  2257   24322     40  sub    0     0   0300    0300
  2258   24325     40  sub    0     0   0300    0300
  2259   24328     40  sub    0     0   0300    0300
  2260   24331     40  sub    0     0   0300    0300
  2261   24334     40  sub    0     0   0300    0300
  2262   24337     40  sub    0     0   0300    0300
  2263   24340     40  sub    0     0   0300    0300
  2264   24343     40  sub    0     0   0300    0300
  2265   24346     40  sub    0     0   0300    0300
  2266   24349     40  sub    0     0   0300    0300
  2267   24352     40  sub    0     0   0300    0300
  2268   24355     40  sub    0     0   0300    0300
  2269   24358     40  sub    0     0   0300    0300
  2270   24361     40  sub    0     0   0300    0300
  2271   24364     40  sub    0     0   0300    0300
  2272   24367     40  sub    0     0   0300    0300
  2273   24370     40  sub    0     0   0300    0300
  2274   24373     40  sub    0     0   0300    0300
  2275   24376     40  sub    0     0   0300    0300
  2276   24379     40  sub    0     0   0300    0300
  2277   24382     40  sub    0     0   0300    0300
  2278   24385     40  sub    0     0   0300    0300
  2279   24388     40  sub    0     0   0300    0300
  2280   24391     40  sub    0     0   0300    0300
  2281   24394     40  sub    0     0   0300    0300
  2282   24397     40  sub    0     0   0300    0300
  2283   24400     40  sub    0     0   0300    0300
  2284   24403     40  sub    0     0   0300    0300
  2285   24406     40  sub    0     0   0300    0300
  2286   24409     40  sub    0     0   0300    0300
  2287   24412     40  sub    0     0   0300    0300
  2288   24415     40  sub    0     0   0300    0300
  2289   24418     40  sub    0     0   0300    0300
  2290   24421     40  sub    0     0   0300    0300
  2291   24424     40  sub    0     0   0300    0300
  2292   24427     40  sub    0     0   0300    0300
  2293   24430     40  sub    0     0   0300    0300
  2294   24433     40  sub    0     0   0300    0300
  2295   24436     40  sub    0     0   0300    0300
  2296   24439     40  sub    0     0   0300    0300
  2297   24442     40  sub    0     0   0300    0300
  2298   24445     40  sub    0     0   0300    0300
  2299   24448     40  sub    0     0   0300    0300
  2300   24451     40  sub    0     0   0300    0300
  2301   24454     40  sub    0     0   0300    0300
  2302   24457     40  sub    0     0   0300    0300
  2303   24460     40  sub    0     0   0300    0300
  2304   24463     40  sub    0     0   0300    0300
  2305   24466     40  sub    0     0   0300    0300
  2306   24469     40  sub    0     0   0300    0300
  2307   24472     40  sub    0     0   0300    0300
  2308   24475     40  sub    0     0   0300    0300
  2309   24478     40  sub    0     0   0300    0300
  2310   24481     40  sub    0     0   0300    0300
  2311   24484     40  sub    0     0   0300    0300
  2312   24487     40  sub    0     0   0300    0300
  2313   24490     40  sub    0     0   0300    0300
  2314   24493     40  sub    0     0   0300    0300
  2315   24496     40  sub    0     0   0300    0300
  2316   24499     40  sub    0     0   0300    0300
  2317   24502     40  sub    0     0   0300    0300
  2318   24505     40  sub    0     0   0300    0300
  2319   24508     40  sub    0     0   0300    0300
  2320   24511     40  sub    0     0   0300    0300
  2321   24514     40  sub    0     0   0300    0300
  2322   24517     40  sub    0     0   0300    0300
  2323   24520     40  sub    0     0   0300    0300
  2324   24523     40  sub    0     0   0300    0300
  2325   24526     40  sub    0     0   0300    0300
  2326   24529     40  sub    0     0   0300    0300
  2327   24532     40  sub    0     0   0300    0300
  2328   24535     40  sub    0     0   0300    0300
  2329   24538     40  sub    0     0   0300    0300
  2330   24541     40  sub    0     0   0300    0300
  2331   24544     40  sub    0     0   0300    0300
  2332   24547     40  sub    0     0   0300    0300
  2333   24550     40  sub    0     0   0300    0300
  2334   24553     40  sub    0     0   0300    0300
  2335   24556     40  sub    0     0   0300    0300
  2336   24559     40  sub    0     0   0300    0300
  2337   24562     40  sub    0     0   0300    0300
  2338   24565     40  sub    0     0   0300    0300
  2339   24568     40  sub    0     0   0300    0300
  2340   24571     40  sub    0     0   0300    0300
  2341   24574     40  sub    0     0   0300    0300
  2342   24577     40  sub    0     0   0300    0300
  2343   24580     40  sub    0     0   0300    0300
  2344   24583     40  sub    0     0   0300    0300
  2345   24586     40  sub    0     0   0300    0300
  2346   24589     40  sub    0     0   0300    0300
  2347   24592     40  sub    0     0   0300    0300
  2348   24595     40  sub    0     0   0300    0300
  2349   24598     40  sub    0     0   0300    0300
  2350   24601     40  sub    0     0   0300    0300
  2351   24604     40  sub    0     0   0300    0300
  2352   24607     40  sub    0     0   0300    0300
  2353   24610     40  sub    0     0   0300    0300
  2354   24613     40  sub    0     0   0300    0300
  2355   24616     40  sub    0     0   0300    0300
  2356   24619     40  sub    0     0   0300    0300
  2357   24622     40  sub    0     0   0300    0300
  2358   24625     40  sub    0     0   0300    0300
  2359   24628     40  sub    0     0   0300    0300
  2360   24631     40  sub    0     0   0300    0300
  2361   24634     40  sub    0     0   0300    0300
  2362   24637     40  sub    0     0   0300    0300
  2363   24640     40  sub    0     0   0300    0300
  2364   24643     40  sub    0     0   0300    0300
  2365   24646     40  sub    0     0   0300    0300
  2366   24649     40  sub    0     0   0300    0300
  2367   24652     40  sub    0     0   0300    0300
  2368   24655     40  sub    0     0   0300    0300
  2369   24658     40  sub    0     0   0300    0300
  2370   24661     40  sub    0     0   0300    0300
  2371   24664     40  sub    0     0   0300    0300
  2372   24667     40  sub    0     0   0300    0300
  2373   24670     40  sub    0     0   0300    0300
  2374   24673     40  sub    0     0   0300    0300
  2375   24676     40  sub    0     0   0300    0300
  2376   24679     40  sub    0     0   0300    0300
  2377   24682     40  sub    0     0   0300    0300
  2378   24685     40  sub    0     0   0300    0300
  2379   24688     40  sub    0     0   0300    0300
  2380   24691     40  sub    0     0   0300    0300
  2381   24694     40  sub    0     0   0300    0300
  2382   24697     40  sub    0     0   0300    0300
  2383   24700     40  sub    0     0   0300    0300
  2384   24703     40  sub    0     0   0300    0300
  2385   24706     40  sub    0     0   0300    0300
  2386   24709     40  sub    0     0   0300    0300
  2387   24712     40  sub    0     0   0300    0300
  2388   24715     40  sub    0     0   0300    0300
  2389   24718     40  sub    0     0   0300    0300
  2390   24721     40  sub    0     0   0300    0300
  2391   24724     40  sub    0     0   0300    0300
  2392   24727     40  sub    0     0   0300    0300
  2393   24730     40  sub    0     0   0300    0300
  2394   24733     40  sub    0     0   0300    0300
  2395   24736     40  sub    0     0   0300    0300
  2396   24739     40  sub    0     0   0300    0300
  2397   24742     40  sub    0     0   0300    0300
  2398   24745     40  sub    0     0   0300    0300
  2399   24748     40  sub    0     0   0300    0300
  2400   24751     40  sub    0     0   0300    0300
  2401   24754     40  sub    0     0   0300    0300
  2402   24757     40  sub    0     0   0300    0300
  2403   24760     40  sub    0     0   0300    0300
  2404   24763     40  sub    0     0   0300    0300
  2405   24766     40  sub    0     0   0300    0300
  2406   24769     40  sub    0     0   0300    0300
  2407   24772     40  sub    0     0   0300    0300
  2408   24775     40  sub    0     0   0300    0300
  2409   24778     40  sub    0     0   0300    0300
  2410   24781     40  sub    0     0   0300    0300
  2411   24784     40  sub    0     0   0300    0300
  2412   24787     40  sub    0     0   0300    0300
  2413   24790     40  sub    0     0   0300    0300
  2414   24793     40  sub    0     0   0300    0300
  2415   24796     40  sub    0     0   0300    0300
  2416   24799     40  sub    0     0   0300    0300
  2417   24802     40  sub    0     0   0300    0300
  2418   24805     40  sub    0     0   0300    0300
  2419   24808     40  sub    0     0   0300    0300
  2420   24811     40  sub    0     0   0300    0300
  2421   24814     40  sub    0     0   0300    0300
  2422   24817     40  sub    0     0   0300    0300
  2423   24820     40  sub    0     0   0300    0300
  2424   24823     40  sub    0     0   0300    0300
  2425   24826     40  sub    0     0   0300    0300
  2426   24829     40  sub    0     0   0300    0300
  2427   24832     40  sub    0     0   0300    0300
  2428   24835     40  sub    0     0   0300    0300
  2429   24838     40  sub    0     0   0300    0300
  2430   24841     40  sub    0     0   0300    0300
  2431   24844     40  sub    0     0   0300    0300
  2432   24847     40  sub    0     0   0300    0300
  2433   24850     40  sub    0     0   0300    0300
  2434   24853     40  sub    0     0   0300    0300
  2435   24856     40  sub    0     0   0300    0300
  2436   24859     40  sub    0     0   0300    0300
  2437   24862     40  sub    0     0   0300    0300
  2438   24865     40  sub    0     0   0300    0300
  2439   24868     40  sub    0     0   0300    0300
  2440   24871     40  sub    0     0   0300    0300
  2441   24874     40  sub    0     0   0300    0300
  2442   24877     40  sub    0     0   0300    0300
  2443   24880     40  sub    0     0   0300    0300
  2444   24883     40  sub    0     0   0300    0300
  2445   24886     40  sub    0     0   0300    0300
  2446   24889     40  sub    0     0   0300    0300
  2447   24892     40  sub    0     0   0300    0300
  2448   24895     40  sub    0     0   0300    0300
  2449   24898     40  sub    0     0   0300    0300
  2450   24901     40  sub    0     0   0300    0300
  2451   24904     40  sub    0     0   0300    0300
  2452   24907     40  sub    0     0   0300    0300
  2453   24910     40  sub    0     0   0300    0300
  2454   24913     40  sub    0     0   0300    0300
  2455   24916     40  sub    0     0   0300    0300
  2456   24919     40  sub    0     0   0300    0300
  2457   24922     40  sub    0     0   0300    0300
  2458   24925     40  sub    0     0   0300    0300
  2459   24928     40  sub    0     0   0300    0300
  2460   24931     40  sub    0     0   0300    0300
  2461   24934     40  sub    0     0   0300    0300
  2462   24937     40  sub    0     0   0300    0300
  2463   24940     40  sub    0     0   0300    0300
  2464   24943     40  sub    0     0   0300    0300
  2465   24946     40  sub    0     0   0300    0300
  2466   24949     40  sub    0     0   0300    0300
  2467   24952     40  sub    0     0   0300    0300
  2468   24955     40  sub    0     0   0300    0300
  2469   24958     40  sub    0     0   0300    0300
  2470   24961     40  sub    0     0   0300    0300
  2471   24964     40  sub    0     0   0300    0300
  2472   24967     40  sub    0     0   0300    0300
  2473   24970     40  sub    0     0   0300    0300
  2474   24973     40  sub    0     0   0300    0300
  2475   24976     40  sub    0     0   0300    0300
  2476   24979     40  sub    0     0   0300    0300
  2477   24982     40  sub    0     0   0300    0300
  2478   24985     40  sub    0     0   0300    0300
  2479   24988     40  sub    0     0   0300    0300
  2480   24991     40  sub    0     0   0300    0300
  2481   24994     40  sub    0     0   0300    0300
  2482   24997     40  sub    0     0   0300    0300
  2483   25000     40  sub    0     0   0300    0300
  2484   25003     40  sub    0     0   0300    0300
  2485   25006     40  sub    0     0   0300    0300
  2486   25009     40  sub    0     0   0300    0300
  2487   25012     40  sub    0     0   0300    0300
  2488   25015     40  sub    0     0   0300    0300
  2489   25018     40  sub    0     0   0300    0300
  2490   25021     40  sub    0     0   0300    0300
  2491   25024     40  sub    0     0   0300    0300
  2492   25027     40  sub    0     0   0300    0300
  2493   25030     40  sub    0     0   0300    0300
  2494   25033     40  sub    0     0   0300    0300
  2495   25036     40  sub    0     0   0300    0300
  2496   25039     40  sub    0     0   0300    0300
  2497   25042     40  sub    0     0   0300    0300
  2498   25045     40  sub    0     0   0300    0300
  2499   25048     40  sub    0     0   0300    0300
  2500   25051     40  sub    0     0   0300    0300
  2501   25054     40  sub    0     0   0300    0300
  2502   25057     40  sub    0     0   0300    0300
  2503   25060     40  sub    0     0   0300    0300
  2504   25063     40  sub    0     0   0300    0300
  2505   25066     40  sub    0     0   0300    0300
  2506   25069     40  sub    0     0   0300    0300
  2507   25072     40  sub    0     0   0300    0300
  2508   25075     40  sub    0     0   0300    0300
  2509   25078     40  sub    0     0   0300    0300
  2510   25081     40  sub    0     0   0300    0300
  2511   25084     40  sub    0     0   0300    0300
  2512   25087     40  sub    0     0   0300    0300
  2513   25090     40  sub    0     0   0300    0300
  2514   25093     40  sub    0     0   0300    0300
  2515   25096     40  sub    0     0   0300    0300
  2516   25099     40  sub    0     0   0300    0300
  2517   25102     40  sub    0     0   0300    0300
  2518   25105     40  sub    0     0   0300    0300
  2519   25108     40  sub    0     0   0300    0300
  2520   25111     40  sub    0     0   0300    0300
  2521   25114     40  sub    0     0   0300    0300
  2522   25117     40  sub    0     0   0300    0300
  2523   25120     40  sub    0     0   0300    0300
  2524   25123     40  sub    0     0   0300    0300
  2525   25126     40  sub    0     0   0300    0300
  2526   25129     40  sub    0     0   0300    0300
  2527   25132     40  sub    0     0   0300    0300
  2528   25135     40  sub    0     0   0300    0300
  2529   25138     40  sub    0     0   0300    0300
  2530   25141     40  sub    0     0   0300    0300
  2531   25144     40  sub    0     0   0300    0300
  2532   25147     40  sub    0     0   0300    0300
  2533   25150     40  sub    0     0   0300    0300
  2534   25153     40  sub    0     0   0300    0300
  2535   25156     40  sub    0     0   0300    0300
  2536   25159     40  sub    0     0   0300    0300
  2537   25162     40  sub    0     0   0300    0300
  2538   25165     40  sub    0     0   0300    0300
  2539   25168     40  sub    0     0   0300    0300
  2540   25171     40  sub    0     0   0300    0300
  2541   25174     40  sub    0     0   0300    0300
  2542   25177     40  sub    0     0   0300    0300
  2543   25180     40  sub    0     0   0300    0300
  2544   25183     40  sub    0     0   0300    0300
  2545   25186     40  sub    0     0   0300    0300
  2546   25189     40  sub    0     0   0300    0300
  2547   25192     40  sub    0     0   0300    0300
  2548   25195     40  sub    0     0   0300    0300
  2549   25198     40  sub    0     0   0300    0300
  2550   25201     40  sub    0     0   0300    0300
  2551   25204     40  sub    0     0   0300    0300
  2552   25207     40  sub    0     0   0300    0300
  2553   25210     40  sub    0     0   0300    0300
  2554   25213     40  sub    0     0   0300    0300
  2555   25216     40  sub    0     0   0300    0300
  2556   25219     40  sub    0     0   0300    0300
  2557   25222     40  sub    0     0   0300    0300
  2558   25225     40  sub    0     0   0300    0300
  2559   25228     40  sub    0     0   0300    0300
  2560   25231     40  sub    0     0   0300    0300
  2561   25234     40  sub    0     0   0300    0300
  2562   25237     40  sub    0     0   0300    0300
  2563   25240     40  sub    0     0   0300    0300
  2564   25243     40  sub    0     0   0300    0300
  2565   25246     40  sub    0     0   0300    0300
  2566   25249     40  sub    0     0   0300    0300
  2567   25252     40  sub    0     0   0300    0300
  2568   25255     40  sub    0     0   0300    0300
  2569   25258     40  sub    0     0   0300    0300
  2570   25261     40  sub    0     0   0300    0300
  2571   25264     40  sub    0     0   0300    0300
  2572   25267     40  sub    0     0   0300    0300
  2573   25270     40  sub    0     0   0300    0300
  2574   25273     40  sub    0     0   0300    0300
  2575   25276     40  sub    0     0   0300    0300
  2576   25279     40  sub    0     0   0300    0300
  2577   25282     40  sub    0     0   0300    0300
  2578   25285     40  sub    0     0   0300    0300
  2579   25288     40  sub    0     0   0300    0300
  2580   25291     40  sub    0     0   0300    0300
  2581   25294     40  sub    0     0   0300    0300
  2582   25297     40  sub    0     0   0300    0300
  2583   25300     40  sub    0     0   0300    0300
  2584   25303     40  sub    0     0   0300    0300
  2585   25306     40  sub    0     0   0300    0300
  2586   25309     40  sub    0     0   0300    0300
  2587   25312     40  sub    0     0   0300    0300
  2588   25315     40  sub    0     0   0300    0300
  2589   25318     40  sub    0     0   0300    0300
  2590   25321     40  sub    0     0   0300    0300
  2591   25324     40  sub    0     0   0300    0300
  2592   25327     40  sub    0     0   0300    0300
  2593   25330     40  sub    0     0   0300    0300
  2594   25333     40  sub    0     0   0300    0300
  2595   25336     40  sub    0     0   0300    0300
  2596   25339     40  sub    0     0   0300    0300
  2597   25342     40  sub    0     0   0300    0300
  2598   25345     40  sub    0     0   0300    0300
  2599   25348     40  sub    0     0   0300    0300
  2600   25351     40  sub    0     0   0300    0300
  2601   25354     40  sub    0     0   0300    0300
  2602   25357     40  sub    0     0   0300    0300
  2603   25360     40  sub    0     0   0300    0300
  2604   25363     40  sub    0     0   0300    0300
  2605   25366     40  sub    0     0   0300    0300
  2606   25369     40  sub    0     0   0300    0300
  2607   25372     40  sub    0     0   0300    0300
  2608   25375     40  sub    0     0   0300    0300
  2609   25378     40  sub    0     0   0300    0300
  2610   25381     40  sub    0     0   0300    0300
  2611   25384     40  sub    0     0   0300    0300
  2612   25387     40  sub    0     0   0300    0300
  2613   25390     40  sub    0     0   0300    0300
  2614   25393     40  sub    0     0   0300    0300
  2615   25396     40  sub    0     0   0300    0300
  2616   25399     40  sub    0     0   0300    0300
  2617   25402     40  sub    0     0   0300    0300
  2618   25405     40  sub    0     0   0300    0300
  2619   25408     40  sub    0     0   0300    0300
  2620   25411     40  sub    0     0   0300    0300
  2621   25414     40  sub    0     0   0300    0300
  2622   25417     40  sub    0     0   0300    0300
  2623   25420     40  sub    0     0   0300    0300
  2624   25423     40  sub    0     0   0300    0300
  2625   25426     40  sub    0     0   0300    0300
  2626   25429     40  sub    0     0   0300    0300
  2627   25432     40  sub    0     0   0300    0300
  2628   25435     40  sub    0     0   0300    0300
  2629   25438     40  sub    0     0   0300    0300
  2630   25441     40  sub    0     0   0300    0300
  2631   25444     40  sub    0     0   0300    0300
  2632   25447     40  sub    0     0   0300    0300
  2633   25450     40  sub    0     0   0300    0300
  2634   25453     40  sub    0     0   0300    0300
  2635   25456     40  sub    0     0   0300    0300
  2636   25459     40  sub    0     0   0300    0300
  2637   25462     40  sub    0     0   0300    0300
  2638   25465     40  sub    0     0   0300    0300
  2639   25468     40  sub    0     0   0300    0300
  2640   25471     40  sub    0     0   0300    0300
  2641   25474     40  sub    0     0   0300    0300
  2642   25477     40  sub    0     0   0300    0300
  2643   25480     40  sub    0     0   0300    0300
  2644   25483     40  sub    0     0   0300    0300
  2645   25486     40  sub    0     0   0300    0300
  2646   25489     40  sub    0     0   0300    0300
  2647   25492     40  sub    0     0   0300    0300
  2648   25495     40  sub    0     0   0300    0300
  2649   25498     40  sub    0     0   0300    0300
  2650   25501     40  sub    0     0   0300    0300
  2651   25504     40  sub    0     0   0300    0300
  2652   25507     40  sub    0     0   0300    0300
  2653   25510     40  sub    0     0   0300    0300
  2654   25513     40  sub    0     0   0300    0300
  2655   25516     40  sub    0     0   0300    0300
  2656   25519     40  sub    0     0   0300    0300
  2657   25522     40  sub    0     0   0300    0300
  2658   25525     40  sub    0     0   0300    0300
  2659   25528     40  sub    0     0   0300    0300
  2660   25531     40  sub    0     0   0300    0300
  2661   25534     40  sub    0     0   0300    0300
  2662   25537     40  sub    0     0   0300    0300
  2663   25540     40  sub    0     0   0300    0300
  2664   25543     40  sub    0     0   0300    0300
  2665   25546     40  sub    0     0   0300    0300
  2666   25549     40  sub    0     0   0300    0300
  2667   25552     40  sub    0     0   0300    0300
  2668   25555     40  sub    0     0   0300    0300
  2669   25558     40  sub    0     0   0300    0300
  2670   25561     40  sub    0     0   0300    0300
  2671   25564     40  sub    0     0   0300    0300
  2672   25567     40  sub    0     0   0300    0300
  2673   25570     40  sub    0     0   0300    0300
  2674   25573     40  sub    0     0   0300    0300
  2675   25576     40  sub    0     0   0300    0300
  2676   25579     40  sub    0     0   0300    0300
  2677   25582     40  sub    0     0   0300    0300
  2678   25585     40  sub    0     0   0300    0300
  2679   25588     40  sub    0     0   0300    0300
  2680   25591     40  sub    0     0   0300    0300
  2681   25594     40  sub    0     0   0300    0300
  2682   25597     40  sub    0     0   0300    0300
  2683   25600     40  sub    0     0   0300    0300
  2684   25603     40  sub    0     0   0300    0300
  2685   25606     40  sub    0     0   0300    0300
  2686   25609     40  sub    0     0   0300    0300
  2687   25612     40  sub    0     0   0300    0300
  2688   25615     40  sub    0     0   0300    0300
  2689   25618     40  sub    0     0   0300    0300
  2690   25621     40  sub    0     0   0300    0300
  2691   25624     40  sub    0     0   0300    0300
  2692   25627     40  sub    0     0   0300    0300
  2693   25630     40  sub    0     0   0300    0300
  2694   25633     40  sub    0     0   0300    0300
  2695   25636     40  sub    0     0   0300    0300
  2696   25639     40  sub    0     0   0300    0300
  2697   25642     40  sub    0     0   0300    0300
  2698   25645     40  sub    0     0   0300    0300
  2699   25648     40  sub    0     0   0300    0300
  2700   25651     40  sub    0     0   0300    0300
  2701   25654     40  sub    0     0   0300    0300
  2702   25657     40  sub    0     0   0300    0300
  2703   25660     40  sub    0     0   0300    0300
  2704   25663     40  sub    0     0   0300    0300
  2705   25666     40  sub    0     0   0300    0300
  2706   25669     40  sub    0     0   0300    0300
  2707   25672     40  sub    0     0   0300    0300
  2708   25675     40  sub    0     0   0300    0300
  2709   25678     40  sub    0     0   0300    0300
  2710   25681     40  sub    0     0   0300    0300
  2711   25684     40  sub    0     0   0300    0300
  2712   25687     40  sub    0     0   0300    0300
  2713   25690     40  sub    0     0   0300    0300
  2714   25693     40  sub    0     0   0300    0300
  2715   25696     40  sub    0     0   0300    0300
  2716   25699     40  sub    0     0   0300    0300
  2717   25702     40  sub    0     0   0300    0300
  2718   25705     40  sub    0     0   0300    0300
  2719   25708     40  sub    0     0   0300    0300
  2720   25711     40  sub    0     0   0300    0300
  2721   25714     40  sub    0     0   0300    0300
  2722   25717     40  sub    0     0   0300    0300
  2723   25720     40  sub    0     0   0300    0300
  2724   25723     40  sub    0     0   0300    0300
  2725   25726     40  sub    0     0   0300    0300
  2726   25729     40  sub    0     0   0300    0300
  2727   25732     40  sub    0     0   0300    0300
  2728   25735     40  sub    0     0   0300    0300
  2729   25738     40  sub    0     0   0300    0300
  2730   25741     40  sub    0     0   0300    0300
  2731   25744     40  sub    0     0   0300    0300
  2732   25747     40  sub    0     0   0300    0300
  2733   25750     40  sub    0     0   0300    0300
  2734   25753     40  sub    0     0   0300    0300
  2735   25756     40  sub    0     0   0300    0300
  2736   25759     40  sub    0     0   0300    0300
  2737   25762     40  sub    0     0   0300    0300
  2738   25765     40  sub    0     0   0300    0300
  2739   25768     40  sub    0     0   0300    0300
  2740   25771     40  sub    0     0   0300    0300
  2741   25774     40  sub    0     0   0300    0300
  2742   25777     40  sub    0     0   0300    0300
  2743   25780     40  sub    0     0   0300    0300
  2744   25783     40  sub    0     0   0300    0300
  2745   25786     40  sub    0     0   0300    0300
  2746   25789     40  sub    0     0   0300    0300
  2747   25792     40  sub    0     0   0300    0300
  2748   25795     40  sub    0     0   0300    0300
  2749   25798     40  sub    0     0   0300    0300
  2750   25801     40  sub    0     0   0300    0300
  2751   25804     40  sub    0     0   0300    0300
  2752   25807     40  sub    0     0   0300    0300
  2753   25810     40  sub    0     0   0300    0300
  2754   25813     40  sub    0     0   0300    0300
  2755   25816     40  sub    0     0   0300    0300
  2756   25819     40  sub    0     0   0300    0300
  2757   25822     40  sub    0     0   0300    0300
  2758   25825     40  sub    0     0   0300    0300
  2759   25828     40  sub    0     0   0300    0300
  2760   25831     40  sub    0     0   0300    0300
  2761   25834     40  sub    0     0   0300    0300
  2762   25837     40  sub    0     0   0300    0300
  2763   25840     40  sub    0     0   0300    0300
  2764   25843     40  sub    0     0   0300    0300
  2765   25846     40  sub    0     0   0300    0300
  2766   25849     40  sub    0     0   0300    0300
  2767   25852     40  sub    0     0   0300    0300
  2768   25855     40  sub    0     0   0300    0300
  2769   25858     40  sub    0     0   0300    0300
  2770   25861     40  sub    0     0   0300    0300
  2771   25864     40  sub    0     0   0300    0300
  2772   25867     40  sub    0     0   0300    0300
  2773   25870     40  sub    0     0   0300    0300
  2774   25873     40  sub    0     0   0300    0300
  2775   25876     40  sub    0     0   0300    0300
  2776   25879     40  sub    0     0   0300    0300
  2777   25882     40  sub    0     0   0300    0300
  2778   25885     40  sub    0     0   0300    0300
  2779   25888     40  sub    0     0   0300    0300
  2780   25891     40  sub    0     0   0300    0300
  2781   25894     40  sub    0     0   0300    0300
  2782   25897     40  sub    0     0   0300    0300
  2783   25900     40  sub    0     0   0300    0300
  2784   25903     40  sub    0     0   0300    0300
  2785   25906     40  sub    0     0   0300    0300
  2786   25909     40  sub    0     0   0300    0300
  2787   25912     40  sub    0     0   0300    0300
  2788   25915     40  sub    0     0   0300    0300
  2789   25918     40  sub    0     0   0300    0300
  2790   25921     40  sub    0     0   0300    0300
  2791   25924     40  sub    0     0   0300    0300
  2792   25927     40  sub    0     0   0300    0300
  2793   25930     40  sub    0     0   0300    0300
  2794   25933     40  sub    0     0   0300    0300
  2795   25936     40  sub    0     0   0300    0300
  2796   25939     40  sub    0     0   0300    0300
  2797   25942     40  sub    0     0   0300    0300
  2798   25945     40  sub    0     0   0300    0300
  2799   25948     40  sub    0     0   0300    0300
  2800   25951     40  sub    0     0   0300    0300
  2801   25954     40  sub    0     0   0300    0300
  2802   25957     40  sub    0     0   0300    0300
  2803   25960     40  sub    0     0   0300    0300
  2804   25963     40  sub    0     0   0300    0300
  2805   25966     40  sub    0     0   0300    0300
  2806   25969     40  sub    0     0   0300    0300
  2807   25972     40  sub    0     0   0300    0300
  2808   25975     40  sub    0     0   0300    0300
  2809   25978     40  sub    0     0   0300    0300
  2810   25981     40  sub    0     0   0300    0300
  2811   25984     40  sub    0     0   0300    0300
  2812   25987     40  sub    0     0   0300    0300
  2813   25990     40  sub    0     0   0300    0300
  2814   25993     40  sub    0     0   0300    0300
  2815   25996     40  sub    0     0   0300    0300
  2816   25999     40  sub    0     0   0300    0300
  2817   26002     40  sub    0     0   0300    0300
  2818   26005     40  sub    0     0   0300    0300
  2819   26008     40  sub    0     0   0300    0300
  2820   26011     40  sub    0     0   0300    0300
  2821   26014     40  sub    0     0   0300    0300
  2822   26017     40  sub    0     0   0300    0300
  2823   26020     40  sub    0     0   0300    0300
  2824   26023     40  sub    0     0   0300    0300
  2825   26026     40  sub    0     0   0300    0300
  2826   26029     40  sub    0     0   0300    0300
  2827   26032     40  sub    0     0   0300    0300
  2828   26035     40  sub    0     0   0300    0300
  2829   26038     40  sub    0     0   0300    0300
  2830   26041     40  sub    0     0   0300    0300
  2831   26044     40  sub    0     0   0300    0300
  2832   26047     40  sub    0     0   0300    0300
  2833   26050     40  sub    0     0   0300    0300
  2834   26053     40  sub    0     0   0300    0300
  2835   26056     40  sub    0     0   0300    0300
  2836   26059     40  sub    0     0   0300    0300
  2837   26062     40  sub    0     0   0300    0300
  2838   26065     40  sub    0     0   0300    0300
  2839   26068     40  sub    0     0   0300    0300
  2840   26071     40  sub    0     0   0300    0300
  2841   26074     40  sub    0     0   0300    0300
  2842   26077     40  sub    0     0   0300    0300
  2843   26080     40  sub    0     0   0300    0300
  2844   26083     40  sub    0     0   0300    0300
  2845   26086     40  sub    0     0   0300    0300
  2846   26089     40  sub    0     0   0300    0300
  2847   26092     40  sub    0     0   0300    0300
  2848   26095     40  sub    0     0   0300    0300
  2849   26098     40  sub    0     0   0300    0300
  2850   26101     40  sub    0     0   0300    0300
  2851   26104     40  sub    0     0   0300    0300
  2852   26107     40  sub    0     0   0300    0300
  2853   26110     40  sub    0     0   0300    0300
  2854   26113     40  sub    0     0   0300    0300
  2855   26116     40  sub    0     0   0300    0300
  2856   26119     40  sub    0     0   0300    0300
  2857   26122     40  sub    0     0   0300    0300
  2858   26125     40  sub    0     0   0300    0300
  2859   26128     40  sub    0     0   0300    0300
  2860   26131     40  sub    0     0   0300    0300
  2861   26134     40  sub    0     0   0300    0300
  2862   26137     40  sub    0     0   0300    0300
  2863   26140     40  sub    0     0   0300    0300
  2864   26143     40  sub    0     0   0300    0300
  2865   26146     40  sub    0     0   0300    0300
  2866   26149     40  sub    0     0   0300    0300
  2867   26152     40  sub    0     0   0300    0300
  2868   26155     40  sub    0     0   0300    0300
  2869   26158     40  sub    0     0   0300    0300
  2870   26161     40  sub    0     0   0300    0300
  2871   26164     40  sub    0     0   0300    0300
  2872   26167     40  sub    0     0   0300    0300
  2873   26170     40  sub    0     0   0300    0300
  2874   26173     40  sub    0     0   0300    0300
  2875   26176     40  sub    0     0   0300    0300
  2876   26179     40  sub    0     0   0300    0300
  2877   26182     40  sub    0     0   0300    0300
  2878   26185     40  sub    0     0   0300    0300
  2879   26188     40  sub    0     0   0300    0300
  2880   26191     40  sub    0     0   0300    0300
  2881   26194     40  sub    0     0   0300    0300
  2882   26197     40  sub    0     0   0300    0300
  2883   26200     40  sub    0     0   0300    0300
  2884   26203     40  sub    0     0   0300    0300
  2885   26206     40  sub    0     0   0300    0300
  2886   26209     40  sub    0     0   0300    0300
  2887   26212     40  sub    0     0   0300    0300
  2888   26215     40  sub    0     0   0300    0300
  2889   26218     40  sub    0     0   0300    0300
  2890   26221     40  sub    0     0   0300    0300
  2891   26224     40  sub    0     0   0300    0300
  2892   26227     40  sub    0     0   0300    0300
  2893   26230     40  sub    0     0   0300    0300
  2894   26233     40  sub    0     0   0300    0300
  2895   26236     40  sub    0     0   0300    0300
  2896   26239     40  sub    0     0   0300    0300
  2897   26242     40  sub    0     0   0300    0300
  2898   26245     40  sub    0     0   0300    0300
  2899   26248     40  sub    0     0   0300    0300
  2900   26251     40  sub    0     0   0300    0300
  2901   26254     40  sub    0     0   0300    0300
  2902   26257     40  sub    0     0   0300    0300
  2903   26260     40  sub    0     0   0300    0300
  2904   26263     40  sub    0     0   0300    0300
  2905   26266     40  sub    0     0   0300    0300
  2906   26269     40  sub    0     0   0300    0300
  2907   26272     40  sub    0     0   0300    0300
  2908   26275     40  sub    0     0   0300    0300
  2909   26278     40  sub    0     0   0300    0300
  2910   26281     40  sub    0     0   0300    0300
  2911   26284     40  sub    0     0   0300    0300
  2912   26287     40  sub    0     0   0300    0300
  2913   26290     40  sub    0     0   0300    0300
  2914   26293     40  sub    0     0   0300    0300
  2915   26296     40  sub    0     0   0300    0300
  2916   26299     40  sub    0     0   0300    0300
  2917   26302     40  sub    0     0   0300    0300
  2918   26305     40  sub    0     0   0300    0300
  2919   26308     40  sub    0     0   0300    0300
  2920   26311     40  sub    0     0   0300    0300
  2921   26314     40  sub    0     0   0300    0300
  2922   26317     40  sub    0     0   0300    0300
  2923   26320     40  sub    0     0   0300    0300
  2924   26323     40  sub    0     0   0300    0300
  2925   26326     40  sub    0     0   0300    0300
  2926   26329     40  sub    0     0   0300    0300
  2927   26332     40  sub    0     0   0300    0300
  2928   26335     40  sub    0     0   0300    0300
  2929   26338     40  sub    0     0   0300    0300
  2930   26341     40  sub    0     0   0300    0300
  2931   26344     40  sub    0     0   0300    0300
  2932   26347     40  sub    0     0   0300    0300
  2933   26350     40  sub    0     0   0300    0300
  2934   26353     40  sub    0     0   0300    0300
  2935   26356     40  sub    0     0   0300    0300
  2936   26359     40  sub    0     0   0300    0300
  2937   26362     40  sub    0     0   0300    0300
  2938   26365     40  sub    0     0   0300    0300
  2939   26368     40  sub    0     0   0300    0300
  2940   26371     40  sub    0     0   0300    0300
  2941   26374     40  sub    0     0   0300    0300
  2942   26377     40  sub    0     0   0300    0300
  2943   26380     40  sub    0     0   0300    0300
  2944   26383     40  sub    0     0   0300    0300
  2945   26386     40  sub    0     0   0300    0300
  2946   26389     40  sub    0     0   0300    0300
  2947   26392     40  sub    0     0   0300    0300
  2948   26395     40  sub    0     0   0300    0300
  2949   26398     40  sub    0     0   0300    0300
  2950   26401     40  sub    0     0   0300    0300
  2951   26404     40  sub    0     0   0300    0300
  2952   26407     40  sub    0     0   0300    0300
  2953   26410     40  sub    0     0   0300    0300
  2954   26413     40  sub    0     0   0300    0300
  2955   26416     40  sub    0     0   0300    0300
  2956   26419     40  sub    0     0   0300    0300
  2957   26422     40  sub    0     0   0300    0300
  2958   26425     40  sub    0     0   0300    0300
  2959   26428     40  sub    0     0   0300    0300
  2960   26431     40  sub    0     0   0300    0300
  2961   26434     40  sub    0     0   0300    0300
  2962   26437     40  sub    0     0   0300    0300
  2963   26440     40  sub    0     0   0300    0300
  2964   26443     40  sub    0     0   0300    0300
  2965   26446     40  sub    0     0   0300    0300
  2966   26449     40  sub    0     0   0300    0300
  2967   26452     40  sub    0     0   0300    0300
  2968   26455     40  sub    0     0   0300    0300
  2969   26458     40  sub    0     0   0300    0300
  2970   26461     40  sub    0     0   0300    0300
  2971   26464     40  sub    0     0   0300    0300
  2972   26467     40  sub    0     0   0300    0300
  2973   26470     40  sub    0     0   0300    0300
  2974   26473     40  sub    0     0   0300    0300
  2975   26476     40  sub    0     0   0300    0300
  2976   26479     40  sub    0     0   0300    0300
  2977   26482     40  sub    0     0   0300    0300
  2978   26485     40  sub    0     0   0300    0300
  2979   26488     40  sub    0     0   0300    0300
  2980   26491     40  sub    0     0   0300    0300
  2981   26494     40  sub    0     0   0300    0300
  2982   26497     40  sub    0     0   0300    0300
  2983   26500     40  sub    0     0   0300    0300
  2984   26503     40  sub    0     0   0300    0300
  2985   26506     40  sub    0     0   0300    0300
  2986   26509     40  sub    0     0   0300    0300
  2987   26512     40  sub    0     0   0300    0300
  2988   26515     40  sub    0     0   0300    0300
  2989   26518     40  sub    0     0   0300    0300
  2990   26521     40  sub    0     0   0300    0300
  2991   26524     40  sub    0     0   0300    0300
  2992   26527     40  sub    0     0   0300    0300
  2993   26530     40  sub    0     0   0300    0300
  2994   26533     40  sub    0     0   0300    0300
  2995   26536     40  sub    0     0   0300    0300
  2996   26539     40  sub    0     0   0300    0300
  2997   26542     40  sub    0     0   0300    0300
  2998   26545     40  sub    0     0   0300    0300
  2999   26548     40  sub    0     0   0300    0300
  3000   26551     40  sub    0     0   0300    0300
  3001   26554     40  sub    0     0   0300    0300
  3002   26557     40  sub    0     0   0300    0300
  3003   26560     40  sub    0     0   0300    0300
  3004   26563     40  sub    0     0   0300    0300
  3005   26566     40  sub    0     0   0300    0300
  3006   26569     40  sub    0     0   0300    0300
  3007   26572     40  sub    0     0   0300    0300
  3008   26575     40  sub    0     0   0300    0300
  3009   26578     40  sub    0     0   0300    0300
  3010   26581     40  sub    0     0   0300    0300
  3011   26584     40  sub    0     0   0300    0300
  3012   26587     40  sub    0     0   0300    0300
  3013   26590     40  sub    0     0   0300    0300
  3014   26593     40  sub    0     0   0300    0300
  3015   26596     40  sub    0     0   0300    0300
  3016   26599     40  sub    0     0   0300    0300
  3017   26602     40  sub    0     0   0300    0300
  3018   26605     40  sub    0     0   0300    0300
  3019   26608     40  sub    0     0   0300    0300
  3020   26611     40  sub    0     0   0300    0300
  3021   26614     40  sub    0     0   0300    0300
  3022   26617     40  sub    0     0   0300    0300
  3023   26620     40  sub    0     0   0300    0300
  3024   26623     40  sub    0     0   0300    0300
  3025   26626     40  sub    0     0   0300    0300
  3026   26629     40  sub    0     0   0300    0300
  3027   26632     40  sub    0     0   0300    0300
  3028   26635     40  sub    0     0   0300    0300
  3029   26638     40  sub    0     0   0300    0300
  3030   26641     40  sub    0     0   0300    0300
  3031   26644     40  sub    0     0   0300    0300
  3032   26647     40  sub    0     0   0300    0300
  3033   26650     40  sub    0     0   0300    0300
  3034   26653     40  sub    0     0   0300    0300
  3035   26656     40  sub    0     0   0300    0300
  3036   26659     40  sub    0     0   0300    0300
  3037   26662     40  sub    0     0   0300    0300
  3038   26665     40  sub    0     0   0300    0300
  3039   26668     40  sub    0     0   0300    0300
  3040   26671     40  sub    0     0   0300    0300
  3041   26674     40  sub    0     0   0300    0300
  3042   26677     40  sub    0     0   0300    0300
  3043   26680     40  sub    0     0   0300    0300
  3044   26683     40  sub    0     0   0300    0300
  3045   26686     40  sub    0     0   0300    0300
  3046   26689     40  sub    0     0   0300    0300
  3047   26692     40  sub    0     0   0300    0300
  3048   26695     40  sub    0     0   0300    0300
  3049   26698     40  sub    0     0   0300    0300
  3050   26701     40  sub    0     0   0300    0300
  3051   26704     40  sub    0     0   0300    0300
  3052   26707     40  sub    0     0   0300    0300
  3053   26710     40  sub    0     0   0300    0300
  3054   26713     40  sub    0     0   0300    0300
  3055   26716     40  sub    0     0   0300    0300
  3056   26719     40  sub    0     0   0300    0300
  3057   26722     40  sub    0     0   0300    0300
  3058   26725     40  sub    0     0   0300    0300
  3059   26728     40  sub    0     0   0300    0300
  3060   26731     40  sub    0     0   0300    0300
  3061   26734     40  sub    0     0   0300    0300
  3062   26737     40  sub    0     0   0300    0300
  3063   26740     40  sub    0     0   0300    0300
  3064   26743     40  sub    0     0   0300    0300
  3065   26746     40  sub    0     0   0300    0300
  3066   26749     40  sub    0     0   0300    0300
  3067   26752     40  sub    0     0   0300    0300
  3068   26755     40  sub    0     0   0300    0300
  3069   26758     40  sub    0     0   0300    0300
  3070   26761     40  sub    0     0   0300    0300
  3071   26764     40  sub    0     0   0300    0300
  3072   26767     40  sub    0     0   0300    0300
  3073   26770     40  sub    0     0   0300    0300
  3074   26773     40  sub    0     0   0300    0300
  3075   26776     40  sub    0     0   0300    0300
  3076   26779     40  sub    0     0   0300    0300
  3077   26782     40  sub    0     0   0300    0300
  3078   26785     40  sub    0     0   0300    0300
  3079   26788     40  sub    0     0   0300    0300
  3080   26791     40  sub    0     0   0300    0300
  3081   26794     40  sub    0     0   0300    0300
  3082   26797     40  sub    0     0   0300    0300
  3083   26800     40  sub    0     0   0300    0300
  3084   26803     40  sub    0     0   0300    0300
  3085   26806     40  sub    0     0   0300    0300
  3086   26809     40  sub    0     0   0300    0300
  3087   26812     40  sub    0     0   0300    0300
  3088   26815     40  sub    0     0   0300    0300
  3089   26818     40  sub    0     0   0300    0300
  3090   26821     40  sub    0     0   0300    0300
  3091   26824     40  sub    0     0   0300    0300
  3092   26827     40  sub    0     0   0300    0300
  3093   26830     40  sub    0     0   0300    0300
  3094   26833     40  sub    0     0   0300    0300
  3095   26836     40  sub    0     0   0300    0300
  3096   26839     40  sub    0     0   0300    0300
  3097   26842     40  sub    0     0   0300    0300
  3098   26845     40  sub    0     0   0300    0300
  3099   26848     40  sub    0     0   0300    0300
  3100   26851     40  sub    0     0   0300    0300
  3101   26854     40  sub    0     0   0300    0300
  3102   26857     40  sub    0     0   0300    0300
  3103   26860     40  sub    0     0   0300    0300
  3104   26863     40  sub    0     0   0300    0300
  3105   26866     40  sub    0     0   0300    0300
  3106   26869     40  sub    0     0   0300    0300
  3107   26872     40  sub    0     0   0300    0300
  3108   26875     40  sub    0     0   0300    0300
  3109   26878     40  sub    0     0   0300    0300
  3110   26881     40  sub    0     0   0300    0300
  3111   26884     40  sub    0     0   0300    0300
  3112   26887     40  sub    0     0   0300    0300
  3113   26890     40  sub    0     0   0300    0300
  3114   26893     40  sub    0     0   0300    0300
  3115   26896     40  sub    0     0   0300    0300
  3116   26899     40  sub    0     0   0300    0300
  3117   26902     40  sub    0     0   0300    0300
  3118   26905     40  sub    0     0   0300    0300
  3119   26908     40  sub    0     0   0300    0300
  3120   26911     40  sub    0     0   0300    0300
  3121   26914     40  sub    0     0   0300    0300
  3122   26917     40  sub    0     0   0300    0300
  3123   26920     40  sub    0     0   0300    0300
  3124   26923     40  sub    0     0   0300    0300
  3125   26926     40  sub    0     0   0300    0300
  3126   26929     40  sub    0     0   0300    0300
  3127   26932     40  sub    0     0   0300    0300
  3128   26935     40  sub    0     0   0300    0300
  3129   26938     40  sub    0     0   0300    0300
  3130   26941     40  sub    0     0   0300    0300
  3131   26944     40  sub    0     0   0300    0300
  3132   26947     40  sub    0     0   0300    0300
  3133   26950     40  sub    0     0   0300    0300
  3134   26953     40  sub    0     0   0300    0300
  3135   26956     40  sub    0     0   0300    0300
  3136   26959     40  sub    0     0   0300    0300
  3137   26962     40  sub    0     0   0300    0300
  3138   26965     40  sub    0     0   0300    0300
  3139   26968     40  sub    0     0   0300    0300
  3140   26971     40  sub    0     0   0300    0300
  3141   26974     40  sub    0     0   0300    0300
  3142   26977     40  sub    0     0   0300    0300
  3143   26980     40  sub    0     0   0300    0300
  3144   26983     40  sub    0     0   0300    0300
  3145   26986     40  sub    0     0   0300    0300
  3146   26989     40  sub    0     0   0300    0300
  3147   26992     40  sub    0     0   0300    0300
  3148   26995     40  sub    0     0   0300    0300
  3149   26998     40  sub    0     0   0300    0300
  3150   27001     40  sub    0     0   0300    0300
  3151   27004     40  sub    0     0   0300    0300
  3152   27007     40  sub    0     0   0300    0300
  3153   27010     40  sub    0     0   0300    0300
  3154   27013     40  sub    0     0   0300    0300
  3155   27016     40  sub    0     0   0300    0300
  3156   27019     40  sub    0     0   0300    0300
  3157   27022     40  sub    0     0   0300    0300
  3158   27025     40  sub    0     0   0300    0300
  3159   27028     40  sub    0     0   0300    0300
  3160   27031     40  sub    0     0   0300    0300
  3161   27034     40  sub    0     0   0300    0300
  3162   27037     40  sub    0     0   0300    0300
  3163   27040     40  sub    0     0   0300    0300
  3164   27043     40  sub    0     0   0300    0300
  3165   27046     40  sub    0     0   0300    0300
  3166   27049     40  sub    0     0   0300    0300
  3167   27052     40  sub    0     0   0300    0300
  3168   27055     40  sub    0     0   0300    0300
  3169   27058     40  sub    0     0   0300    0300
  3170   27061     40  sub    0     0   0300    0300
  3171   27064     40  sub    0     0   0300    0300
  3172   27067     40  sub    0     0   0300    0300
  3173   27070     40  sub    0     0   0300    0300
  3174   27073     40  sub    0     0   0300    0300
  3175   27076     40  sub    0     0   0300    0300
  3176   27079     40  sub    0     0   0300    0300
  3177   27082     40  sub    0     0   0300    0300
  3178   27085     40  sub    0     0   0300    0300
  3179   27088     40  sub    0     0   0300    0300
  3180   27091     40  sub    0     0   0300    0300
  3181   27094     40  sub    0     0   0300    0300
  3182   27097     40  sub    0     0   0300    0300
  3183   27100     40  sub    0     0   0300    0300
  3184   27103     40  sub    0     0   0300    0300
  3185   27106     40  sub    0     0   0300    0300
  3186   27109     40  sub    0     0   0300    0300
  3187   27112     40  sub    0     0   0300    0300
  3188   27115     40  sub    0     0   0300    0300
  3189   27118     40  sub    0     0   0300    0300
  3190   27121     40  sub    0     0   0300    0300
  3191   27124     40  sub    0     0   0300    0300
  3192   27127     40  sub    0     0   0300    0300
  3193   27130     40  sub    0     0   0300    0300
  3194   27133     40  sub    0     0   0300    0300
  3195   27136     40  sub    0     0   0300    0300
  3196   27139     40  sub    0     0   0300    0300
  3197   27142     40  sub    0     0   0300    0300
  3198   27145     40  sub    0     0   0300    0300
  3199   27148     40  sub    0     0   0300    0300
  3200   27151     40  sub    0     0   0300    0300
  3201   27154     40  sub    0     0   0300    0300
  3202   27157     40  sub    0     0   0300    0300
  3203   27160     40  sub    0     0   0300    0300
  3204   27163     40  sub    0     0   0300    0300
  3205   27166     40  sub    0     0   0300    0300
  3206   27169     40  sub    0     0   0300    0300
  3207   27172     40  sub    0     0   0300    0300
  3208   27175     40  sub    0     0   0300    0300
  3209   27178     40  sub    0     0   0300    0300
  3210   27181     40  sub    0     0   0300    0300
  3211   27184     40  sub    0     0   0300    0300
  3212   27187     40  sub    0     0   0300    0300
  3213   27190     40  sub    0     0   0300    0300
  3214   27193     40  sub    0     0   0300    0300
  3215   27196     40  sub    0     0   0300    0300
  3216   27199     40  sub    0     0   0300    0300
  3217   27202     40  sub    0     0   0300    0300
  3218   27205     40  sub    0     0   0300    0300
  3219   27208     40  sub    0     0   0300    0300
  3220   27211     40  sub    0     0   0300    0300
  3221   27214     40  sub    0     0   0300    0300
  3222   27217     40  sub    0     0   0300    0300
  3223   27220     40  sub    0     0   0300    0300
  3224   27223     40  sub    0     0   0300    0300
  3225   27226     40  sub    0     0   0300    0300
  3226   27229     40  sub    0     0   0300    0300
  3227   27232     40  sub    0     0   0300    0300
  3228   27235     40  sub    0     0   0300    0300
  3229   27238     40  sub    0     0   0300    0300
  3230   27241     40  sub    0     0   0300    0300
  3231   27244     40  sub    0     0   0300    0300
  3232   27247     40  sub    0     0   0300    0300
  3233   27250     40  sub    0     0   0300    0300
  3234   27253     40  sub    0     0   0300    0300
  3235   27256     40  sub    0     0   0300    0300
  3236   27259     40  sub    0     0   0300    0300
  3237   27262     40  sub    0     0   0300    0300
  3238   27265     40  sub    0     0   0300    0300
  3239   27268     40  sub    0     0   0300    0300
  3240   27271     40  sub    0     0   0300    0300
  3241   27274     40  sub    0     0   0300    0300
  3242   27277     40  sub    0     0   0300    0300
  3243   27280     40  sub    0     0   0300    0300
  3244   27283     40  sub    0     0   0300    0300
  3245   27286     40  sub    0     0   0300    0300
  3246   27289     40  sub    0     0   0300    0300
  3247   27292     40  sub    0     0   0300    0300
  3248   27295     40  sub    0     0   0300    0300
  3249   27298     40  sub    0     0   0300    0300
  3250   27301     40  sub    0     0   0300    0300
  3251   27304     40  sub    0     0   0300    0300
  3252   27307     40  sub    0     0   0300    0300
  3253   27310     40  sub    0     0   0300    0300
  3254   27313     40  sub    0     0   0300    0300
  3255   27316     40  sub    0     0   0300    0300
  3256   27319     40  sub    0     0   0300    0300
  3257   27322     40  sub    0     0   0300    0300
  3258   27325     40  sub    0     0   0300    0300
  3259   27328     40  sub    0     0   0300    0300
  3260   27331     40  sub    0     0   0300    0300
  3261   27334     40  sub    0     0   0300    0300
  3262   27337     40  sub    0     0   0300    0300
  3263   27340     40  sub    0     0   0300    0300
  3264   27343     40  sub    0     0   0300    0300
  3265   27346     40  sub    0     0   0300    0300
  3266   27349     40  sub    0     0   0300    0300
  3267   27352     40  sub    0     0   0300    0300
  3268   27355     40  sub    0     0   0300    0300
  3269   27358     40  sub    0     0   0300    0300
  3270   27361     40  sub    0     0   0300    0300
  3271   27364     40  sub    0     0   0300    0300
  3272   27367     40  sub    0     0   0300    0300
  3273   27370     40  sub    0     0   0300    0300
  3274   27373     40  sub    0     0   0300    0300
  3275   27376     40  sub    0     0   0300    0300
  3276   27379     40  sub    0     0   0300    0300
  3277   27382     40  sub    0     0   0300    0300
  3278   27385     40  sub    0     0   0300    0300
  3279   27388     40  sub    0     0   0300    0300
  3280   27391     40  sub    0     0   0300    0300
  3281   27394     40  sub    0     0   0300    0300
  3282   27397     40  sub    0     0   0300    0300
  3283   27400     40  sub    0     0   0300    0300
  3284   27403     40  sub    0     0   0300    0300
  3285   27406     40  sub    0     0   0300    0300
  3286   27409     40  sub    0     0   0300    0300
  3287   27412     40  sub    0     0   0300    0300
  3288   27415     40  sub    0     0   0300    0300
  3289   27418     40  sub    0     0   0300    0300
  3290   27421     40  sub    0     0   0300    0300
  3291   27424     40  sub    0     0   0300    0300
  3292   27427     40  sub    0     0   0300    0300
  3293   27430     40  sub    0     0   0300    0300
  3294   27433     40  sub    0     0   0300    0300
  3295   27436     40  sub    0     0   0300    0300
  3296   27439     40  sub    0     0   0300    0300
  3297   27442     40  sub    0     0   0300    0300
  3298   27445     40  sub    0     0   0300    0300
  3299   27448     40  sub    0     0   0300    0300
  3300   27451     40  sub    0     0   0300    0300
  3301   27454     40  sub    0     0   0300    0300
  3302   27457     40  sub    0     0   0300    0300
  3303   27460     40  sub    0     0   0300    0300
  3304   27463     40  sub    0     0   0300    0300
  3305   27466     40  sub    0     0   0300    0300
  3306   27469     40  sub    0     0   0300    0300
  3307   27472     40  sub    0     0   0300    0300
  3308   27475     40  sub    0     0   0300    0300
  3309   27478     40  sub    0     0   0300    0300
  3310   27481     40  sub    0     0   0300    0300
  3311   27484     40  sub    0     0   0300    0300
  3312   27487     40  sub    0     0   0300    0300
  3313   27490     40  sub    0     0   0300    0300
  3314   27493     40  sub    0     0   0300    0300
  3315   27496     40  sub    0     0   0300    0300
  3316   27499     40  sub    0     0   0300    0300
  3317   27502     40  sub    0     0   0300    0300
  3318   27505     40  sub    0     0   0300    0300
  3319   27508     40  sub    0     0   0300    0300
  3320   27511     40  sub    0     0   0300    0300
  3321   27514     40  sub    0     0   0300    0300
  3322   27517     40  sub    0     0   0300    0300
  3323   27520     40  sub    0     0   0300    0300
  3324   27523     40  sub    0     0   0300    0300
  3325   27526     40  sub    0     0   0300    0300
  3326   27529     40  sub    0     0   0300    0300
  3327   27532     40  sub    0     0   0300    0300
  3328   27535     40  sub    0     0   0300    0300
  3329   27538     40  sub    0     0   0300    0300
  3330   27541     40  sub    0     0   0300    0300
  3331   27544     40  sub    0     0   0300    0300
  3332   27547     40  sub    0     0   0300    0300
  3333   27550     40  sub    0     0   0300    0300
  3334   27553     40  sub    0     0   0300    0300
  3335   27556     40  sub    0     0   0300    0300
  3336   27559     40  sub    0     0   0300    0300
  3337   27562     40  sub    0     0   0300    0300
  3338   27565     40  sub    0     0   0300    0300
  3339   27568     40  sub    0     0   0300    0300
  3340   27571     40  sub    0     0   0300    0300
  3341   27574     40  sub    0     0   0300    0300
  3342   27577     40  sub    0     0   0300    0300
  3343   27580     40  sub    0     0   0300    0300
  3344   27583     40  sub    0     0   0300    0300
  3345   27586     40  sub    0     0   0300    0300
  3346   27589     40  sub    0     0   0300    0300
  3347   27592     40  sub    0     0   0300    0300
  3348   27595     40  sub    0     0   0300    0300
  3349   27598     40  sub    0     0   0300    0300
  3350   27601     40  sub    0     0   0300    0300
  3351   27604     40  sub    0     0   0300    0300
  3352   27607     40  sub    0     0   0300    0300
  3353   27610     40  sub    0     0   0300    0300
  3354   27613     40  sub    0     0   0300    0300
  3355   27616     40  sub    0     0   0300    0300
  3356   27619     40  sub    0     0   0300    0300
  3357   27622     40  sub    0     0   0300    0300
  3358   27625     40  sub    0     0   0300    0300
  3359   27628     40  sub    0     0   0300    0300
  3360   27631     40  sub    0     0   0300    0300
  3361   27634     40  sub    0     0   0300    0300
  3362   27637     40  sub    0     0   0300    0300
  3363   27640     40  sub    0     0   0300    0300
  3364   27643     40  sub    0     0   0300    0300
  3365   27646     40  sub    0     0   0300    0300
  3366   27649     40  sub    0     0   0300    0300
  3367   27652     40  sub    0     0   0300    0300
  3368   27655     40  sub    0     0   0300    0300
  3369   27658     40  sub    0     0   0300    0300
  3370   27661     40  sub    0     0   0300    0300
  3371   27664     40  sub    0     0   0300    0300
  3372   27667     40  sub    0     0   0300    0300
  3373   27670     40  sub    0     0   0300    0300
  3374   27673     40  sub    0     0   0300    0300
  3375   27676     40  sub    0     0   0300    0300
  3376   27679     40  sub    0     0   0300    0300
  3377   27682     40  sub    0     0   0300    0300
  3378   27685     40  sub    0     0   0300    0300
  3379   27688     40  sub    0     0   0300    0300
  3380   27691     40  sub    0     0   0300    0300
  3381   27694     40  sub    0     0   0300    0300
  3382   27697     40  sub    0     0   0300    0300
  3383   27700     40  sub    0     0   0300    0300
  3384   27703     40  sub    0     0   0300    0300
  3385   27706     40  sub    0     0   0300    0300
  3386   27709     40  sub    0     0   0300    0300
  3387   27712     40  sub    0     0   0300    0300
  3388   27715     40  sub    0     0   0300    0300
  3389   27718     40  sub    0     0   0300    0300
  3390   27721     40  sub    0     0   0300    0300
  3391   27724     40  sub    0     0   0300    0300
  3392   27727     40  sub    0     0   0300    0300
  3393   27730     40  sub    0     0   0300    0300
  3394   27733     40  sub    0     0   0300    0300
  3395   27736     40  sub    0     0   0300    0300
  3396   27739     40  sub    0     0   0300    0300
  3397   27742     40  sub    0     0   0300    0300
  3398   27745     40  sub    0     0   0300    0300
  3399   27748     40  sub    0     0   0300    0300
  3400   27751     40  sub    0     0   0300    0300
  3401   27754     40  sub    0     0   0300    0300
  3402   27757     40  sub    0     0   0300    0300
  3403   27760     40  sub    0     0   0300    0300
  3404   27763     40  sub    0     0   0300    0300
  3405   27766     40  sub    0     0   0300    0300
  3406   27769     40  sub    0     0   0300    0300
  3407   27772     40  sub    0     0   0300    0300
  3408   27775     40  sub    0     0   0300    0300
  3409   27778     40  sub    0     0   0300    0300
  3410   27781     40  sub    0     0   0300    0300
  3411   27784     40  sub    0     0   0300    0300
  3412   27787     40  sub    0     0   0300    0300
  3413   27790     40  sub    0     0   0300    0300
  3414   27793     40  sub    0     0   0300    0300
  3415   27796     40  sub    0     0   0300    0300
  3416   27799     40  sub    0     0   0300    0300
  3417   27802     40  sub    0     0   0300    0300
  3418   27805     40  sub    0     0   0300    0300
  3419   27808     40  sub    0     0   0300    0300
  3420   27811     40  sub    0     0   0300    0300
  3421   27814     40  sub    0     0   0300    0300
  3422   27817     40  sub    0     0   0300    0300
  3423   27820     40  sub    0     0   0300    0300
  3424   27823     40  sub    0     0   0300    0300
  3425   27826     40  sub    0     0   0300    0300
  3426   27829     40  sub    0     0   0300    0300
  3427   27832     40  sub    0     0   0300    0300
  3428   27835     40  sub    0     0   0300    0300
  3429   27838     40  sub    0     0   0300    0300
  3430   27841     40  sub    0     0   0300    0300
  3431   27844     40  sub    0     0   0300    0300
  3432   27847     40  sub    0     0   0300    0300
  3433   27850     40  sub    0     0   0300    0300
  3434   27853     40  sub    0     0   0300    0300
  3435   27856     40  sub    0     0   0300    0300
  3436   27859     40  sub    0     0   0300    0300
  3437   27862     40  sub    0     0   0300    0300
  3438   27865     40  sub    0     0   0300    0300
  3439   27868     40  sub    0     0   0300    0300
  3440   27871     40  sub    0     0   0300    0300
  3441   27874     40  sub    0     0   0300    0300
  3442   27877     40  sub    0     0   0300    0300
  3443   27880     40  sub    0     0   0300    0300
  3444   27883     40  sub    0     0   0300    0300
  3445   27886     40  sub    0     0   0300    0300
  3446   27889     40  sub    0     0   0300    0300
  3447   27892     40  sub    0     0   0300    0300
  3448   27895     40  sub    0     0   0300    0300
  3449   27898     40  sub    0     0   0300    0300
  3450   27901     40  sub    0     0   0300    0300
  3451   27904     40  sub    0     0   0300    0300
  3452   27907     40  sub    0     0   0300    0300
  3453   27910     40  sub    0     0   0300    0300
  3454   27913     40  sub    0     0   0300    0300
  3455   27916     40  sub    0     0   0300    0300
  3456   27919     40  sub    0     0   0300    0300
  3457   27922     40  sub    0     0   0300    0300
  3458   27925     40  sub    0     0   0300    0300
  3459   27928     40  sub    0     0   0300    0300
  3460   27931     40  sub    0     0   0300    0300
  3461   27934     40  sub    0     0   0300    0300
  3462   27937     40  sub    0     0   0300    0300
  3463   27940     40  sub    0     0   0300    0300
  3464   27943     40  sub    0     0   0300    0300
  3465   27946     40  sub    0     0   0300    0300
  3466   27949     40  sub    0     0   0300    0300
  3467   27952     40  sub    0     0   0300    0300
  3468   27955     40  sub    0     0   0300    0300
  3469   27958     40  sub    0     0   0300    0300
  3470   27961     40  sub    0     0   0300    0300
  3471   27964     40  sub    0     0   0300    0300
  3472   27967     40  sub    0     0   0300    0300
  3473   27970     40  sub    0     0   0300    0300
  3474   27973     40  sub    0     0   0300    0300
  3475   27976     40  sub    0     0   0300    0300
  3476   27979     40  sub    0     0   0300    0300
  3477   27982     40  sub    0     0   0300    0300
  3478   27985     40  sub    0     0   0300    0300
  3479   27988     40  sub    0     0   0300    0300
  3480   27991     40  sub    0     0   0300    0300
  3481   27994     40  sub    0     0   0300    0300
  3482   27997     40  sub    0     0   0300    0300
  3483   28000     40  sub    0     0   0300    0300
  3484   28003     40  sub    0     0   0300    0300
  3485   28006     40  sub    0     0   0300    0300
  3486   28009     40  sub    0     0   0300    0300
  3487   28012     40  sub    0     0   0300    0300
  3488   28015     40  sub    0     0   0300    0300
  3489   28018     40  sub    0     0   0300    0300
  3490   28021     40  sub    0     0   0300    0300
  3491   28024     40  sub    0     0   0300    0300
  3492   28027     40  sub    0     0   0300    0300
  3493   28030     40  sub    0     0   0300    0300
  3494   28033     40  sub    0     0   0300    0300
  3495   28036     40  sub    0     0   0300    0300
  3496   28039     40  sub    0     0   0300    0300
  3497   28042     40  sub    0     0   0300    0300
  3498   28045     40  sub    0     0   0300    0300
  3499   28048     40  sub    0     0   0300    0300
  3500   28051     40  sub    0     0   0300    0300
  3501   28054     40  sub    0     0   0300    0300
  3502   28057     40  sub    0     0   0300    0300
  3503   28060     40  sub    0     0   0300    0300
  3504   28063     40  sub    0     0   0300    0300
  3505   28066     40  sub    0     0   0300    0300
  3506   28069     40  sub    0     0   0300    0300
  3507   28072     40  sub    0     0   0300    0300
  3508   28075     40  sub    0     0   0300    0300
  3509   28078     40  sub    0     0   0300    0300
  3510   28081     40  sub    0     0   0300    0300
  3511   28084     40  sub    0     0   0300    0300
  3512   28087     40  sub    0     0   0300    0300
  3513   28090     40  sub    0     0   0300    0300
  3514   28093     40  sub    0     0   0300    0300
  3515   28096     40  sub    0     0   0300    0300
  3516   28099     40  sub    0     0   0300    0300
  3517   28102     40  sub    0     0   0300    0300
  3518   28105     40  sub    0     0   0300    0300
  3519   28108     40  sub    0     0   0300    0300
  3520   28111     40  sub    0     0   0300    0300
  3521   28114     40  sub    0     0   0300    0300
  3522   28117     40  sub    0     0   0300    0300
  3523   28120     40  sub    0     0   0300    0300
  3524   28123     40  sub    0     0   0300    0300
  3525   28126     40  sub    0     0   0300    0300
  3526   28129     40  sub    0     0   0300    0300
  3527   28132     40  sub    0     0   0300    0300
  3528   28135     40  sub    0     0   0300    0300
  3529   28138     40  sub    0     0   0300    0300
  3530   28141     40  sub    0     0   0300    0300
  3531   28144     40  sub    0     0   0300    0300
  3532   28147     40  sub    0     0   0300    0300
  3533   28150     40  sub    0     0   0300    0300
  3534   28153     40  sub    0     0   0300    0300
  3535   28156     40  sub    0     0   0300    0300
  3536   28159     40  sub    0     0   0300    0300
  3537   28162     40  sub    0     0   0300    0300
  3538   28165     40  sub    0     0   0300    0300
  3539   28168     40  sub    0     0   0300    0300
  3540   28171     40  sub    0     0   0300    0300
  3541   28174     40  sub    0     0   0300    0300
  3542   28177     40  sub    0     0   0300    0300
  3543   28180     40  sub    0     0   0300    0300
  3544   28183     40  sub    0     0   0300    0300
  3545   28186     40  sub    0     0   0300    0300
  3546   28189     40  sub    0     0   0300    0300
  3547   28192     40  sub    0     0   0300    0300
  3548   28195     40  sub    0     0   0300    0300
  3549   28198     40  sub    0     0   0300    0300
  3550   28201     40  sub    0     0   0300    0300
  3551   28204     40  sub    0     0   0300    0300
  3552   28207     40  sub    0     0   0300    0300
  3553   28210     40  sub    0     0   0300    0300
  3554   28213     40  sub    0     0   0300    0300
  3555   28216     40  sub    0     0   0300    0300
  3556   28219     40  sub    0     0   0300    0300
  3557   28222     40  sub    0     0   0300    0300
  3558   28225     40  sub    0     0   0300    0300
  3559   28228     40  sub    0     0   0300    0300
  3560   28231     40  sub    0     0   0300    0300
  3561   28234     40  sub    0     0   0300    0300
  3562   28237     40  sub    0     0   0300    0300
  3563   28240     40  sub    0     0   0300    0300
  3564   28243     40  sub    0     0   0300    0300
  3565   28246     40  sub    0     0   0300    0300
  3566   28249     40  sub    0     0   0300    0300
  3567   28252     40  sub    0     0   0300    0300
  3568   28255     40  sub    0     0   0300    0300
  3569   28258     40  sub    0     0   0300    0300
  3570   28261     40  sub    0     0   0300    0300
  3571   28264     40  sub    0     0   0300    0300
  3572   28267     40  sub    0     0   0300    0300
  3573   28270     40  sub    0     0   0300    0300
  3574   28273     40  sub    0     0   0300    0300
  3575   28276     40  sub    0     0   0300    0300
  3576   28279     40  sub    0     0   0300    0300
  3577   28282     40  sub    0     0   0300    0300
  3578   28285     40  sub    0     0   0300    0300
  3579   28288     40  sub    0     0   0300    0300
  3580   28291     40  sub    0     0   0300    0300
  3581   28294     40  sub    0     0   0300    0300
  3582   28297     40  sub    0     0   0300    0300
  3583   28300     40  sub    0     0   0300    0300
  3584   28303     40  sub    0     0   0300    0300
  3585   28306     40  sub    0     0   0300    0300
  3586   28309     40  sub    0     0   0300    0300
  3587   28312     40  sub    0     0   0300    0300
  3588   28315     40  sub    0     0   0300    0300
  3589   28318     40  sub    0     0   0300    0300
  3590   28321     40  sub    0     0   0300    0300
  3591   28324     40  sub    0     0   0300    0300
  3592   28327     40  sub    0     0   0300    0300
  3593   28330     40  sub    0     0   0300    0300
  3594   28333     40  sub    0     0   0300    0300
  3595   28336     40  sub    0     0   0300    0300
  3596   28339     40  sub    0     0   0300    0300
  3597   28342     40  sub    0     0   0300    0300
  3598   28345     40  sub    0     0   0300    0300
  3599   28348     40  sub    0     0   0300    0300
  3600   28351     40  sub    0     0   0300    0300
  3601   28354     40  sub    0     0   0300    0300
  3602   28357     40  sub    0     0   0300    0300
  3603   28360     40  sub    0     0   0300    0300
  3604   28363     40  sub    0     0   0300    0300
  3605   28366     40  sub    0     0   0300    0300
  3606   28369     40  sub    0     0   0300    0300
  3607   28372     40  sub    0     0   0300    0300
  3608   28375     40  sub    0     0   0300    0300
  3609   28378     40  sub    0     0   0300    0300
  3610   28381     40  sub    0     0   0300    0300
  3611   28384     40  sub    0     0   0300    0300
  3612   28387     40  sub    0     0   0300    0300
  3613   28390     40  sub    0     0   0300    0300
  3614   28393     40  sub    0     0   0300    0300
  3615   28396     40  sub    0     0   0300    0300
  3616   28399     40  sub    0     0   0300    0300
  3617   28402     40  sub    0     0   0300    0300
  3618   28405     40  sub    0     0   0300    0300
  3619   28408     40  sub    0     0   0300    0300
  3620   28411     40  sub    0     0   0300    0300
  3621   28414     40  sub    0     0   0300    0300
  3622   28417     40  sub    0     0   0300    0300
  3623   28420     40  sub    0     0   0300    0300
  3624   28423     40  sub    0     0   0300    0300
  3625   28426     40  sub    0     0   0300    0300
  3626   28429     40  sub    0     0   0300    0300
  3627   28432     40  sub    0     0   0300    0300
  3628   28435     40  sub    0     0   0300    0300
  3629   28438     40  sub    0     0   0300    0300
  3630   28441     40  sub    0     0   0300    0300
  3631   28444     40  sub    0     0   0300    0300
  3632   28447     40  sub    0     0   0300    0300
  3633   28450     40  sub    0     0   0300    0300
  3634   28453     40  sub    0     0   0300    0300
  3635   28456     40  sub    0     0   0300    0300
  3636   28459     40  sub    0     0   0300    0300
  3637   28462     40  sub    0     0   0300    0300
  3638   28465     40  sub    0     0   0300    0300
  3639   28468     40  sub    0     0   0300    0300
  3640   28471     40  sub    0     0   0300    0300
  3641   28474     40  sub    0     0   0300    0300
  3642   28477     40  sub    0     0   0300    0300
  3643   28480     40  sub    0     0   0300    0300
  3644   28483     40  sub    0     0   0300    0300
  3645   28486     40  sub    0     0   0300    0300
  3646   28489     40  sub    0     0   0300    0300
  3647   28492     40  sub    0     0   0300    0300
  3648   28495     40  sub    0     0   0300    0300
  3649   28498     40  sub    0     0   0300    0300
  3650   28501     40  sub    0     0   0300    0300
  3651   28504     40  sub    0     0   0300    0300
  3652   28507     40  sub    0     0   0300    0300
  3653   28510     40  sub    0     0   0300    0300
  3654   28513     40  sub    0     0   0300    0300
  3655   28516     40  sub    0     0   0300    0300
  3656   28519     40  sub    0     0   0300    0300
  3657   28522     40  sub    0     0   0300    0300
  3658   28525     40  sub    0     0   0300    0300
  3659   28528     40  sub    0     0   0300    0300
  3660   28531     40  sub    0     0   0300    0300
  3661   28534     40  sub    0     0   0300    0300
  3662   28537     40  sub    0     0   0300    0300
  3663   28540     40  sub    0     0   0300    0300
  3664   28543     40  sub    0     0   0300    0300
  3665   28546     40  sub    0     0   0300    0300
  3666   28549     40  sub    0     0   0300    0300
  3667   28552     40  sub    0     0   0300    0300
  3668   28555     40  sub    0     0   0300    0300
  3669   28558     40  sub    0     0   0300    0300
  3670   28561     40  sub    0     0   0300    0300
  3671   28564     40  sub    0     0   0300    0300
  3672   28567     40  sub    0     0   0300    0300
  3673   28570     40  sub    0     0   0300    0300
  3674   28573     40  sub    0     0   0300    0300
  3675   28576     40  sub    0     0   0300    0300
  3676   28579     40  sub    0     0   0300    0300
  3677   28582     40  sub    0     0   0300    0300
  3678   28585     40  sub    0     0   0300    0300
  3679   28588     40  sub    0     0   0300    0300
  3680   28591     40  sub    0     0   0300    0300
  3681   28594     40  sub    0     0   0300    0300
  3682   28597     40  sub    0     0   0300    0300
  3683   28600     40  sub    0     0   0300    0300
  3684   28603     40  sub    0     0   0300    0300
  3685   28606     40  sub    0     0   0300    0300
  3686   28609     40  sub    0     0   0300    0300
  3687   28612     40  sub    0     0   0300    0300
  3688   28615     40  sub    0     0   0300    0300
  3689   28618     40  sub    0     0   0300    0300
  3690   28621     40  sub    0     0   0300    0300
  3691   28624     40  sub    0     0   0300    0300
  3692   28627     40  sub    0     0   0300    0300
  3693   28630     40  sub    0     0   0300    0300
  3694   28633     40  sub    0     0   0300    0300
  3695   28636     40  sub    0     0   0300    0300
  3696   28639     40  sub    0     0   0300    0300
  3697   28642     40  sub    0     0   0300    0300
  3698   28645     40  sub    0     0   0300    0300
  3699   28648     40  sub    0     0   0300    0300
  3700   28651     40  sub    0     0   0300    0300
  3701   28654     40  sub    0     0   0300    0300
  3702   28657     40  sub    0     0   0300    0300
  3703   28660     40  sub    0     0   0300    0300
  3704   28663     40  sub    0     0   0300    0300
  3705   28666     40  sub    0     0   0300    0300
  3706   28669     40  sub    0     0   0300    0300
  3707   28672     40  sub    0     0   0300    0300
  3708   28675     40  sub    0     0   0300    0300
  3709   28678     40  sub    0     0   0300    0300
  3710   28681     40  sub    0     0   0300    0300
  3711   28684     40  sub    0     0   0300    0300
  3712   28687     40  sub    0     0   0300    0300
  3713   28690     40  sub    0     0   0300    0300
  3714   28693     40  sub    0     0   0300    0300
  3715   28696     40  sub    0     0   0300    0300
  3716   28699     40  sub    0     0   0300    0300
  3717   28702     40  sub    0     0   0300    0300
  3718   28705     40  sub    0     0   0300    0300
  3719   28708     40  sub    0     0   0300    0300
  3720   28711     40  sub    0     0   0300    0300
  3721   28714     40  sub    0     0   0300    0300
  3722   28717     40  sub    0     0   0300    0300
  3723   28720     40  sub    0     0   0300    0300
  3724   28723     40  sub    0     0   0300    0300
  3725   28726     40  sub    0     0   0300    0300
  3726   28729     40  sub    0     0   0300    0300
  3727   28732     40  sub    0     0   0300    0300
  3728   28735     40  sub    0     0   0300    0300
  3729   28738     40  sub    0     0   0300    0300
  3730   28741     40  sub    0     0   0300    0300
  3731   28744     40  sub    0     0   0300    0300
  3732   28747     40  sub    0     0   0300    0300
  3733   28750     40  sub    0     0   0300    0300
  3734   28753     40  sub    0     0   0300    0300
  3735   28756     40  sub    0     0   0300    0300
  3736   28759     40  sub    0     0   0300    0300
  3737   28762     40  sub    0     0   0300    0300
  3738   28765     40  sub    0     0   0300    0300
  3739   28768     40  sub    0     0   0300    0300
  3740   28771     40  sub    0     0   0300    0300
  3741   28774     40  sub    0     0   0300    0300
  3742   28777     40  sub    0     0   0300    0300
  3743   28780     40  sub    0     0   0300    0300
  3744   28783     40  sub    0     0   0300    0300
  3745   28786     40  sub    0     0   0300    0300
  3746   28789     40  sub    0     0   0300    0300
  3747   28792     40  sub    0     0   0300    0300
  3748   28795     40  sub    0     0   0300    0300
  3749   28798     40  sub    0     0   0300    0300
  3750   28801     40  sub    0     0   0300    0300
  3751   28804     40  sub    0     0   0300    0300
  3752   28807     40  sub    0     0   0300    0300
  3753   28810     40  sub    0     0   0300    0300
  3754   28813     40  sub    0     0   0300    0300
  3755   28816     40  sub    0     0   0300    0300
  3756   28819     40  sub    0     0   0300    0300
  3757   28822     40  sub    0     0   0300    0300
  3758   28825     40  sub    0     0   0300    0300
  3759   28828     40  sub    0     0   0300    0300
  3760   28831     40  sub    0     0   0300    0300
  3761   28834     40  sub    0     0   0300    0300
  3762   28837     40  sub    0     0   0300    0300
  3763   28840     40  sub    0     0   0300    0300
  3764   28843     40  sub    0     0   0300    0300
  3765   28846     40  sub    0     0   0300    0300
  3766   28849     40  sub    0     0   0300    0300
  3767   28852     40  sub    0     0   0300    0300
  3768   28855     40  sub    0     0   0300    0300
  3769   28858     40  sub    0     0   0300    0300
  3770   28861     40  sub    0     0   0300    0300
  3771   28864     40  sub    0     0   0300    0300
  3772   28867     40  sub    0     0   0300    0300
  3773   28870     40  sub    0     0   0300    0300
  3774   28873     40  sub    0     0   0300    0300
  3775   28876     40  sub    0     0   0300    0300
  3776   28879     40  sub    0     0   0300    0300
  3777   28882     40  sub    0     0   0300    0300
  3778   28885     40  sub    0     0   0300    0300
  3779   28888     40  sub    0     0   0300    0300
  3780   28891     40  sub    0     0   0300    0300
  3781   28894     40  sub    0     0   0300    0300
  3782   28897     40  sub    0     0   0300    0300
  3783   28900     40  sub    0     0   0300    0300
  3784   28903     40  sub    0     0   0300    0300
  3785   28906     40  sub    0     0   0300    0300
  3786   28909     40  sub    0     0   0300    0300
  3787   28912     40  sub    0     0   0300    0300
  3788   28915     40  sub    0     0   0300    0300
  3789   28918     40  sub    0     0   0300    0300
  3790   28921     40  sub    0     0   0300    0300
  3791   28924     40  sub    0     0   0300    0300
  3792   28927     40  sub    0     0   0300    0300
  3793   28930     40  sub    0     0   0300    0300
  3794   28933     40  sub    0     0   0300    0300
  3795   28936     40  sub    0     0   0300    0300
  3796   28939     40  sub    0     0   0300    0300
  3797   28942     40  sub    0     0   0300    0300
  3798   28945     40  sub    0     0   0300    0300
  3799   28948     40  sub    0     0   0300    0300
  3800   28951     40  sub    0     0   0300    0300
  3801   28954     40  sub    0     0   0300    0300
  3802   28957     40  sub    0     0   0300    0300
  3803   28960     40  sub    0     0   0300    0300
  3804   28963     40  sub    0     0   0300    0300
  3805   28966     40  sub    0     0   0300    0300
  3806   28969     40  sub    0     0   0300    0300
  3807   28972     40  sub    0     0   0300    0300
  3808   28975     40  sub    0     0   0300    0300
  3809   28978     40  sub    0     0   0300    0300
  3810   28981     40  sub    0     0   0300    0300
  3811   28984     40  sub    0     0   0300    0300
  3812   28987     40  sub    0     0   0300    0300
  3813   28990     40  sub    0     0   0300    0300
  3814   28993     40  sub    0     0   0300    0300
  3815   28996     40  sub    0     0   0300    0300
  3816   28999     40  sub    0     0   0300    0300
  3817   29002     40  sub    0     0   0300    0300
  3818   29005     40  sub    0     0   0300    0300
  3819   29008     40  sub    0     0   0300    0300
  3820   29011     40  sub    0     0   0300    0300
  3821   29014     40  sub    0     0   0300    0300
  3822   29017     40  sub    0     0   0300    0300
  3823   29020     40  sub    0     0   0300    0300
  3824   29023     40  sub    0     0   0300    0300
  3825   29026     40  sub    0     0   0300    0300
  3826   29029     40  sub    0     0   0300    0300
  3827   29032     40  sub    0     0   0300    0300
  3828   29035     40  sub    0     0   0300    0300
  3829   29038     40  sub    0     0   0300    0300
  3830   29041     40  sub    0     0   0300    0300
  3831   29044     40  sub    0     0   0300    0300
  3832   29047     40  sub    0     0   0300    0300
  3833   29050     40  sub    0     0   0300    0300
  3834   29053     40  sub    0     0   0300    0300
  3835   29056     40  sub    0     0   0300    0300
  3836   29059     40  sub    0     0   0300    0300
  3837   29062     40  sub    0     0   0300    0300
  3838   29065     40  sub    0     0   0300    0300
  3839   29068     40  sub    0     0   0300    0300
  3840   29071     40  sub    0     0   0300    0300
  3841   29074     40  sub    0     0   0300    0300
  3842   29077     40  sub    0     0   0300    0300
  3843   29080     40  sub    0     0   0300    0300
  3844   29083     40  sub    0     0   0300    0300
  3845   29086     40  sub    0     0   0300    0300
  3846   29089     40  sub    0     0   0300    0300
  3847   29092     40  sub    0     0   0300    0300
  3848   29095     40  sub    0     0   0300    0300
  3849   29098     40  sub    0     0   0300    0300
  3850   29101     40  sub    0     0   0300    0300
  3851   29104     40  sub    0     0   0300    0300
  3852   29107     40  sub    0     0   0300    0300
  3853   29110     40  sub    0     0   0300    0300
  3854   29113     40  sub    0     0   0300    0300
  3855   29116     40  sub    0     0   0300    0300
  3856   29119     40  sub    0     0   0300    0300
  3857   29122     40  sub    0     0   0300    0300
  3858   29125     40  sub    0     0   0300    0300
  3859   29128     40  sub    0     0   0300    0300
  3860   29131     40  sub    0     0   0300    0300
  3861   29134     40  sub    0     0   0300    0300
  3862   29137     40  sub    0     0   0300    0300
  3863   29140     40  sub    0     0   0300    0300
  3864   29143     40  sub    0     0   0300    0300
  3865   29146     40  sub    0     0   0300    0300
  3866   29149     40  sub    0     0   0300    0300
  3867   29152     40  sub    0     0   0300    0300
  3868   29155     40  sub    0     0   0300    0300
  3869   29158     40  sub    0     0   0300    0300
  3870   29161     40  sub    0     0   0300    0300
  3871   29164     40  sub    0     0   0300    0300
  3872   29167     40  sub    0     0   0300    0300
  3873   29170     40  sub    0     0   0300    0300
  3874   29173     40  sub    0     0   0300    0300
  3875   29176     40  sub    0     0   0300    0300
  3876   29179     40  sub    0     0   0300    0300
  3877   29182     40  sub    0     0   0300    0300
  3878   29185     40  sub    0     0   0300    0300
  3879   29188     40  sub    0     0   0300    0300
  3880   29191     40  sub    0     0   0300    0300
  3881   29194     40  sub    0     0   0300    0300
  3882   29197     40  sub    0     0   0300    0300
  3883   29200     40  sub    0     0   0300    0300
  3884   29203     40  sub    0     0   0300    0300
  3885   29206     40  sub    0     0   0300    0300
  3886   29209     40  sub    0     0   0300    0300
  3887   29212     40  sub    0     0   0300    0300
  3888   29215     40  sub    0     0   0300    0300
  3889   29218     40  sub    0     0   0300    0300
  3890   29221     40  sub    0     0   0300    0300
  3891   29224     40  sub    0     0   0300    0300
  3892   29227     40  sub    0     0   0300    0300
  3893   29230     40  sub    0     0   0300    0300
  3894   29233     40  sub    0     0   0300    0300
  3895   29236     40  sub    0     0   0300    0300
  3896   29239     40  sub    0     0   0300    0300
  3897   29242     40  sub    0     0   0300    0300
  3898   29245     40  sub    0     0   0300    0300
  3899   29248     40  sub    0     0   0300    0300
  3900   29251     40  sub    0     0   0300    0300
  3901   29254     40  sub    0     0   0300    0300
  3902   29257     40  sub    0     0   0300    0300
  3903   29260     40  sub    0     0   0300    0300
  3904   29263     40  sub    0     0   0300    0300
  3905   29266     40  sub    0     0   0300    0300
  3906   29269     40  sub    0     0   0300    0300
  3907   29272     40  sub    0     0   0300    0300
  3908   29275     40  sub    0     0   0300    0300
  3909   29278     40  sub    0     0   0300    0300
  3910   29281     40  sub    0     0   0300    0300
  3911   29284     40  sub    0     0   0300    0300
  3912   29287     40  sub    0     0   0300    0300
  3913   29290     40  sub    0     0   0300    0300
  3914   29293     40  sub    0     0   0300    0300
  3915   29296     40  sub    0     0   0300    0300
  3916   29299     40  sub    0     0   0300    0300
  3917   29302     40  sub    0     0   0300    0300
  3918   29305     40  sub    0     0   0300    0300
  3919   29308     40  sub    0     0   0300    0300
  3920   29311     40  sub    0     0   0300    0300
  3921   29314     40  sub    0     0   0300    0300
  3922   29317     40  sub    0     0   0300    0300
  3923   29320     40  sub    0     0   0300    0300
  3924   29323     40  sub    0     0   0300    0300
  3925   29326     40  sub    0     0   0300    0300
  3926   29329     40  sub    0     0   0300    0300
  3927   29332     40  sub    0     0   0300    0300
  3928   29335     40  sub    0     0   0300    0300
  3929   29338     40  sub    0     0   0300    0300
  3930   29341     40  sub    0     0   0300    0300
  3931   29344     40  sub    0     0   0300    0300
  3932   29347     40  sub    0     0   0300    0300
  3933   29350     40  sub    0     0   0300    0300
  3934   29353     40  sub    0     0   0300    0300
  3935   29356     40  sub    0     0   0300    0300
  3936   29359     40  sub    0     0   0300    0300
  3937   29362     40  sub    0     0   0300    0300
  3938   29365     40  sub    0     0   0300    0300
  3939   29368     40  sub    0     0   0300    0300
  3940   29371     40  sub    0     0   0300    0300
  3941   29374     40  sub    0     0   0300    0300
  3942   29377     40  sub    0     0   0300    0300
  3943   29380     40  sub    0     0   0300    0300
  3944   29383     40  sub    0     0   0300    0300
  3945   29386     40  sub    0     0   0300    0300
  3946   29389     40  sub    0     0   0300    0300
  3947   29392     40  sub    0     0   0300    0300
  3948   29395     40  sub    0     0   0300    0300
  3949   29398     40  sub    0     0   0300    0300
  3950   29401     40  sub    0     0   0300    0300
  3951   29404     40  sub    0     0   0300    0300
  3952   29407     40  sub    0     0   0300    0300
  3953   29410     40  sub    0     0   0300    0300
  3954   29413     40  sub    0     0   0300    0300
  3955   29416     40  sub    0     0   0300    0300
  3956   29419     40  sub    0     0   0300    0300
  3957   29422     40  sub    0     0   0300    0300
  3958   29425     40  sub    0     0   0300    0300
  3959   29428     40  sub    0     0   0300    0300
  3960   29431     40  sub    0     0   0300    0300
  3961   29434     40  sub    0     0   0300    0300
  3962   29437     40  sub    0     0   0300    0300
  3963   29440     40  sub    0     0   0300    0300
  3964   29443     40  sub    0     0   0300    0300
  3965   29446     40  sub    0     0   0300    0300
  3966   29449     40  sub    0     0   0300    0300
  3967   29452     40  sub    0     0   0300    0300
  3968   29455     40  sub    0     0   0300    0300
  3969   29458     40  sub    0     0   0300    0300
  3970   29461     40  sub    0     0   0300    0300
  3971   29464     40  sub    0     0   0300    0300
  3972   29467     40  sub    0     0   0300    0300
  3973   29470     40  sub    0     0   0300    0300
  3974   29473     40  sub    0     0   0300    0300
  3975   29476     40  sub    0     0   0300    0300
  3976   29479     40  sub    0     0   0300    0300
  3977   29482     40  sub    0     0   0300    0300
  3978   29485     40  sub    0     0   0300    0300
  3979   29488     40  sub    0     0   0300    0300
  3980   29491     40  sub    0     0   0300    0300
  3981   29494     40  sub    0     0   0300    0300
  3982   29497     40  sub    0     0   0300    0300
  3983   29500     40  sub    0     0   0300    0300
  3984   29503     40  sub    0     0   0300    0300
  3985   29506     40  sub    0     0   0300    0300
  3986   29509     40  sub    0     0   0300    0300
  3987   29512     40  sub    0     0   0300    0300
  3988   29515     40  sub    0     0   0300    0300
  3989   29518     40  sub    0     0   0300    0300
  3990   29521     40  sub    0     0   0300    0300
  3991   29524     40  sub    0     0   0300    0300
  3992   29527     40  sub    0     0   0300    0300
  3993   29530     40  sub    0     0   0300    0300
  3994   29533     40  sub    0     0   0300    0300
  3995   29536     40  sub    0     0   0300    0300
  3996   29539     40  sub    0     0   0300    0300
  3997   29542     40  sub    0     0   0300    0300
  3998   29545     40  sub    0     0   0300    0300
  3999   29548     40  sub    0     0   0300    0300
  4000   29551     40  sub    0     0   0300    0300
  4001   29554     40  sub    0     0   0300    0300
  4002   29557     40  sub    0     0   0300    0300
  4003   29560     40  sub    0     0   0300    0300
  4004   29563     40  sub    0     0   0300    0300
  4005   29566     40  sub    0     0   0300    0300
  4006   29569     40  sub    0     0   0300    0300
  4007   29572     40  sub    0     0   0300    0300
  4008   29575     40  sub    0     0   0300    0300
  4009   29578     40  sub    0     0   0300    0300
  4010   29581     40  sub    0     0   0300    0300
  4011   29584     40  sub    0     0   0300    0300
  4012   29587     40  sub    0     0   0300    0300
  4013   29590     40  sub    0     0   0300    0300
  4014   29593     40  sub    0     0   0300    0300
  4015   29596     40  sub    0     0   0300    0300
  4016   29599     40  sub    0     0   0300    0300
  4017   29602     40  sub    0     0   0300    0300
  4018   29605     40  sub    0     0   0300    0300
  4019   29608     40  sub    0     0   0300    0300
  4020   29611     40  sub    0     0   0300    0300
  4021   29614     40  sub    0     0   0300    0300
  4022   29617     40  sub    0     0   0300    0300
  4023   29620     40  sub    0     0   0300    0300
  4024   29623     40  sub    0     0   0300    0300
  4025   29626     40  sub    0     0   0300    0300
  4026   29629     40  sub    0     0   0300    0300
  4027   29632     40  sub    0     0   0300    0300
  4028   29635     40  sub    0     0   0300    0300
  4029   29638     40  sub    0     0   0300    0300
  4030   29641     40  sub    0     0   0300    0300
  4031   29644     40  sub    0     0   0300    0300
  4032   29647     40  sub    0     0   0300    0300
  4033   29650     40  sub    0     0   0300    0300
  4034   29653     40  sub    0     0   0300    0300
  4035   29656     40  sub    0     0   0300    0300
  4036   29659     40  sub    0     0   0300    0300
  4037   29662     40  sub    0     0   0300    0300
  4038   29665     40  sub    0     0   0300    0300
  4039   29668     40  sub    0     0   0300    0300
  4040   29671     40  sub    0     0   0300    0300
  4041   29674     40  sub    0     0   0300    0300
  4042   29677     40  sub    0     0   0300    0300
  4043   29680     40  sub    0     0   0300    0300
  4044   29683     40  sub    0     0   0300    0300
  4045   29686     40  sub    0     0   0300    0300
  4046   29689     40  sub    0     0   0300    0300
  4047   29692     40  sub    0     0   0300    0300
  4048   29695     40  sub    0     0   0300    0300
  4049   29698     40  sub    0     0   0300    0300
  4050   29701     40  sub    0     0   0300    0300
  4051   29704     40  sub    0     0   0300    0300
  4052   29707     40  sub    0     0   0300    0300
  4053   29710     40  sub    0     0   0300    0300
  4054   29713     40  sub    0     0   0300    0300
  4055   29716     40  sub    0     0   0300    0300
  4056   29719     40  sub    0     0   0300    0300
  4057   29722     40  sub    0     0   0300    0300
  4058   29725     40  sub    0     0   0300    0300
  4059   29728     40  sub    0     0   0300    0300
  4060   29731     40  sub    0     0   0300    0300
  4061   29734     40  sub    0     0   0300    0300
  4062   29737     40  sub    0     0   0300    0300
  4063   29740     40  sub    0     0   0300    0300
  4064   29743     40  sub    0     0   0300    0300
  4065   29746     40  sub    0     0   0300    0300
  4066   29749     40  sub    0     0   0300    0300
  4067   29752     40  sub    0     0   0300    0300
  4068   29755     40  sub    0     0   0300    0300
  4069   29758     40  sub    0     0   0300    0300
  4070   29761     40  sub    0     0   0300    0300
  4071   29764     40  sub    0     0   0300    0300
  4072   29767     40  sub    0     0   0300    0300
  4073   29770     40  sub    0     0   0300    0300
  4074   29773     40  sub    0     0   0300    0300
  4075   29776     40  sub    0     0   0300    0300
  4076   29779     40  sub    0     0   0300    0300
  4077   29782     40  sub    0     0   0300    0300
  4078   29785     40  sub    0     0   0300    0300
  4079   29788     40  sub    0     0   0300    0300
  4080   29791     40  sub    0     0   0300    0300
  4081   29794     40  sub    0     0   0300    0300
  4082   29797     40  sub    0     0   0300    0300
  4083   29800     40  sub    0     0   0300    0300
  4084   29803     40  sub    0     0   0300    0300
  4085   29806     40  sub    0     0   0300    0300
  4086   29809     40  sub    0     0   0300    0300
  4087   29812     40  sub    0     0   0300    0300
  4088   29815     40  sub    0     0   0300    0300
  4089   29818     40  sub    0     0   0300    0300
  4090   29821     40  sub    0     0   0300    0300
  4091   29824     40  sub    0     0   0300    0300
  4092   29827     40  sub    0     0   0300    0300
  4093   29830     40  sub    0     0   0300    0300
  4094   29833     40  sub    0     0   0300    0300
  4095   29836     40  sub    0     0   0300    0300
  4096   29839     40  sub    0     0   0300    0300
  4097   29842     40  sub    0     0   0300    0300
  4098   29845     40  sub    0     0   0300    0300
  4099   29848     40  sub    0     0   0300    0300
  4100   29851     40  sub    0     0   0300    0300
  4101   29854     40  sub    0     0   0300    0300
  4102   29857     40  sub    0     0   0300    0300
  4103   29860     40  sub    0     0   0300    0300
  4104   29863     40  sub    0     0   0300    0300
  4105   29866     40  sub    0     0   0300    0300
  4106   29869     40  sub    0     0   0300    0300
  4107   29872     40  sub    0     0   0300    0300
  4108   29875     40  sub    0     0   0300    0300
  4109   29878     40  sub    0     0   0300    0300
  4110   29881     40  sub    0     0   0300    0300
  4111   29884     40  sub    0     0   0300    0300
  4112   29887     40  sub    0     0   0300    0300
  4113   29890     40  sub    0     0   0300    0300
  4114   29893     40  sub    0     0   0300    0300
  4115   29896     40  sub    0     0   0300    0300
  4116   29899     40  sub    0     0   0300    0300
  4117   29902     40  sub    0     0   0300    0300
  4118   29905     40  sub    0     0   0300    0300
  4119   29908     40  sub    0     0   0300    0300
  4120   29911     40  sub    0     0   0300    0300
  4121   29914     40  sub    0     0   0300    0300
  4122   29917     40  sub    0     0   0300    0300
  4123   29920     40  sub    0     0   0300    0300
  4124   29923     40  sub    0     0   0300    0300
  4125   29926     40  sub    0     0   0300    0300
  4126   29929     40  sub    0     0   0300    0300
  4127   29932     40  sub    0     0   0300    0300
  4128   29935     40  sub    0     0   0300    0300
  4129   29938     40  sub    0     0   0300    0300
  4130   29941     40  sub    0     0   0300    0300
  4131   29944     40  sub    0     0   0300    0300
  4132   29947     40  sub    0     0   0300    0300
  4133   29950     40  sub    0     0   0300    0300
  4134   29953     40  sub    0     0   0300    0300
  4135   29956     40  sub    0     0   0300    0300
  4136   29959     40  sub    0     0   0300    0300
  4137   29962     40  sub    0     0   0300    0300
  4138   29965     40  sub    0     0   0300    0300
  4139   29968     40  sub    0     0   0300    0300
  4140   29971     40  sub    0     0   0300    0300
  4141   29974     40  sub    0     0   0300    0300
  4142   29977     40  sub    0     0   0300    0300
  4143   29980     40  sub    0     0   0300    0300
  4144   29983     40  sub    0     0   0300    0300
  4145   29986     40  sub    0     0   0300    0300
  4146   29989     40  sub    0     0   0300    0300
  4147   29992     40  sub    0     0   0300    0300
  4148   29995     40  sub    0     0   0300    0300
  4149   29998     40  sub    0     0   0300    0300
  4150   30001     40  sub    0     0   0300    0300
  4151   30004     40  sub    0     0   0300    0300
  4152   30007     40  sub    0     0   0300    0300
  4153   30010     40  sub    0     0   0300    0300
  4154   30013     40  sub    0     0   0300    0300
  4155   30016     40  sub    0     0   0300    0300
  4156   30019     40  sub    0     0   0300    0300
  4157   30022     40  sub    0     0   0300    0300
  4158   30025     40  sub    0     0   0300    0300
  4159   30028     40  sub    0     0   0300    0300
  4160   30031     40  sub    0     0   0300    0300
  4161   30034     40  sub    0     0   0300    0300
  4162   30037     40  sub    0     0   0300    0300
  4163   30040     40  sub    0     0   0300    0300
  4164   30043     40  sub    0     0   0300    0300
  4165   30046     40  sub    0     0   0300    0300
  4166   30049     40  sub    0     0   0300    0300
  4167   30052     40  sub    0     0   0300    0300
  4168   30055     40  sub    0     0   0300    0300
  4169   30058     40  sub    0     0   0300    0300
  4170   30061     40  sub    0     0   0300    0300
  4171   30064     40  sub    0     0   0300    0300
  4172   30067     40  sub    0     0   0300    0300
  4173   30070     40  sub    0     0   0300    0300
  4174   30073     40  sub    0     0   0300    0300
  4175   30076     40  sub    0     0   0300    0300
  4176   30079     40  sub    0     0   0300    0300
  4177   30082     40  sub    0     0   0300    0300
  4178   30085     40  sub    0     0   0300    0300
  4179   30088     40  sub    0     0   0300    0300
  4180   30091     40  sub    0     0   0300    0300
  4181   30094     40  sub    0     0   0300    0300
  4182   30097     40  sub    0     0   0300    0300
  4183   30100     40  sub    0     0   0300    0300
  4184   30103     40  sub    0     0   0300    0300
  4185   30106     40  sub    0     0   0300    0300
  4186   30109     40  sub    0     0   0300    0300
  4187   30112     40  sub    0     0   0300    0300
  4188   30115     40  sub    0     0   0300    0300
  4189   30118     40  sub    0     0   0300    0300
  4190   30121     40  sub    0     0   0300    0300
  4191   30124     40  sub    0     0   0300    0300
  4192   30127     40  sub    0     0   0300    0300
  4193   30130     40  sub    0     0   0300    0300
  4194   30133     40  sub    0     0   0300    0300
  4195   30136     40  sub    0     0   0300    0300
  4196   30139     40  sub    0     0   0300    0300
  4197   30142     40  sub    0     0   0300    0300
  4198   30145     40  sub    0     0   0300    0300
  4199   30148     40  sub    0     0   0300    0300
  4200   30151     40  sub    0     0   0300    0300
  4201   30154     40  sub    0     0   0300    0300
  4202   30157     40  sub    0     0   0300    0300
  4203   30160     40  sub    0     0   0300    0300
  4204   30163     40  sub    0     0   0300    0300
  4205   30166     40  sub    0     0   0300    0300
  4206   30169     40  sub    0     0   0300    0300
  4207   30172     40  sub    0     0   0300    0300
  4208   30175     40  sub    0     0   0300    0300
  4209   30178     40  sub    0     0   0300    0300
  4210   30181     40  sub    0     0   0300    0300
  4211   30184     40  sub    0     0   0300    0300
  4212   30187     40  sub    0     0   0300    0300
  4213   30190     40  sub    0     0   0300    0300
  4214   30193     40  sub    0     0   0300    0300
  4215   30196     40  sub    0     0   0300    0300
  4216   30199     40  sub    0     0   0300    0300
  4217   30202     40  sub    0     0   0300    0300
  4218   30205     40  sub    0     0   0300    0300
  4219   30208     40  sub    0     0   0300    0300
  4220   30211     40  sub    0     0   0300    0300
  4221   30214     40  sub    0     0   0300    0300
  4222   30217     40  sub    0     0   0300    0300
  4223   30220     40  sub    0     0   0300    0300
  4224   30223     40  sub    0     0   0300    0300
  4225   30226     40  sub    0     0   0300    0300
  4226   30229     40  sub    0     0   0300    0300
  4227   30232     40  sub    0     0   0300    0300
  4228   30235     40  sub    0     0   0300    0300
  4229   30238     40  sub    0     0   0300    0300
  4230   30241     40  sub    0     0   0300    0300
  4231   30244     40  sub    0     0   0300    0300
  4232   30247     40  sub    0     0   0300    0300
  4233   30250     40  sub    0     0   0300    0300
  4234   30253     40  sub    0     0   0300    0300
  4235   30256     40  sub    0     0   0300    0300
  4236   30259     40  sub    0     0   0300    0300
  4237   30262     40  sub    0     0   0300    0300
  4238   30265     40  sub    0     0   0300    0300
  4239   30268     40  sub    0     0   0300    0300
  4240   30271     40  sub    0     0   0300    0300
  4241   30274     40  sub    0     0   0300    0300
  4242   30277     40  sub    0     0   0300    0300
  4243   30280     40  sub    0     0   0300    0300
  4244   30283     40  sub    0     0   0300    0300
  4245   30286     40  sub    0     0   0300    0300
  4246   30289     40  sub    0     0   0300    0300
  4247   30292     40  sub    0     0   0300    0300
  4248   30295     40  sub    0     0   0300    0300
  4249   30298     40  sub    0     0   0300    0300
  4250   30301     40  sub    0     0   0300    0300
  4251   30304     40  sub    0     0   0300    0300
  4252   30307     40  sub    0     0   0300    0300
  4253   30310     40  sub    0     0   0300    0300
  4254   30313     40  sub    0     0   0300    0300
  4255   30316     40  sub    0     0   0300    0300
  4256   30319     40  sub    0     0   0300    0300
  4257   30322     40  sub    0     0   0300    0300
  4258   30325     40  sub    0     0   0300    0300
  4259   30328     40  sub    0     0   0300    0300
  4260   30331     40  sub    0     0   0300    0300
  4261   30334     40  sub    0     0   0300    0300
  4262   30337     40  sub    0     0   0300    0300
  4263   30340     40  sub    0     0   0300    0300
  4264   30343     40  sub    0     0   0300    0300
  4265   30346     40  sub    0     0   0300    0300
  4266   30349     40  sub    0     0   0300    0300
  4267   30352     40  sub    0     0   0300    0300
  4268   30355     40  sub    0     0   0300    0300
  4269   30358     40  sub    0     0   0300    0300
  4270   30361     40  sub    0     0   0300    0300
  4271   30364     40  sub    0     0   0300    0300
  4272   30367     40  sub    0     0   0300    0300
  4273   30370     40  sub    0     0   0300    0300
  4274   30373     40  sub    0     0   0300    0300
  4275   30376     40  sub    0     0   0300    0300
  4276   30379     40  sub    0     0   0300    0300
  4277   30382     40  sub    0     0   0300    0300
  4278   30385     40  sub    0     0   0300    0300
  4279   30388     40  sub    0     0   0300    0300
  4280   30391     40  sub    0     0   0300    0300
  4281   30394     40  sub    0     0   0300    0300
  4282   30397     40  sub    0     0   0300    0300
  4283   30400     40  sub    0     0   0300    0300
  4284   30403     40  sub    0     0   0300    0300
  4285   30406     40  sub    0     0   0300    0300
  4286   30409     40  sub    0     0   0300    0300
  4287   30412     40  sub    0     0   0300    0300
  4288   30415     40  sub    0     0   0300    0300
  4289   30418     40  sub    0     0   0300    0300
  4290   30421     40  sub    0     0   0300    0300
  4291   30424     40  sub    0     0   0300    0300
  4292   30427     40  sub    0     0   0300    0300
  4293   30430     40  sub    0     0   0300    0300
  4294   30433     40  sub    0     0   0300    0300
  4295   30436     40  sub    0     0   0300    0300
  4296   30439     40  sub    0     0   0300    0300
  4297   30442     40  sub    0     0   0300    0300
  4298   30445     40  sub    0     0   0300    0300
  4299   30448     40  sub    0     0   0300    0300
  4300   30451     40  sub    0     0   0300    0300
  4301   30454     40  sub    0     0   0300    0300
  4302   30457     40  sub    0     0   0300    0300
  4303   30460     40  sub    0     0   0300    0300
  4304   30463     40  sub    0     0   0300    0300
  4305   30466     40  sub    0     0   0300    0300
  4306   30469     40  sub    0     0   0300    0300
  4307   30472     40  sub    0     0   0300    0300
  4308   30475     40  sub    0     0   0300    0300
  4309   30478     40  sub    0     0   0300    0300
  4310   30481     40  sub    0     0   0300    0300
  4311   30484     40  sub    0     0   0300    0300
  4312   30487     40  sub    0     0   0300    0300
  4313   30490     40  sub    0     0   0300    0300
  4314   30493     40  sub    0     0   0300    0300
  4315   30496     40  sub    0     0   0300    0300
  4316   30499     40  sub    0     0   0300    0300
  4317   30502     40  sub    0     0   0300    0300
  4318   30505     40  sub    0     0   0300    0300
  4319   30508     40  sub    0     0   0300    0300
  4320   30511     40  sub    0     0   0300    0300
  4321   30514     40  sub    0     0   0300    0300
  4322   30517     40  sub    0     0   0300    0300
  4323   30520     40  sub    0     0   0300    0300
  4324   30523     40  sub    0     0   0300    0300
  4325   30526     40  sub    0     0   0300    0300
  4326   30529     40  sub    0     0   0300    0300
  4327   30532     40  sub    0     0   0300    0300
  4328   30535     40  sub    0     0   0300    0300
  4329   30538     40  sub    0     0   0300    0300
  4330   30541     40  sub    0     0   0300    0300
  4331   30544     40  sub    0     0   0300    0300
  4332   30547     40  sub    0     0   0300    0300
  4333   30550     40  sub    0     0   0300    0300
  4334   30553     40  sub    0     0   0300    0300
  4335   30556     40  sub    0     0   0300    0300
  4336   30559     40  sub    0     0   0300    0300
  4337   30562     40  sub    0     0   0300    0300
  4338   30565     40  sub    0     0   0300    0300
  4339   30568     40  sub    0     0   0300    0300
  4340   30571     40  sub    0     0   0300    0300
  4341   30574     40  sub    0     0   0300    0300
  4342   30577     40  sub    0     0   0300    0300
  4343   30580     40  sub    0     0   0300    0300
  4344   30583     40  sub    0     0   0300    0300
  4345   30586     40  sub    0     0   0300    0300
  4346   30589     40  sub    0     0   0300    0300
  4347   30592     40  sub    0     0   0300    0300
  4348   30595     40  sub    0     0   0300    0300
  4349   30598     40  sub    0     0   0300    0300
  4350   30601     40  sub    0     0   0300    0300
  4351   30604     40  sub    0     0   0300    0300
  4352   30607     40  sub    0     0   0300    0300
  4353   30610     40  sub    0     0   0300    0300
  4354   30613     40  sub    0     0   0300    0300
  4355   30616     40  sub    0     0   0300    0300
  4356   30619     40  sub    0     0   0300    0300
  4357   30622     40  sub    0     0   0300    0300
  4358   30625     40  sub    0     0   0300    0300
  4359   30628     40  sub    0     0   0300    0300
  4360   30631     40  sub    0     0   0300    0300
  4361   30634     40  sub    0     0   0300    0300
  4362   30637     40  sub    0     0   0300    0300
  4363   30640     40  sub    0     0   0300    0300
  4364   30643     40  sub    0     0   0300    0300
  4365   30646     40  sub    0     0   0300    0300
  4366   30649     40  sub    0     0   0300    0300
  4367   30652     40  sub    0     0   0300    0300
  4368   30655     40  sub    0     0   0300    0300
  4369   30658     40  sub    0     0   0300    0300
  4370   30661     40  sub    0     0   0300    0300
  4371   30664     40  sub    0     0   0300    0300
  4372   30667     40  sub    0     0   0300    0300
  4373   30670     40  sub    0     0   0300    0300
  4374   30673     40  sub    0     0   0300    0300
  4375   30676     40  sub    0     0   0300    0300
  4376   30679     40  sub    0     0   0300    0300
  4377   30682     40  sub    0     0   0300    0300
  4378   30685     40  sub    0     0   0300    0300
  4379   30688     40  sub    0     0   0300    0300
  4380   30691     40  sub    0     0   0300    0300
  4381   30694     40  sub    0     0   0300    0300
  4382   30697     40  sub    0     0   0300    0300
  4383   30700     40  sub    0     0   0300    0300
  4384   30703     40  sub    0     0   0300    0300
  4385   30706     40  sub    0     0   0300    0300
  4386   30709     40  sub    0     0   0300    0300
  4387   30712     40  sub    0     0   0300    0300
  4388   30715     40  sub    0     0   0300    0300
  4389   30718     40  sub    0     0   0300    0300
  4390   30721     40  sub    0     0   0300    0300
  4391   30724     40  sub    0     0   0300    0300
  4392   30727     40  sub    0     0   0300    0300
  4393   30730     40  sub    0     0   0300    0300
  4394   30733     40  sub    0     0   0300    0300
  4395   30736     40  sub    0     0   0300    0300
  4396   30739     40  sub    0     0   0300    0300
  4397   30742     40  sub    0     0   0300    0300
  4398   30745     40  sub    0     0   0300    0300
  4399   30748     40  sub    0     0   0300    0300
  4400   30751     40  sub    0     0   0300    0300
  4401   30754     40  sub    0     0   0300    0300
  4402   30757     40  sub    0     0   0300    0300
  4403   30760     40  sub    0     0   0300    0300
  4404   30763     40  sub    0     0   0300    0300
  4405   30766     40  sub    0     0   0300    0300
  4406   30769     40  sub    0     0   0300    0300
  4407   30772     40  sub    0     0   0300    0300
  4408   30775     40  sub    0     0   0300    0300
  4409   30778     40  sub    0     0   0300    0300
  4410   30781     40  sub    0     0   0300    0300
  4411   30784     40  sub    0     0   0300    0300
  4412   30787     40  sub    0     0   0300    0300
  4413   30790     40  sub    0     0   0300    0300
  4414   30793     40  sub    0     0   0300    0300
  4415   30796     40  sub    0     0   0300    0300
  4416   30799     40  sub    0     0   0300    0300
  4417   30802     40  sub    0     0   0300    0300
  4418   30805     40  sub    0     0   0300    0300
  4419   30808     40  sub    0     0   0300    0300
  4420   30811     40  sub    0     0   0300    0300
  4421   30814     40  sub    0     0   0300    0300
  4422   30817     40  sub    0     0   0300    0300
  4423   30820     40  sub    0     0   0300    0300
  4424   30823     40  sub    0     0   0300    0300
  4425   30826     40  sub    0     0   0300    0300
  4426   30829     40  sub    0     0   0300    0300
  4427   30832     40  sub    0     0   0300    0300
  4428   30835     40  sub    0     0   0300    0300
  4429   30838     40  sub    0     0   0300    0300
  4430   30841     40  sub    0     0   0300    0300
  4431   30844     40  sub    0     0   0300    0300
  4432   30847     40  sub    0     0   0300    0300
  4433   30850     40  sub    0     0   0300    0300
  4434   30853     40  sub    0     0   0300    0300
  4435   30856     40  sub    0     0   0300    0300
  4436   30859     40  sub    0     0   0300    0300
  4437   30862     40  sub    0     0   0300    0300
  4438   30865     40  sub    0     0   0300    0300
  4439   30868     40  sub    0     0   0300    0300
  4440   30871     40  sub    0     0   0300    0300
  4441   30874     40  sub    0     0   0300    0300
  4442   30877     40  sub    0     0   0300    0300
  4443   30880     40  sub    0     0   0300    0300
  4444   30883     40  sub    0     0   0300    0300
  4445   30886     40  sub    0     0   0300    0300
  4446   30889     40  sub    0     0   0300    0300
  4447   30892     40  sub    0     0   0300    0300
  4448   30895     40  sub    0     0   0300    0300
  4449   30898     40  sub    0     0   0300    0300
  4450   30901     40  sub    0     0   0300    0300
  4451   30904     40  sub    0     0   0300    0300
  4452   30907     40  sub    0     0   0300    0300
  4453   30910     40  sub    0     0   0300    0300
  4454   30913     40  sub    0     0   0300    0300
  4455   30916     40  sub    0     0   0300    0300
  4456   30919     40  sub    0     0   0300    0300
  4457   30922     40  sub    0     0   0300    0300
  4458   30925     40  sub    0     0   0300    0300
  4459   30928     40  sub    0     0   0300    0300
  4460   30931     40  sub    0     0   0300    0300
  4461   30934     40  sub    0     0   0300    0300
  4462   30937     40  sub    0     0   0300    0300
  4463   30940     40  sub    0     0   0300    0300
  4464   30943     40  sub    0     0   0300    0300
  4465   30946     40  sub    0     0   0300    0300
  4466   30949     40  sub    0     0   0300    0300
  4467   30952     40  sub    0     0   0300    0300
  4468   30955     40  sub    0     0   0300    0300
  4469   30958     40  sub    0     0   0300    0300
  4470   30961     40  sub    0     0   0300    0300
  4471   30964     40  sub    0     0   0300    0300
  4472   30967     40  sub    0     0   0300    0300
  4473   30970     40  sub    0     0   0300    0300
  4474   30973     40  sub    0     0   0300    0300
  4475   30976     40  sub    0     0   0300    0300
  4476   30979     40  sub    0     0   0300    0300
  4477   30982     40  sub    0     0   0300    0300
  4478   30985     40  sub    0     0   0300    0300
  4479   30988     40  sub    0     0   0300    0300
  4480   30991     40  sub    0     0   0300    0300
  4481   30994     40  sub    0     0   0300    0300
  4482   30997     40  sub    0     0   0300    0300
  4483   31000     40  sub    0     0   0300    0300
  4484   31003     40  sub    0     0   0300    0300
  4485   31006     40  sub    0     0   0300    0300
  4486   31009     40  sub    0     0   0300    0300
  4487   31012     40  sub    0     0   0300    0300
  4488   31015     40  sub    0     0   0300    0300
  4489   31018     40  sub    0     0   0300    0300
  4490   31021     40  sub    0     0   0300    0300
  4491   31024     40  sub    0     0   0300    0300
  4492   31027     40  sub    0     0   0300    0300
  4493   31030     40  sub    0     0   0300    0300
  4494   31033     40  sub    0     0   0300    0300
  4495   31036     40  sub    0     0   0300    0300
  4496   31039     40  sub    0     0   0300    0300
  4497   31042     40  sub    0     0   0300    0300
  4498   31045     40  sub    0     0   0300    0300
  4499   31048     40  sub    0     0   0300    0300
  4500   31051     40  sub    0     0   0300    0300
  4501   31054     40  sub    0     0   0300    0300
  4502   31057     40  sub    0     0   0300    0300
  4503   31060     40  sub    0     0   0300    0300
  4504   31063     40  sub    0     0   0300    0300
  4505   31066     40  sub    0     0   0300    0300
  4506   31069     40  sub    0     0   0300    0300
  4507   31072     40  sub    0     0   0300    0300
  4508   31075     40  sub    0     0   0300    0300
  4509   31078     40  sub    0     0   0300    0300
  4510   31081     40  sub    0     0   0300    0300
  4511   31084     40  sub    0     0   0300    0300
  4512   31087     40  sub    0     0   0300    0300
  4513   31090     40  sub    0     0   0300    0300
  4514   31093     40  sub    0     0   0300    0300
  4515   31096     40  sub    0     0   0300    0300
  4516   31099     40  sub    0     0   0300    0300
  4517   31102     40  sub    0     0   0300    0300
  4518   31105     40  sub    0     0   0300    0300
  4519   31108     40  sub    0     0   0300    0300
  4520   31111     40  sub    0     0   0300    0300
  4521   31114     40  sub    0     0   0300    0300
  4522   31117     40  sub    0     0   0300    0300
  4523   31120     40  sub    0     0   0300    0300
  4524   31123     40  sub    0     0   0300    0300
  4525   31126     40  sub    0     0   0300    0300
  4526   31129     40  sub    0     0   0300    0300
  4527   31132     40  sub    0     0   0300    0300
  4528   31135     40  sub    0     0   0300    0300
  4529   31138     40  sub    0     0   0300    0300
  4530   31141     40  sub    0     0   0300    0300
  4531   31144     40  sub    0     0   0300    0300
  4532   31147     40  sub    0     0   0300    0300
  4533   31150     40  sub    0     0   0300    0300
  4534   31153     40  sub    0     0   0300    0300
  4535   31156     40  sub    0     0   0300    0300
  4536   31159     40  sub    0     0   0300    0300
  4537   31162     40  sub    0     0   0300    0300
  4538   31165     40  sub    0     0   0300    0300
  4539   31168     40  sub    0     0   0300    0300
  4540   31171     40  sub    0     0   0300    0300
  4541   31174     40  sub    0     0   0300    0300
  4542   31177     40  sub    0     0   0300    0300
  4543   31180     40  sub    0     0   0300    0300
  4544   31183     40  sub    0     0   0300    0300
  4545   31186     40  sub    0     0   0300    0300
  4546   31189     40  sub    0     0   0300    0300
  4547   31192     40  sub    0     0   0300    0300
  4548   31195     40  sub    0     0   0300    0300
  4549   31198     40  sub    0     0   0300    0300
  4550   31201     40  sub    0     0   0300    0300
  4551   31204     40  sub    0     0   0300    0300
  4552   31207     40  sub    0     0   0300    0300
  4553   31210     40  sub    0     0   0300    0300
  4554   31213     40  sub    0     0   0300    0300
  4555   31216     40  sub    0     0   0300    0300
  4556   31219     40  sub    0     0   0300    0300
  4557   31222     40  sub    0     0   0300    0300
  4558   31225     40  sub    0     0   0300    0300
  4559   31228     40  sub    0     0   0300    0300
  4560   31231     40  sub    0     0   0300    0300
  4561   31234     40  sub    0     0   0300    0300
  4562   31237     40  sub    0     0   0300    0300
  4563   31240     40  sub    0     0   0300    0300
  4564   31243     40  sub    0     0   0300    0300
  4565   31246     40  sub    0     0   0300    0300
  4566   31249     40  sub    0     0   0300    0300
  4567   31252     40  sub    0     0   0300    0300
  4568   31255     40  sub    0     0   0300    0300
  4569   31258     40  sub    0     0   0300    0300
  4570   31261     40  sub    0     0   0300    0300
  4571   31264     40  sub    0     0   0300    0300
  4572   31267     40  sub    0     0   0300    0300
  4573   31270     40  sub    0     0   0300    0300
  4574   31273     40  sub    0     0   0300    0300
  4575   31276     40  sub    0     0   0300    0300
  4576   31279     40  sub    0     0   0300    0300
  4577   31282     40  sub    0     0   0300    0300
  4578   31285     40  sub    0     0   0300    0300
  4579   31288     40  sub    0     0   0300    0300
  4580   31291     40  sub    0     0   0300    0300
  4581   31294     40  sub    0     0   0300    0300
  4582   31297     40  sub    0     0   0300    0300
  4583   31300     40  sub    0     0   0300    0300
  4584   31303     40  sub    0     0   0300    0300
  4585   31306     40  sub    0     0   0300    0300
  4586   31309     40  sub    0     0   0300    0300
  4587   31312     40  sub    0     0   0300    0300
  4588   31315     40  sub    0     0   0300    0300
  4589   31318     40  sub    0     0   0300    0300
  4590   31321     40  sub    0     0   0300    0300
  4591   31324     40  sub    0     0   0300    0300
  4592   31327     40  sub    0     0   0300    0300
  4593   31330     40  sub    0     0   0300    0300
  4594   31333     40  sub    0     0   0300    0300
  4595   31336     40  sub    0     0   0300    0300
  4596   31339     40  sub    0     0   0300    0300
  4597   31342     40  sub    0     0   0300    0300
  4598   31345     40  sub    0     0   0300    0300
  4599   31348     40  sub    0     0   0300    0300
  4600   31351     40  sub    0     0   0300    0300
  4601   31354     40  sub    0     0   0300    0300
  4602   31357     40  sub    0     0   0300    0300
  4603   31360     40  sub    0     0   0300    0300
  4604   31363     40  sub    0     0   0300    0300
  4605   31366     40  sub    0     0   0300    0300
  4606   31369     40  sub    0     0   0300    0300
  4607   31372     40  sub    0     0   0300    0300
  4608   31375     40  sub    0     0   0300    0300
  4609   31378     40  sub    0     0   0300    0300
  4610   31381     40  sub    0     0   0300    0300
  4611   31384     40  sub    0     0   0300    0300
  4612   31387     40  sub    0     0   0300    0300
  4613   31390     40  sub    0     0   0300    0300
  4614   31393     40  sub    0     0   0300    0300
  4615   31396     40  sub    0     0   0300    0300
  4616   31399     40  sub    0     0   0300    0300
  4617   31402     40  sub    0     0   0300    0300
  4618   31405     40  sub    0     0   0300    0300
  4619   31408     40  sub    0     0   0300    0300
  4620   31411     40  sub    0     0   0300    0300
  4621   31414     40  sub    0     0   0300    0300
  4622   31417     40  sub    0     0   0300    0300
  4623   31420     40  sub    0     0   0300    0300
  4624   31423     40  sub    0     0   0300    0300
  4625   31427     40  sub    0     0   0336    0336
  4626   31450     40  sub    0     0   01CE    01CE
  4627   31485     40  sub    0     0   0300    0300
  4628   31488     40  sub    0     0   0300    0300
  4629   31491     40  sub    0     0   0300    0300
  4630   31494     40  sub    0     0   0300    0300
  4631   31497     40  sub    0     0   0300    0300
  4632   31500     40  sub    0     0   0300    0300
  4633   31503     40  sub    0     0   0300    0300
  4634   31506     40  sub    0     0   0300    0300
  4635   31509     40  sub    0     0   0300    0300
  4636   31512     40  sub    0     0   0300    0300
  4637   31515     40  sub    0     0   0300    0300
  4638   31518     40  sub    0     0   0300    0300
  4639   31521     40  sub    0     0   0300    0300
  4640   31524     40  sub    0     0   0300    0300
  4641   31527     40  sub    0     0   0300    0300
  4642   31530     40  sub    0     0   0300    0300
  4643   31533     40  sub    0     0   0300    0300
  4644   31536     40  sub    0     0   0300    0300
  4645   31539     40  sub    0     0   0300    0300
  4646   31542     40  sub    0     0   0300    0300
  4647   31545     40  sub    0     0   0300    0300
  4648   31548     40  sub    0     0   0300    0300
  4649   31551     40  sub    0     0   0300    0300
  4650   31554     40  sub    0     0   0300    0300
  4651   31557     40  sub    0     0   0300    0300
  4652   31560     40  sub    0     0   0300    0300
  4653   31563     40  sub    0     0   0300    0300
  4654   31566     40  sub    0     0   0300    0300
  4655   31569     40  sub    0     0   0300    0300
  4656   31572     40  sub    0     0   0300    0300
  4657   31575     40  sub    0     0   0300    0300
  4658   31578     40  sub    0     0   0300    0300
  4659   31581     40  sub    0     0   0300    0300
  4660   31584     40  sub    0     0   0300    0300
  4661   31587     40  sub    0     0   0300    0300
  4662   31590     40  sub    0     0   0300    0300
  4663   31593     40  sub    0     0   0300    0300
  4664   31596     40  sub    0     0   0300    0300
  4665   31599     40  sub    0     0   0300    0300
  4666   31602     40  sub    0     0   0300    0300
  4667   31605     40  sub    0     0   0300    0300
  4668   31608     40  sub    0     0   0300    0300
  4669   31611     40  sub    0     0   0300    0300
  4670   31614     40  sub    0     0   0300    0300
  4671   31617     40  sub    0     0   0300    0300
  4672   31620     40  sub    0     0   0300    0300
  4673   31623     40  sub    0     0   0300    0300
  4674   31626     40  sub    0     0   0300    0300
  4675   31629     40  sub    0     0   0300    0300
  4676   31632     40  sub    0     0   0300    0300
  4677   31635     40  sub    0     0   0300    0300
  4678   31638     40  sub    0     0   0300    0300
  4679   31641     40  sub    0     0   0300    0300
  4680   31644     40  sub    0     0   0300    0300
  4681   31647     40  sub    0     0   0300    0300
  4682   31650     40  sub    0     0   0300    0300
  4683   31653     40  sub    0     0   0300    0300
  4684   31656     40  sub    0     0   0300    0300
  4685   31659     40  sub    0     0   0300    0300
  4686   31662     40  sub    0     0   0300    0300
  4687   31665     40  sub    0     0   0300    0300
  4688   31668     40  sub    0     0   0300    0300
  4689   31671     40  sub    0     0   0300    0300
  4690   31674     40  sub    0     0   0300    0300
  4691   31677     40  sub    0     0   0300    0300
  4692   31680     40  sub    0     0   0300    0300
  4693   31683     40  sub    0     0   0300    0300
  4694   31686     40  sub    0     0   0300    0300
  4695   31689     40  sub    0     0   0300    0300
  4696   31692     40  sub    0     0   0300    0300
  4697   31695     40  sub    0     0   0300    0300
  4698   31698     40  sub    0     0   0300    0300
  4699   31701     40  sub    0     0   0300    0300
  4700   31704     40  sub    0     0   0300    0300
  4701   31707     40  sub    0     0   0300    0300
  4702   31710     40  sub    0     0   0300    0300
  4703   31713     40  sub    0     0   0300    0300
  4704   31716     40  sub    0     0   0300    0300
  4705   31719     40  sub    0     0   0300    0300
  4706   31722     40  sub    0     0   0300    0300
  4707   31725     40  sub    0     0   0300    0300
  4708   31728     40  sub    0     0   0300    0300
  4709   31731     40  sub    0     0   0300    0300
  4710   31734     40  sub    0     0   0300    0300
  4711   31737     40  sub    0     0   0300    0300
  4712   31740     40  sub    0     0   0300    0300
  4713   31743     40  sub    0     0   0300    0300
  4714   31746     40  sub    0     0   0300    0300
  4715   31749     40  sub    0     0   0300    0300
  4716   31752     40  sub    0     0   0300    0300
  4717   31755     40  sub    0     0   0300    0300
  4718   31758     40  sub    0     0   0300    0300
  4719   31761     40  sub    0     0   0300    0300
  4720   31764     40  sub    0     0   0300    0300
  4721   31767     40  sub    0     0   0300    0300
  4722   31770     40  sub    0     0   0300    0300
  4723   31773     40  sub    0     0   0300    0300
  4724   31776     40  sub    0     0   0300    0300
  4725   31779     40  sub    0     0   0300    0300
  4726   31782     40  sub    0     0   0300    0300
  4727   31785     40  sub    0     0   0300    0300
  4728   31788     40  sub    0     0   0300    0300
  4729   31791     40  sub    0     0   0300    0300
  4730   31794     40  sub    0     0   0300    0300
  4731   31797     40  sub    0     0   0300    0300
  4732   31800     40  sub    0     0   0300    0300
  4733   31803     40  sub    0     0   0300    0300
  4734   31806     40  sub    0     0   0300    0300
  4735   31809     40  sub    0     0   0300    0300
  4736   31812     40  sub    0     0   0300    0300
  4737   31815     40  sub    0     0   0300    0300
  4738   31818     40  sub    0     0   0300    0300
  4739   31821     40  sub    0     0   0300    0300
  4740   31824     40  sub    0     0   0300    0300
  4741   31827     40  sub    0     0   0300    0300
  4742   31830     40  sub    0     0   0300    0300
  4743   31833     40  sub    0     0   0300    0300
  4744   31836     40  sub    0     0   0300    0300
  4745   31839     40  sub    0     0   0300    0300
  4746   31842     40  sub    0     0   0300    0300
  4747   31845     40  sub    0     0   0300    0300
  4748   31848     40  sub    0     0   0300    0300
  4749   31851     40  sub    0     0   0300    0300
  4750   31854     40  sub    0     0   0300    0300
  4751   31857     40  sub    0     0   0300    0300
  4752   31860     40  sub    0     0   0300    0300
  4753   31863     40  sub    0     0   0300    0300
  4754   31866     40  sub    0     0   0300    0300
  4755   31869     40  sub    0     0   0300    0300
  4756   31872     40  sub    0     0   0300    0300
  4757   31875     40  sub    0     0   0300    0300
  4758   31878     40  sub    0     0   0300    0300
  4759   31881     40  sub    0     0   0300    0300
  4760   31884     40  sub    0     0   0300    0300
  4761   31887     40  sub    0     0   0300    0300
  4762   31890     40  sub    0     0   0300    0300
  4763   31893     40  sub    0     0   0300    0300
  4764   31896     40  sub    0     0   0300    0300
  4765   31899     40  sub    0     0   0300    0300
  4766   31902     40  sub    0     0   0300    0300
  4767   31905     40  sub    0     0   0300    0300
  4768   31908     40  sub    0     0   0300    0300
  4769   31911     40  sub    0     0   0300    0300
  4770   31914     40  sub    0     0   0300    0300
  4771   31917     40  sub    0     0   0300    0300
  4772   31920     40  sub    0     0   0300    0300
  4773   31923     40  sub    0     0   0300    0300
  4774   31926     40  sub    0     0   0300    0300
  4775   31929     40  sub    0     0   0300    0300
  4776   31932     40  sub    0     0   0300    0300
  4777   31935     40  sub    0     0   0300    0300
  4778   31938     40  sub    0     0   0300    0300
  4779   31941     40  sub    0     0   0300    0300
  4780   31944     40  sub    0     0   0300    0300
  4781   31947     40  sub    0     0   0300    0300
  4782   31950     40  sub    0     0   0300    0300
  4783   31953     40  sub    0     0   0300    0300
  4784   31956     40  sub    0     0   0300    0300
  4785   31959     40  sub    0     0   0300    0300
  4786   31962     40  sub    0     0   0300    0300
  4787   31965     40  sub    0     0   0300    0300
  4788   31968     40  sub    0     0   0300    0300
  4789   31971     40  sub    0     0   0300    0300
  4790   31974     40  sub    0     0   0300    0300
  4791   31977     40  sub    0     0   0300    0300
  4792   31980     40  sub    0     0   0300    0300
  4793   31983     40  sub    0     0   0300    0300
  4794   31986     40  sub    0     0   0300    0300
  4795   31989     40  sub    0     0   0300    0300
  4796   31992     40  sub    0     0   0300    0300
  4797   31995     40  sub    0     0   0300    0300
  4798   31998     40  sub    0     0   0300    0300
  4799   32001     40  sub    0     0   0300    0300
  4800   32004     40  sub    0     0   0300    0300
  4801   32007     40  sub    0     0   0300    0300
  4802   32010     40  sub    0     0   0300    0300
  4803   32013     40  sub    0     0   0300    0300
  4804   32016     40  sub    0     0   0300    0300
  4805   32019     40  sub    0     0   0300    0300
  4806   32022     40  sub    0     0   0300    0300
  4807   32025     40  sub    0     0   0300    0300
  4808   32028     40  sub    0     0   0300    0300
  4809   32031     40  sub    0     0   0300    0300
  4810   32034     40  sub    0     0   0300    0300
  4811   32037     40  sub    0     0   0300    0300
  4812   32040     40  sub    0     0   0300    0300
  4813   32043     40  sub    0     0   0300    0300
  4814   32046     40  sub    0     0   0300    0300
  4815   32049     40  sub    0     0   0300    0300
  4816   32052     40  sub    0     0   0300    0300
  4817   32055     40  sub    0     0   0300    0300
  4818   32058     40  sub    0     0   0300    0300
  4819   32061     40  sub    0     0   0300    0300
  4820   32064     40  sub    0     0   0300    0300
  4821   32067     40  sub    0     0   0300    0300
  4822   32070     40  sub    0     0   0300    0300
  4823   32073     40  sub    0     0   0300    0300
  4824   32076     40  sub    0     0   0300    0300
  4825   32079     40  sub    0     0   0300    0300
  4826   32082     40  sub    0     0   0300    0300
  4827   32085     40  sub    0     0   0300    0300
  4828   32088     40  sub    0     0   0300    0300
  4829   32091     40  sub    0     0   0300    0300
  4830   32094     40  sub    0     0   0300    0300
  4831   32097     40  sub    0     0   0300    0300
  4832   32100     40  sub    0     0   0300    0300
  4833   32103     40  sub    0     0   0300    0300
  4834   32106     40  sub    0     0   0300    0300
  4835   32109     40  sub    0     0   0300    0300
  4836   32112     40  sub    0     0   0300    0300
  4837   32115     40  sub    0     0   0300    0300
  4838   32118     40  sub    0     0   0300    0300
  4839   32121     40  sub    0     0   0300    0300
  4840   32124     40  sub    0     0   0300    0300
  4841   32127     40  sub    0     0   0300    0300
  4842   32130     40  sub    0     0   0300    0300
  4843   32133     40  sub    0     0   0300    0300
  4844   32136     40  sub    0     0   0300    0300
  4845   32139     40  sub    0     0   0300    0300
  4846   32142     40  sub    0     0   0300    0300
  4847   32145     40  sub    0     0   0300    0300
  4848   32148     40  sub    0     0   0300    0300
  4849   32151     40  sub    0     0   0300    0300
  4850   32154     40  sub    0     0   0300    0300
  4851   32157     40  sub    0     0   0300    0300
  4852   32160     40  sub    0     0   0300    0300
  4853   32163     40  sub    0     0   0300    0300
  4854   32166     40  sub    0     0   0300    0300
  4855   32169     40  sub    0     0   0300    0300
  4856   32172     40  sub    0     0   0300    0300
  4857   32175     40  sub    0     0   0300    0300
  4858   32178     40  sub    0     0   0300    0300
  4859   32181     40  sub    0     0   0300    0300
  4860   32184     40  sub    0     0   0300    0300
  4861   32187     40  sub    0     0   0300    0300
  4862   32190     40  sub    0     0   0300    0300
  4863   32193     40  sub    0     0   0300    0300
  4864   32196     40  sub    0     0   0300    0300
  4865   32199     40  sub    0     0   0300    0300
  4866   32202     40  sub    0     0   0300    0300
  4867   32205     40  sub    0     0   0300    0300
  4868   32208     40  sub    0     0   0300    0300
  4869   32211     40  sub    0     0   0300    0300
  4870   32214     40  sub    0     0   0300    0300
  4871   32217     40  sub    0     0   0300    0300
  4872   32220     40  sub    0     0   0300    0300
  4873   32223     40  sub    0     0   0300    0300
  4874   32226     40  sub    0     0   0300    0300
  4875   32229     40  sub    0     0   0300    0300
  4876   32232     40  sub    0     0   0300    0300
  4877   32235     40  sub    0     0   0300    0300
  4878   32238     40  sub    0     0   0300    0300
  4879   32241     40  sub    0     0   0300    0300
  4880   32244     40  sub    0     0   0300    0300
  4881   32247     40  sub    0     0   0300    0300
  4882   32250     40  sub    0     0   0300    0300
  4883   32253     40  sub    0     0   0300    0300
  4884   32256     40  sub    0     0   0300    0300
  4885   32259     40  sub    0     0   0300    0300
  4886   32262     40  sub    0     0   0300    0300
  4887   32265     40  sub    0     0   0300    0300
  4888   32268     40  sub    0     0   0300    0300
  4889   32271     40  sub    0     0   0300    0300
  4890   32274     40  sub    0     0   0300    0300
  4891   32277     40  sub    0     0   0300    0300
  4892   32280     40  sub    0     0   0300    0300
  4893   32283     40  sub    0     0   0300    0300
  4894   32286     40  sub    0     0   0300    0300
  4895   32289     40  sub    0     0   0300    0300
  4896   32292     40  sub    0     0   0300    0300
  4897   32295     40  sub    0     0   0300    0300
  4898   32298     40  sub    0     0   0300    0300
  4899   32301     40  sub    0     0   0300    0300
  4900   32304     40  sub    0     0   0300    0300
  4901   32307     40  sub    0     0   0300    0300
  4902   32310     40  sub    0     0   0300    0300
  4903   32313     40  sub    0     0   0300    0300
  4904   32316     40  sub    0     0   0300    0300
  4905   32319     40  sub    0     0   0300    0300
  4906   32322     40  sub    0     0   0300    0300
  4907   32325     40  sub    0     0   0300    0300
  4908   32328     40  sub    0     0   0300    0300
  4909   32331     40  sub    0     0   0300    0300
  4910   32334     40  sub    0     0   0300    0300
  4911   32337     40  sub    0     0   0300    0300
  4912   32340     40  sub    0     0   0300    0300
  4913   32343     40  sub    0     0   0300    0300
  4914   32346     40  sub    0     0   0300    0300
  4915   32349     40  sub    0     0   0300    0300
  4916   32352     40  sub    0     0   0300    0300
  4917   32355     40  sub    0     0   0300    0300
  4918   32358     40  sub    0     0   0300    0300
  4919   32361     40  sub    0     0   0300    0300
  4920   32364     40  sub    0     0   0300    0300
  4921   32367     40  sub    0     0   0300    0300
  4922   32370     40  sub    0     0   0300    0300
  4923   32373     40  sub    0     0   0300    0300
  4924   32376     40  sub    0     0   0300    0300
  4925   32379     40  sub    0     0   0300    0300
  4926   32382     40  sub    0     0   0300    0300
  4927   32385     40  sub    0     0   0300    0300
  4928   32388     40  sub    0     0   0300    0300
  4929   32391     40  sub    0     0   0300    0300
  4930   32394     40  sub    0     0   0300    0300
  4931   32397     40  sub    0     0   0300    0300
  4932   32400     40  sub    0     0   0300    0300
  4933   32403     40  sub    0     0   0300    0300
  4934   32406     40  sub    0     0   0300    0300
  4935   32409     40  sub    0     0   0300    0300
  4936   32412     40  sub    0     0   0300    0300
  4937   32415     40  sub    0     0   0300    0300
  4938   32418     40  sub    0     0   0300    0300
  4939   32421     40  sub    0     0   0300    0300
  4940   32424     40  sub    0     0   0300    0300
  4941   32427     40  sub    0     0   0300    0300
  4942   32430     40  sub    0     0   0300    0300
  4943   32433     40  sub    0     0   0300    0300
  4944   32436     40  sub    0     0   0300    0300
  4945   32439     40  sub    0     0   0300    0300
  4946   32442     40  sub    0     0   0300    0300
  4947   32445     40  sub    0     0   0300    0300
  4948   32448     40  sub    0     0   0300    0300
  4949   32451     40  sub    0     0   0300    0300
  4950   32454     40  sub    0     0   0300    0300
  4951   32457     40  sub    0     0   0300    0300
  4952   32460     40  sub    0     0   0300    0300
  4953   32463     40  sub    0     0   0300    0300
  4954   32466     40  sub    0     0   0300    0300
  4955   32469     40  sub    0     0   0300    0300
  4956   32472     40  sub    0     0   0300    0300
  4957   32475     40  sub    0     0   0300    0300
  4958   32478     40  sub    0     0   0300    0300
  4959   32481     40  sub    0     0   0300    0300
  4960   32484     40  sub    0     0   0300    0300
  4961   32487     40  sub    0     0   0300    0300
  4962   32490     40  sub    0     0   0300    0300
  4963   32493     40  sub    0     0   0300    0300
  4964   32496     40  sub    0     0   0300    0300
  4965   32499     40  sub    0     0   0300    0300
  4966   32502     40  sub    0     0   0300    0300
  4967   32505     40  sub    0     0   0300    0300
  4968   32508     40  sub    0     0   0300    0300
  4969   32511     40  sub    0     0   0300    0300
  4970   32514     40  sub    0     0   0300    0300
  4971   32517     40  sub    0     0   0300    0300
  4972   32520     40  sub    0     0   0300    0300
  4973   32523     40  sub    0     0   0300    0300
  4974   32526     40  sub    0     0   0300    0300
  4975   32529     40  sub    0     0   0300    0300
  4976   32532     40  sub    0     0   0300    0300
  4977   32535     40  sub    0     0   0300    0300
  4978   32538     40  sub    0     0   0300    0300
  4979   32541     40  sub    0     0   0300    0300
  4980   32544     40  sub    0     0   0300    0300
  4981   32547     40  sub    0     0   0300    0300
  4982   32550     40  sub    0     0   0300    0300
  4983   32553     40  sub    0     0   0300    0300
  4984   32556     40  sub    0     0   0300    0300
  4985   32559     40  sub    0     0   0300    0300
  4986   32562     40  sub    0     0   0300    0300
  4987   32565     40  sub    0     0   0300    0300
  4988   32568     40  sub    0     0   0300    0300
  4989   32571     40  sub    0     0   0300    0300
  4990   32574     40  sub    0     0   0300    0300
  4991   32577     40  sub    0     0   0300    0300
  4992   32580     40  sub    0     0   0300    0300
  4993   32583     40  sub    0     0   0300    0300
  4994   32586     40  sub    0     0   0300    0300
  4995   32589     40  sub    0     0   0300    0300
  4996   32592     40  sub    0     0   0300    0300
  4997   32595     40  sub    0     0   0300    0300
  4998   32598     40  sub    0     0   0300    0300
  4999   32601     40  sub    0     0   0300    0300
  5000   32604     40  sub    0     0   0300    0300
  5001   32607     40  sub    0     0   0300    0300
  5002   32610     40  sub    0     0   0300    0300
  5003   32613     40  sub    0     0   0300    0300
  5004   32616     40  sub    0     0   0300    0300
  5005   32619     40  sub    0     0   0300    0300
  5006   32622     40  sub    0     0   0300    0300
  5007   32625     40  sub    0     0   0300    0300
  5008   32628     40  sub    0     0   0300    0300
  5009   32631     40  sub    0     0   0300    0300
  5010   32634     40  sub    0     0   0300    0300
  5011   32637     40  sub    0     0   0300    0300
  5012   32640     40  sub    0     0   0300    0300
  5013   32643     40  sub    0     0   0300    0300
  5014   32646     40  sub    0     0   0300    0300
  5015   32649     40  sub    0     0   0300    0300
  5016   32652     40  sub    0     0   0300    0300
  5017   32655     40  sub    0     0   0300    0300
  5018   32658     40  sub    0     0   0300    0300
  5019   32661     40  sub    0     0   0300    0300
  5020   32664     40  sub    0     0   0300    0300
  5021   32667     40  sub    0     0   0300    0300
  5022   32670     40  sub    0     0   0300    0300
  5023   32673     40  sub    0     0   0300    0300
  5024   32676     40  sub    0     0   0300    0300
  5025   32679     40  sub    0     0   0300    0300
  5026   32682     40  sub    0     0   0300    0300
  5027   32685     40  sub    0     0   0300    0300
  5028   32688     40  sub    0     0   0300    0300
  5029   32691     40  sub    0     0   0300    0300
  5030   32694     40  sub    0     0   0300    0300
  5031   32697     40  sub    0     0   0300    0300
  5032   32700     40  sub    0     0   0300    0300
  5033   32703     40  sub    0     0   0300    0300
  5034   32706     40  sub    0     0   0300    0300
  5035   32709     40  sub    0     0   0300    0300
  5036   32712     40  sub    0     0   0300    0300
  5037   32715     40  sub    0     0   0300    0300
  5038   32718     40  sub    0     0   0300    0300
  5039   32721     40  sub    0     0   0300    0300
  5040   32724     40  sub    0     0   0300    0300
  5041   32727     40  sub    0     0   0300    0300
  5042   32730     40  sub    0     0   0300    0300
  5043   32733     40  sub    0     0   0300    0300
  5044   32736     40  sub    0     0   0300    0300
  5045   32739     40  sub    0     0   0300    0300
  5046   32742     40  sub    0     0   0300    0300
  5047   32745     40  sub    0     0   0300    0300
  5048   32748     40  sub    0     0   0300    0300
  5049   32751     40  sub    0     0   0300    0300
  5050   32754     40  sub    0     0   0300    0300
  5051   32757     40  sub    0     0   0300    0300
  5052   32760     40  sub    0     0   0300    0300
  5053   32763     40  sub    0     0   0300    0300
  5054   32766     40  sub    0     0   0300    0300
  5055   32769     40  sub    0     0   0300    0300
  5056   32772     40  sub    0     0   0300    0300
  5057   32775     40  sub    0     0   0300    0300
  5058   32778     40  sub    0     0   0300    0300
  5059   32781     40  sub    0     0   0300    0300
  5060   32784     40  sub    0     0   0300    0300
  5061   32787     40  sub    0     0   0300    0300
  5062   32790     40  sub    0     0   0300    0300
  5063   32793     40  sub    0     0   0300    0300
  5064   32796     40  sub    0     0   0300    0300
  5065   32799     40  sub    0     0   0300    0300
  5066   32802     40  sub    0     0   0300    0300
  5067   32805     40  sub    0     0   0300    0300
  5068   32808     40  sub    0     0   0300    0300
  5069   32811     40  sub    0     0   0300    0300
  5070   32814     40  sub    0     0   0300    0300
  5071   32817     40  sub    0     0   0300    0300
  5072   32820     40  sub    0     0   0300    0300
  5073   32823     40  sub    0     0   0300    0300
  5074   32826     40  sub    0     0   0300    0300
  5075   32829     40  sub    0     0   0300    0300
  5076   32832     40  sub    0     0   0300    0300
  5077   32835     40  sub    0     0   0300    0300
  5078   32838     40  sub    0     0   0300    0300
  5079   32841     40  sub    0     0   0300    0300
  5080   32844     40  sub    0     0   0300    0300
  5081   32847     40  sub    0     0   0300    0300
  5082   32850     40  sub    0     0   0300    0300
  5083   32853     40  sub    0     0   0300    0300
  5084   32856     40  sub    0     0   0300    0300
  5085   32859     40  sub    0     0   0300    0300
  5086   32862     40  sub    0     0   0300    0300
  5087   32865     40  sub    0     0   0300    0300
  5088   32868     40  sub    0     0   0300    0300
  5089   32871     40  sub    0     0   0300    0300
  5090   32874     40  sub    0     0   0300    0300
  5091   32877     40  sub    0     0   0300    0300
  5092   32880     40  sub    0     0   0300    0300
  5093   32883     40  sub    0     0   0300    0300
  5094   32886     40  sub    0     0   0300    0300
  5095   32889     40  sub    0     0   0300    0300
  5096   32892     40  sub    0     0   0300    0300
  5097   32895     40  sub    0     0   0300    0300
  5098   32898     40  sub    0     0   0300    0300
  5099   32901     40  sub    0     0   0300    0300
  5100   32904     40  sub    0     0   0300    0300
  5101   32907     40  sub    0     0   0300    0300
  5102   32910     40  sub    0     0   0300    0300
  5103   32913     40  sub    0     0   0300    0300
  5104   32916     40  sub    0     0   0300    0300
  5105   32919     40  sub    0     0   0300    0300
  5106   32922     40  sub    0     0   0300    0300
  5107   32925     40  sub    0     0   0300    0300
  5108   32928     40  sub    0     0   0300    0300
  5109   32931     40  sub    0     0   0300    0300
  5110   32934     40  sub    0     0   0300    0300
  5111   32937     40  sub    0     0   0300    0300
  5112   32940     40  sub    0     0   0300    0300
  5113   32943     40  sub    0     0   0300    0300
  5114   32946     40  sub    0     0   0300    0300
  5115   32949     40  sub    0     0   0300    0300
  5116   32952     40  sub    0     0   0300    0300
  5117   32955     40  sub    0     0   0300    0300
  5118   32958     40  sub    0     0   0300    0300
  5119   32961     40  sub    0     0   0300    0300
  5120   32964     40  sub    0     0   0300    0300
  5121   32967     40  sub    0     0   0300    0300
  5122   32970     40  sub    0     0   0300    0300
  5123   32973     40  sub    0     0   0300    0300
  5124   32976     40  sub    0     0   0300    0300
  5125   32979     40  sub    0     0   0300    0300
  5126   32982     40  sub    0     0   0300    0300
  5127   32985     40  sub    0     0   0300    0300
  5128   32988     40  sub    0     0   0300    0300
  5129   32991     40  sub    0     0   0300    0300
  5130   32994     40  sub    0     0   0300    0300
  5131   32997     40  sub    0     0   0300    0300
  5132   33000     40  sub    0     0   0300    0300
  5133   33003     40  sub    0     0   0300    0300
  5134   33006     40  sub    0     0   0300    0300
  5135   33009     40  sub    0     0   0300    0300
  5136   33012     40  sub    0     0   0300    0300
  5137   33015     40  sub    0     0   0300    0300
  5138   33018     40  sub    0     0   0300    0300
  5139   33021     40  sub    0     0   0300    0300
  5140   33024     40  sub    0     0   0300    0300
  5141   33027     40  sub    0     0   0300    0300
  5142   33030     40  sub    0     0   0300    0300
  5143   33033     40  sub    0     0   0300    0300
  5144   33036     40  sub    0     0   0300    0300
  5145   33039     40  sub    0     0   0300    0300
  5146   33042     40  sub    0     0   0300    0300
  5147   33045     40  sub    0     0   0300    0300
  5148   33048     40  sub    0     0   0300    0300
  5149   33051     40  sub    0     0   0300    0300
  5150   33054     40  sub    0     0   0300    0300
  5151   33057     40  sub    0     0   0300    0300
  5152   33060     40  sub    0     0   0300    0300
  5153   33063     40  sub    0     0   0300    0300
  5154   33066     40  sub    0     0   0300    0300
  5155   33069     40  sub    0     0   0300    0300
  5156   33072     40  sub    0     0   0300    0300
  5157   33075     40  sub    0     0   0300    0300
  5158   33078     40  sub    0     0   0300    0300
  5159   33081     40  sub    0     0   0300    0300
  5160   33084     40  sub    0     0   0300    0300
  5161   33087     40  sub    0     0   0300    0300
  5162   33090     40  sub    0     0   0300    0300
  5163   33093     40  sub    0     0   0300    0300
  5164   33096     40  sub    0     0   0300    0300
  5165   33099     40  sub    0     0   0300    0300
  5166   33102     40  sub    0     0   0300    0300
  5167   33105     40  sub    0     0   0300    0300
  5168   33108     40  sub    0     0   0300    0300
  5169   33111     40  sub    0     0   0300    0300
  5170   33114     40  sub    0     0   0300    0300
  5171   33117     40  sub    0     0   0300    0300
  5172   33120     40  sub    0     0   0300    0300
  5173   33123     40  sub    0     0   0300    0300
  5174   33126     40  sub    0     0   0300    0300
  5175   33129     40  sub    0     0   0300    0300
  5176   33132     40  sub    0     0   0300    0300
  5177   33135     40  sub    0     0   0300    0300
  5178   33138     40  sub    0     0   0300    0300
  5179   33141     40  sub    0     0   0300    0300
  5180   33144     40  sub    0     0   0300    0300
  5181   33147     40  sub    0     0   0300    0300
  5182   33150     40  sub    0     0   0300    0300
  5183   33153     40  sub    0     0   0300    0300
  5184   33156     40  sub    0     0   0300    0300
  5185   33159     40  sub    0     0   0300    0300
  5186   33162     40  sub    0     0   0300    0300
  5187   33165     40  sub    0     0   0300    0300
  5188   33168     40  sub    0     0   0300    0300
  5189   33171     40  sub    0     0   0300    0300
  5190   33174     40  sub    0     0   0300    0300
  5191   33177     40  sub    0     0   0300    0300
  5192   33180     40  sub    0     0   0300    0300
  5193   33183     40  sub    0     0   0300    0300
  5194   33186     40  sub    0     0   0300    0300
  5195   33189     40  sub    0     0   0300    0300
  5196   33192     40  sub    0     0   0300    0300
  5197   33195     40  sub    0     0   0300    0300
  5198   33198     40  sub    0     0   0300    0300
  5199   33201     40  sub    0     0   0300    0300
  5200   33204     40  sub    0     0   0300    0300
  5201   33207     40  sub    0     0   0300    0300
  5202   33210     40  sub    0     0   0300    0300
  5203   33213     40  sub    0     0   0300    0300
  5204   33216     40  sub    0     0   0300    0300
  5205   33219     40  sub    0     0   0300    0300
  5206   33222     40  sub    0     0   0300    0300
  5207   33225     40  sub    0     0   0300    0300
  5208   33228     40  sub    0     0   0300    0300
  5209   33231     40  sub    0     0   0300    0300
  5210   33234     40  sub    0     0   0300    0300
  5211   33237     40  sub    0     0   0300    0300
  5212   33240     40  sub    0     0   0300    0300
  5213   33243     40  sub    0     0   0300    0300
  5214   33246     40  sub    0     0   0300    0300
  5215   33249     40  sub    0     0   0300    0300
  5216   33252     40  sub    0     0   0300    0300
  5217   33255     40  sub    0     0   0300    0300
  5218   33258     40  sub    0     0   0300    0300
  5219   33261     40  sub    0     0   0300    0300
  5220   33264     40  sub    0     0   0300    0300
  5221   33267     40  sub    0     0   0300    0300
  5222   33270     40  sub    0     0   0300    0300
  5223   33273     40  sub    0     0   0300    0300
  5224   33276     40  sub    0     0   0300    0300
  5225   33279     40  sub    0     0   0300    0300
  5226   33282     40  sub    0     0   0300    0300
  5227   33285     40  sub    0     0   0300    0300
  5228   33288     40  sub    0     0   0300    0300
  5229   33291     40  sub    0     0   0300    0300
  5230   33294     40  sub    0     0   0300    0300
  5231   33297     40  sub    0     0   0300    0300
  5232   33300     40  sub    0     0   0300    0300
  5233   33303     40  sub    0     0   0300    0300
  5234   33306     40  sub    0     0   0300    0300
  5235   33309     40  sub    0     0   0300    0300
  5236   33312     40  sub    0     0   0300    0300
  5237   33315     40  sub    0     0   0300    0300
  5238   33318     40  sub    0     0   0300    0300
  5239   33321     40  sub    0     0   0300    0300
  5240   33324     40  sub    0     0   0300    0300
  5241   33327     40  sub    0     0   0300    0300
  5242   33330     40  sub    0     0   0300    0300
  5243   33333     40  sub    0     0   0300    0300
  5244   33336     40  sub    0     0   0300    0300
  5245   33339     40  sub    0     0   0300    0300
  5246   33342     40  sub    0     0   0300    0300
  5247   33345     40  sub    0     0   0300    0300
  5248   33348     40  sub    0     0   0300    0300
  5249   33351     40  sub    0     0   0300    0300
  5250   33354     40  sub    0     0   0300    0300
  5251   33357     40  sub    0     0   0300    0300
  5252   33360     40  sub    0     0   0300    0300
  5253   33363     40  sub    0     0   0300    0300
  5254   33366     40  sub    0     0   0300    0300
  5255   33369     40  sub    0     0   0300    0300
  5256   33372     40  sub    0     0   0300    0300
  5257   33375     40  sub    0     0   0300    0300
  5258   33378     40  sub    0     0   0300    0300
  5259   33381     40  sub    0     0   0300    0300
  5260   33384     40  sub    0     0   0300    0300
  5261   33387     40  sub    0     0   0300    0300
  5262   33390     40  sub    0     0   0300    0300
  5263   33393     40  sub    0     0   0300    0300
  5264   33396     40  sub    0     0   0300    0300
  5265   33399     40  sub    0     0   0300    0300
  5266   33402     40  sub    0     0   0300    0300
  5267   33405     40  sub    0     0   0300    0300
  5268   33408     40  sub    0     0   0300    0300
  5269   33411     40  sub    0     0   0300    0300
  5270   33414     40  sub    0     0   0300    0300
  5271   33417     40  sub    0     0   0300    0300
  5272   33420     40  sub    0     0   0300    0300
  5273   33423     40  sub    0     0   0300    0300
  5274   33426     40  sub    0     0   0300    0300
  5275   33429     40  sub    0     0   0300    0300
  5276   33432     40  sub    0     0   0300    0300
  5277   33435     40  sub    0     0   0300    0300
  5278   33438     40  sub    0     0   0300    0300
  5279   33441     40  sub    0     0   0300    0300
  5280   33444     40  sub    0     0   0300    0300
  5281   33447     40  sub    0     0   0300    0300
  5282   33450     40  sub    0     0   0300    0300
  5283   33453     40  sub    0     0   0300    0300
  5284   33456     40  sub    0     0   0300    0300
  5285   33459     40  sub    0     0   0300    0300
  5286   33462     40  sub    0     0   0300    0300
  5287   33465     40  sub    0     0   0300    0300
  5288   33468     40  sub    0     0   0300    0300
  5289   33471     40  sub    0     0   0300    0300
  5290   33474     40  sub    0     0   0300    0300
  5291   33477     40  sub    0     0   0300    0300
  5292   33480     40  sub    0     0   0300    0300
  5293   33483     40  sub    0     0   0300    0300
  5294   33486     40  sub    0     0   0300    0300
  5295   33489     40  sub    0     0   0300    0300
  5296   33492     40  sub    0     0   0300    0300
  5297   33495     40  sub    0     0   0300    0300
  5298   33498     40  sub    0     0   0300    0300
  5299   33501     40  sub    0     0   0300    0300
  5300   33504     40  sub    0     0   0300    0300
  5301   33507     40  sub    0     0   0300    0300
  5302   33510     40  sub    0     0   0300    0300
  5303   33513     40  sub    0     0   0300    0300
  5304   33516     40  sub    0     0   0300    0300
  5305   33519     40  sub    0     0   0300    0300
  5306   33522     40  sub    0     0   0300    0300
  5307   33525     40  sub    0     0   0300    0300
  5308   33528     40  sub    0     0   0300    0300
  5309   33531     40  sub    0     0   0300    0300
  5310   33534     40  sub    0     0   0300    0300
  5311   33537     40  sub    0     0   0300    0300
  5312   33540     40  sub    0     0   0300    0300
  5313   33543     40  sub    0     0   0300    0300
  5314   33546     40  sub    0     0   0300    0300
  5315   33549     40  sub    0     0   0300    0300
  5316   33552     40  sub    0     0   0300    0300
  5317   33555     40  sub    0     0   0300    0300
  5318   33558     40  sub    0     0   0300    0300
  5319   33561     40  sub    0     0   0300    0300
  5320   33564     40  sub    0     0   0300    0300
  5321   33567     40  sub    0     0   0300    0300
  5322   33570     40  sub    0     0   0300    0300
  5323   33573     40  sub    0     0   0300    0300
  5324   33576     40  sub    0     0   0300    0300
  5325   33579     40  sub    0     0   0300    0300
  5326   33582     40  sub    0     0   0300    0300
  5327   33585     40  sub    0     0   0300    0300
  5328   33588     40  sub    0     0   0300    0300
  5329   33591     40  sub    0     0   0300    0300
  5330   33594     40  sub    0     0   0300    0300
  5331   33597     40  sub    0     0   0300    0300
  5332   33600     40  sub    0     0   0300    0300
  5333   33603     40  sub    0     0   0300    0300
  5334   33606     40  sub    0     0   0300    0300
  5335   33609     40  sub    0     0   0300    0300
  5336   33612     40  sub    0     0   0300    0300
  5337   33615     40  sub    0     0   0300    0300
  5338   33618     40  sub    0     0   0300    0300
  5339   33621     40  sub    0     0   0300    0300
  5340   33624     40  sub    0     0   0300    0300
  5341   33627     40  sub    0     0   0300    0300
  5342   33630     40  sub    0     0   0300    0300
  5343   33633     40  sub    0     0   0300    0300
  5344   33636     40  sub    0     0   0300    0300
  5345   33639     40  sub    0     0   0300    0300
  5346   33642     40  sub    0     0   0300    0300
  5347   33645     40  sub    0     0   0300    0300
  5348   33648     40  sub    0     0   0300    0300
  5349   33651     40  sub    0     0   0300    0300
  5350   33654     40  sub    0     0   0300    0300
  5351   33657     40  sub    0     0   0300    0300
  5352   33660     40  sub    0     0   0300    0300
  5353   33663     40  sub    0     0   0300    0300
  5354   33666     40  sub    0     0   0300    0300
  5355   33669     40  sub    0     0   0300    0300
  5356   33672     40  sub    0     0   0300    0300
  5357   33675     40  sub    0     0   0300    0300
  5358   33678     40  sub    0     0   0300    0300
  5359   33681     40  sub    0     0   0300    0300
  5360   33684     40  sub    0     0   0300    0300
  5361   33687     40  sub    0     0   0300    0300
  5362   33690     40  sub    0     0   0300    0300
  5363   33693     40  sub    0     0   0300    0300
  5364   33696     40  sub    0     0   0300    0300
  5365   33699     40  sub    0     0   0300    0300
  5366   33702     40  sub    0     0   0300    0300
  5367   33705     40  sub    0     0   0300    0300
  5368   33708     40  sub    0     0   0300    0300
  5369   33711     40  sub    0     0   0300    0300
  5370   33714     40  sub    0     0   0300    0300
  5371   33717     40  sub    0     0   0300    0300
  5372   33720     40  sub    0     0   0300    0300
  5373   33723     40  sub    0     0   0300    0300
  5374   33726     40  sub    0     0   0300    0300
  5375   33729     40  sub    0     0   0300    0300
  5376   33732     40  sub    0     0   0300    0300
  5377   33735     40  sub    0     0   0300    0300
  5378   33738     40  sub    0     0   0300    0300
  5379   33741     40  sub    0     0   0300    0300
  5380   33744     40  sub    0     0   0300    0300
  5381   33747     40  sub    0     0   0300    0300
  5382   33750     40  sub    0     0   0300    0300
  5383   33753     40  sub    0     0   0300    0300
  5384   33756     40  sub    0     0   0300    0300
  5385   33759     40  sub    0     0   0300    0300
  5386   33762     40  sub    0     0   0300    0300
  5387   33765     40  sub    0     0   0300    0300
  5388   33768     40  sub    0     0   0300    0300
  5389   33771     40  sub    0     0   0300    0300
  5390   33774     40  sub    0     0   0300    0300
  5391   33777     40  sub    0     0   0300    0300
  5392   33780     40  sub    0     0   0300    0300
  5393   33783     40  sub    0     0   0300    0300
  5394   33786     40  sub    0     0   0300    0300
  5395   33789     40  sub    0     0   0300    0300
  5396   33792     40  sub    0     0   0300    0300
  5397   33795     40  sub    0     0   0300    0300
  5398   33798     40  sub    0     0   0300    0300
  5399   33801     40  sub    0     0   0300    0300
  5400   33804     40  sub    0     0   0300    0300
  5401   33807     40  sub    0     0   0300    0300
  5402   33810     40  sub    0     0   0300    0300
  5403   33813     40  sub    0     0   0300    0300
  5404   33816     40  sub    0     0   0300    0300
  5405   33819     40  sub    0     0   0300    0300
  5406   33822     40  sub    0     0   0300    0300
  5407   33825     40  sub    0     0   0300    0300
  5408   33828     40  sub    0     0   0300    0300
  5409   33831     40  sub    0     0   0300    0300
  5410   33834     40  sub    0     0   0300    0300
  5411   33837     40  sub    0     0   0300    0300
  5412   33840     40  sub    0     0   0300    0300
  5413   33843     40  sub    0     0   0300    0300
  5414   33846     40  sub    0     0   0300    0300
  5415   33849     40  sub    0     0   0300    0300
  5416   33852     40  sub    0     0   0300    0300
  5417   33855     40  sub    0     0   0300    0300
  5418   33858     40  sub    0     0   0300    0300
  5419   33861     40  sub    0     0   0300    0300
  5420   33864     40  sub    0     0   0300    0300
  5421   33867     40  sub    0     0   0300    0300
  5422   33870     40  sub    0     0   0300    0300
  5423   33873     40  sub    0     0   0300    0300
  5424   33876     40  sub    0     0   0300    0300
  5425   33879     40  sub    0     0   0300    0300
  5426   33882     40  sub    0     0   0300    0300
  5427   33885     40  sub    0     0   0300    0300
  5428   33888     40  sub    0     0   0300    0300
  5429   33891     40  sub    0     0   0300    0300
  5430   33894     40  sub    0     0   0300    0300
  5431   33897     40  sub    0     0   0300    0300
  5432   33900     40  sub    0     0   0300    0300
  5433   33903     40  sub    0     0   0300    0300
  5434   33906     40  sub    0     0   0300    0300
  5435   33909     40  sub    0     0   0300    0300
  5436   33912     40  sub    0     0   0300    0300
  5437   33915     40  sub    0     0   0300    0300
  5438   33918     40  sub    0     0   0300    0300
  5439   33921     40  sub    0     0   0300    0300
  5440   33924     40  sub    0     0   0300    0300
  5441   33927     40  sub    0     0   0300    0300
  5442   33930     40  sub    0     0   0300    0300
  5443   33933     40  sub    0     0   0300    0300
  5444   33936     40  sub    0     0   0300    0300
  5445   33939     40  sub    0     0   0300    0300
  5446   33942     40  sub    0     0   0300    0300
  5447   33945     40  sub    0     0   0300    0300
  5448   33948     40  sub    0     0   0300    0300
  5449   33951     40  sub    0     0   0300    0300
  5450   33954     40  sub    0     0   0300    0300
  5451   33957     40  sub    0     0   0300    0300
  5452   33960     40  sub    0     0   0300    0300
  5453   33963     40  sub    0     0   0300    0300
  5454   33966     40  sub    0     0   0300    0300
  5455   33969     40  sub    0     0   0300    0300
  5456   33972     40  sub    0     0   0300    0300
  5457   33975     40  sub    0     0   0300    0300
  5458   33978     40  sub    0     0   0300    0300
  5459   33981     40  sub    0     0   0300    0300
  5460   33984     40  sub    0     0   0300    0300
  5461   33987     40  sub    0     0   0300    0300
  5462   33990     40  sub    0     0   0300    0300
  5463   33993     40  sub    0     0   0300    0300
  5464   33996     40  sub    0     0   0300    0300
  5465   33999     40  sub    0     0   0300    0300
  5466   34002     40  sub    0     0   0300    0300
  5467   34005     40  sub    0     0   0300    0300
  5468   34008     40  sub    0     0   0300    0300
  5469   34011     40  sub    0     0   0300    0300
  5470   34014     40  sub    0     0   0300    0300
  5471   34017     40  sub    0     0   0300    0300
  5472   34020     40  sub    0     0   0300    0300
  5473   34023     40  sub    0     0   0300    0300
  5474   34026     40  sub    0     0   0300    0300
  5475   34029     40  sub    0     0   0300    0300
  5476   34032     40  sub    0     0   0300    0300
  5477   34035     40  sub    0     0   0300    0300
  5478   34038     40  sub    0     0   0300    0300
  5479   34041     40  sub    0     0   0300    0300
  5480   34044     40  sub    0     0   0300    0300
  5481   34047     40  sub    0     0   0300    0300
  5482   34050     40  sub    0     0   0300    0300
  5483   34053     40  sub    0     0   0300    0300
  5484   34056     40  sub    0     0   0300    0300
  5485   34059     40  sub    0     0   0300    0300
  5486   34062     40  sub    0     0   0300    0300
  5487   34065     40  sub    0     0   0300    0300
  5488   34068     40  sub    0     0   0300    0300
  5489   34071     40  sub    0     0   0300    0300
  5490   34074     40  sub    0     0   0300    0300
  5491   34077     40  sub    0     0   0300    0300
  5492   34080     40  sub    0     0   0300    0300
  5493   34083     40  sub    0     0   0300    0300
  5494   34086     40  sub    0     0   0300    0300
  5495   34089     40  sub    0     0   0300    0300
  5496   34092     40  sub    0     0   0300    0300
  5497   34095     40  sub    0     0   0300    0300
  5498   34098     40  sub    0     0   0300    0300
  5499   34101     40  sub    0     0   0300    0300
  5500   34104     40  sub    0     0   0300    0300
  5501   34107     40  sub    0     0   0300    0300
  5502   34110     40  sub    0     0   0300    0300
  5503   34113     40  sub    0     0   0300    0300
  5504   34116     40  sub    0     0   0300    0300
  5505   34119     40  sub    0     0   0300    0300
  5506   34122     40  sub    0     0   0300    0300
  5507   34125     40  sub    0     0   0300    0300
  5508   34128     40  sub    0     0   0300    0300
  5509   34131     40  sub    0     0   0300    0300
  5510   34134     40  sub    0     0   0300    0300
  5511   34137     40  sub    0     0   0300    0300
  5512   34140     40  sub    0     0   0300    0300
  5513   34143     40  sub    0     0   0300    0300
  5514   34146     40  sub    0     0   0300    0300
  5515   34149     40  sub    0     0   0300    0300
  5516   34152     40  sub    0     0   0300    0300
  5517   34155     40  sub    0     0   0300    0300
  5518   34158     40  sub    0     0   0300    0300
  5519   34161     40  sub    0     0   0300    0300
  5520   34164     40  sub    0     0   0300    0300
  5521   34167     40  sub    0     0   0300    0300
  5522   34170     40  sub    0     0   0300    0300
  5523   34173     40  sub    0     0   0300    0300
  5524   34176     40  sub    0     0   0300    0300
  5525   34179     40  sub    0     0   0300    0300
  5526   34182     40  sub    0     0   0300    0300
  5527   34185     40  sub    0     0   0300    0300
  5528   34188     40  sub    0     0   0300    0300
  5529   34191     40  sub    0     0   0300    0300
  5530   34194     40  sub    0     0   0300    0300
  5531   34197     40  sub    0     0   0300    0300
  5532   34200     40  sub    0     0   0300    0300
  5533   34203     40  sub    0     0   0300    0300
  5534   34206     40  sub    0     0   0300    0300
  5535   34209     40  sub    0     0   0300    0300
  5536   34212     40  sub    0     0   0300    0300
  5537   34215     40  sub    0     0   0300    0300
  5538   34218     40  sub    0     0   0300    0300
  5539   34221     40  sub    0     0   0300    0300
  5540   34224     40  sub    0     0   0300    0300
  5541   34227     40  sub    0     0   0300    0300
  5542   34230     40  sub    0     0   0300    0300
  5543   34233     40  sub    0     0   0300    0300
  5544   34236     40  sub    0     0   0300    0300
  5545   34239     40  sub    0     0   0300    0300
  5546   34242     40  sub    0     0   0300    0300
  5547   34245     40  sub    0     0   0300    0300
  5548   34248     40  sub    0     0   0300    0300
  5549   34251     40  sub    0     0   0300    0300
  5550   34254     40  sub    0     0   0300    0300
  5551   34257     40  sub    0     0   0300    0300
  5552   34260     40  sub    0     0   0300    0300
  5553   34263     40  sub    0     0   0300    0300
  5554   34266     40  sub    0     0   0300    0300
  5555   34269     40  sub    0     0   0300    0300
  5556   34272     40  sub    0     0   0300    0300
  5557   34275     40  sub    0     0   0300    0300
  5558   34278     40  sub    0     0   0300    0300
  5559   34281     40  sub    0     0   0300    0300
  5560   34284     40  sub    0     0   0300    0300
  5561   34287     40  sub    0     0   0300    0300
  5562   34290     40  sub    0     0   0300    0300
  5563   34293     40  sub    0     0   0300    0300
  5564   34296     40  sub    0     0   0300    0300
  5565   34299     40  sub    0     0   0300    0300
  5566   34302     40  sub    0     0   0300    0300
  5567   34305     40  sub    0     0   0300    0300
  5568   34308     40  sub    0     0   0300    0300
  5569   34311     40  sub    0     0   0300    0300
  5570   34314     40  sub    0     0   0300    0300
  5571   34317     40  sub    0     0   0300    0300
  5572   34320     40  sub    0     0   0300    0300
  5573   34323     40  sub    0     0   0300    0300
  5574   34326     40  sub    0     0   0300    0300
  5575   34329     40  sub    0     0   0300    0300
  5576   34332     40  sub    0     0   0300    0300
  5577   34335     40  sub    0     0   0300    0300
  5578   34338     40  sub    0     0   0300    0300
  5579   34341     40  sub    0     0   0300    0300
  5580   34344     40  sub    0     0   0300    0300
  5581   34347     40  sub    0     0   0300    0300
  5582   34350     40  sub    0     0   0300    0300
  5583   34353     40  sub    0     0   0300    0300
  5584   34356     40  sub    0     0   0300    0300
  5585   34359     40  sub    0     0   0300    0300
  5586   34362     40  sub    0     0   0300    0300
  5587   34365     40  sub    0     0   0300    0300
  5588   34368     40  sub    0     0   0300    0300
  5589   34371     40  sub    0     0   0300    0300
  5590   34374     40  sub    0     0   0300    0300
  5591   34377     40  sub    0     0   0300    0300
  5592   34380     40  sub    0     0   0300    0300
  5593   34383     40  sub    0     0   0300    0300
  5594   34386     40  sub    0     0   0300    0300
  5595   34389     40  sub    0     0   0300    0300
  5596   34392     40  sub    0     0   0300    0300
  5597   34395     40  sub    0     0   0300    0300
  5598   34398     40  sub    0     0   0300    0300
  5599   34401     40  sub    0     0   0300    0300
  5600   34404     40  sub    0     0   0300    0300
  5601   34407     40  sub    0     0   0300    0300
  5602   34410     40  sub    0     0   0300    0300
  5603   34413     40  sub    0     0   0300    0300
  5604   34416     40  sub    0     0   0300    0300
  5605   34419     40  sub    0     0   0300    0300
  5606   34422     40  sub    0     0   0300    0300
  5607   34425     40  sub    0     0   0300    0300
  5608   34428     40  sub    0     0   0300    0300
  5609   34431     40  sub    0     0   0300    0300
  5610   34434     40  sub    0     0   0300    0300
  5611   34437     40  sub    0     0   0300    0300
  5612   34440     40  sub    0     0   0300    0300
  5613   34443     40  sub    0     0   0300    0300
  5614   34446     40  sub    0     0   0300    0300
  5615   34449     40  sub    0     0   0300    0300
  5616   34452     40  sub    0     0   0300    0300
  5617   34455     40  sub    0     0   0300    0300
  5618   34458     40  sub    0     0   0300    0300
  5619   34461     40  sub    0     0   0300    0300
  5620   34464     40  sub    0     0   0300    0300
  5621   34467     40  sub    0     0   0300    0300
  5622   34470     40  sub    0     0   0300    0300
  5623   34473     40  sub    0     0   0300    0300
  5624   34476     40  sub    0     0   0300    0300
  5625   34479     40  sub    0     0   0300    0300
  5626   34482     40  sub    0     0   0300    0300
  5627   34485     40  sub    0     0   0300    0300
  5628   34488     40  sub    0     0   0300    0300
  5629   34491     40  sub    0     0   0300    0300
  5630   34494     40  sub    0     0   0300    0300
  5631   34497     40  sub    0     0   0300    0300
  5632   34500     40  sub    0     0   0300    0300
  5633   34503     40  sub    0     0   0300    0300
  5634   34506     40  sub    0     0   0300    0300
  5635   34509     40  sub    0     0   0300    0300
  5636   34512     40  sub    0     0   0300    0300
  5637   34515     40  sub    0     0   0300    0300
  5638   34518     40  sub    0     0   0300    0300
  5639   34521     40  sub    0     0   0300    0300
  5640   34524     40  sub    0     0   0300    0300
  5641   34527     40  sub    0     0   0300    0300
  5642   34530     40  sub    0     0   0300    0300
  5643   34533     40  sub    0     0   0300    0300
  5644   34536     40  sub    0     0   0300    0300
  5645   34539     40  sub    0     0   0300    0300
  5646   34542     40  sub    0     0   0300    0300
  5647   34545     40  sub    0     0   0300    0300
  5648   34548     40  sub    0     0   0300    0300
  5649   34551     40  sub    0     0   0300    0300
  5650   34554     40  sub    0     0   0300    0300
  5651   34557     40  sub    0     0   0300    0300
  5652   34560     40  sub    0     0   0300    0300
  5653   34563     40  sub    0     0   0300    0300
  5654   34566     40  sub    0     0   0300    0300
  5655   34569     40  sub    0     0   0300    0300
  5656   34572     40  sub    0     0   0300    0300
  5657   34575     40  sub    0     0   0300    0300
  5658   34578     40  sub    0     0   0300    0300
  5659   34581     40  sub    0     0   0300    0300
  5660   34584     40  sub    0     0   0300    0300
  5661   34587     40  sub    0     0   0300    0300
  5662   34590     40  sub    0     0   0300    0300
  5663   34593     40  sub    0     0   0300    0300
  5664   34596     40  sub    0     0   0300    0300
  5665   34599     40  sub    0     0   0300    0300
  5666   34602     40  sub    0     0   0300    0300
  5667   34605     40  sub    0     0   0300    0300
  5668   34608     40  sub    0     0   0300    0300
  5669   34611     40  sub    0     0   0300    0300
  5670   34614     40  sub    0     0   0300    0300
  5671   34617     40  sub    0     0   0300    0300
  5672   34620     40  sub    0     0   0300    0300
  5673   34623     40  sub    0     0   0300    0300
  5674   34626     40  sub    0     0   0300    0300
  5675   34629     40  sub    0     0   0300    0300
  5676   34632     40  sub    0     0   0300    0300
  5677   34635     40  sub    0     0   0300    0300
  5678   34638     40  sub    0     0   0300    0300
  5679   34641     40  sub    0     0   0300    0300
  5680   34644     40  sub    0     0   0300    0300
  5681   34647     40  sub    0     0   0300    0300
  5682   34650     40  sub    0     0   0300    0300
  5683   34653     40  sub    0     0   0300    0300
  5684   34656     40  sub    0     0   0300    0300
  5685   34659     40  sub    0     0   0300    0300
  5686   34662     40  sub    0     0   0300    0300
  5687   34665     40  sub    0     0   0300    0300
  5688   34668     40  sub    0     0   0300    0300
  5689   34671     40  sub    0     0   0300    0300
  5690   34674     40  sub    0     0   0300    0300
  5691   34677     40  sub    0     0   0300    0300
  5692   34680     40  sub    0     0   0300    0300
  5693   34683     40  sub    0     0   0300    0300
  5694   34686     40  sub    0     0   0300    0300
  5695   34689     40  sub    0     0   0300    0300
  5696   34692     40  sub    0     0   0300    0300
  5697   34695     40  sub    0     0   0300    0300
  5698   34698     40  sub    0     0   0300    0300
  5699   34701     40  sub    0     0   0300    0300
  5700   34704     40  sub    0     0   0300    0300
  5701   34707     40  sub    0     0   0300    0300
  5702   34710     40  sub    0     0   0300    0300
  5703   34713     40  sub    0     0   0300    0300
  5704   34716     40  sub    0     0   0300    0300
  5705   34719     40  sub    0     0   0300    0300
  5706   34722     40  sub    0     0   0300    0300
  5707   34725     40  sub    0     0   0300    0300
  5708   34728     40  sub    0     0   0300    0300
  5709   34731     40  sub    0     0   0300    0300
  5710   34734     40  sub    0     0   0300    0300
  5711   34737     40  sub    0     0   0300    0300
  5712   34740     40  sub    0     0   0300    0300
  5713   34743     40  sub    0     0   0300    0300
  5714   34746     40  sub    0     0   0300    0300
  5715   34749     40  sub    0     0   0300    0300
  5716   34752     40  sub    0     0   0300    0300
  5717   34755     40  sub    0     0   0300    0300
  5718   34758     40  sub    0     0   0300    0300
  5719   34761     40  sub    0     0   0300    0300
  5720   34764     40  sub    0     0   0300    0300
  5721   34767     40  sub    0     0   0300    0300
  5722   34770     40  sub    0     0   0300    0300
  5723   34773     40  sub    0     0   0300    0300
  5724   34776     40  sub    0     0   0300    0300
  5725   34779     40  sub    0     0   0300    0300
  5726   34782     40  sub    0     0   0300    0300
  5727   34785     40  sub    0     0   0300    0300
  5728   34788     40  sub    0     0   0300    0300
  5729   34791     40  sub    0     0   0300    0300
  5730   34794     40  sub    0     0   0300    0300
  5731   34797     40  sub    0     0   0300    0300
  5732   34800     40  sub    0     0   0300    0300
  5733   34803     40  sub    0     0   0300    0300
  5734   34806     40  sub    0     0   0300    0300
  5735   34809     40  sub    0     0   0300    0300
  5736   34812     40  sub    0     0   0300    0300
  5737   34815     40  sub    0     0   0300    0300
  5738   34818     40  sub    0     0   0300    0300
  5739   34821     40  sub    0     0   0300    0300
  5740   34824     40  sub    0     0   0300    0300
  5741   34827     40  sub    0     0   0300    0300
  5742   34830     40  sub    0     0   0300    0300
  5743   34833     40  sub    0     0   0300    0300
  5744   34836     40  sub    0     0   0300    0300
  5745   34839     40  sub    0     0   0300    0300
  5746   34842     40  sub    0     0   0300    0300
  5747   34845     40  sub    0     0   0300    0300
  5748   34848     40  sub    0     0   0300    0300
  5749   34851     40  sub    0     0   0300    0300
  5750   34854     40  sub    0     0   0300    0300
  5751   34857     40  sub    0     0   0300    0300
  5752   34860     40  sub    0     0   0300    0300
  5753   34863     40  sub    0     0   0300    0300
  5754   34866     40  sub    0     0   0300    0300
  5755   34869     40  sub    0     0   0300    0300
  5756   34872     40  sub    0     0   0300    0300
  5757   34875     40  sub    0     0   0300    0300
  5758   34878     40  sub    0     0   0300    0300
  5759   34881     40  sub    0     0   0300    0300
  5760   34884     40  sub    0     0   0300    0300
  5761   34887     40  sub    0     0   0300    0300
  5762   34890     40  sub    0     0   0300    0300
  5763   34893     40  sub    0     0   0300    0300
  5764   34896     40  sub    0     0   0300    0300
  5765   34899     40  sub    0     0   0300    0300
  5766   34902     40  sub    0     0   0300    0300
  5767   34905     40  sub    0     0   0300    0300
  5768   34908     40  sub    0     0   0300    0300
  5769   34911     40  sub    0     0   0300    0300
  5770   34914     40  sub    0     0   0300    0300
  5771   34917     40  sub    0     0   0300    0300
  5772   34920     40  sub    0     0   0300    0300
  5773   34923     40  sub    0     0   0300    0300
  5774   34926     40  sub    0     0   0300    0300
  5775   34929     40  sub    0     0   0300    0300
  5776   34932     40  sub    0     0   0300    0300
  5777   34935     40  sub    0     0   0300    0300
  5778   34938     40  sub    0     0   0300    0300
  5779   34941     40  sub    0     0   0300    0300
  5780   34944     40  sub    0     0   0300    0300
  5781   34947     40  sub    0     0   0300    0300
  5782   34950     40  sub    0     0   0300    0300
  5783   34953     40  sub    0     0   0300    0300
  5784   34956     40  sub    0     0   0300    0300
  5785   34959     40  sub    0     0   0300    0300
  5786   34962     40  sub    0     0   0300    0300
  5787   34965     40  sub    0     0   0300    0300
  5788   34968     40  sub    0     0   0300    0300
  5789   34971     40  sub    0     0   0300    0300
  5790   34974     40  sub    0     0   0300    0300
  5791   34977     40  sub    0     0   0300    0300
  5792   34980     40  sub    0     0   0300    0300
  5793   34983     40  sub    0     0   0300    0300
  5794   34986     40  sub    0     0   0300    0300
  5795   34989     40  sub    0     0   0300    0300
  5796   34992     40  sub    0     0   0300    0300
  5797   34995     40  sub    0     0   0300    0300
  5798   34998     40  sub    0     0   0300    0300
  5799   35001     40  sub    0     0   0300    0300
  5800   35004     40  sub    0     0   0300    0300
  5801   35007     40  sub    0     0   0300    0300
  5802   35010     40  sub    0     0   0300    0300
  5803   35013     40  sub    0     0   0300    0300
  5804   35016     40  sub    0     0   0300    0300
  5805   35019     40  sub    0     0   0300    0300
  5806   35022     40  sub    0     0   0300    0300
  5807   35025     40  sub    0     0   0300    0300
  5808   35028     40  sub    0     0   0300    0300
  5809   35031     40  sub    0     0   0300    0300
  5810   35034     40  sub    0     0   0300    0300
  5811   35037     40  sub    0     0   0300    0300
  5812   35040     40  sub    0     0   0300    0300
  5813   35043     40  sub    0     0   0300    0300
  5814   35046     40  sub    0     0   0300    0300
  5815   35049     40  sub    0     0   0300    0300
  5816   35052     40  sub    0     0   0300    0300
  5817   35055     40  sub    0     0   0300    0300
  5818   35058     40  sub    0     0   0300    0300
  5819   35061     40  sub    0     0   0300    0300
  5820   35064     40  sub    0     0   0300    0300
  5821   35067     40  sub    0     0   0300    0300
  5822   35070     40  sub    0     0   0300    0300
  5823   35073     40  sub    0     0   0300    0300
  5824   35076     40  sub    0     0   0300    0300
  5825   35079     40  sub    0     0   0300    0300
  5826   35082     40  sub    0     0   0300    0300
  5827   35085     40  sub    0     0   0300    0300
  5828   35088     40  sub    0     0   0300    0300
  5829   35091     40  sub    0     0   0300    0300
  5830   35094     40  sub    0     0   0300    0300
  5831   35097     40  sub    0     0   0300    0300
  5832   35100     40  sub    0     0   0300    0300
  5833   35103     40  sub    0     0   0300    0300
  5834   35106     40  sub    0     0   0300    0300
  5835   35109     40  sub    0     0   0300    0300
  5836   35112     40  sub    0     0   0300    0300
  5837   35115     40  sub    0     0   0300    0300
  5838   35118     40  sub    0     0   0300    0300
  5839   35121     40  sub    0     0   0300    0300
  5840   35124     40  sub    0     0   0300    0300
  5841   35127     40  sub    0     0   0300    0300
  5842   35130     40  sub    0     0   0300    0300
  5843   35133     40  sub    0     0   0300    0300
  5844   35136     40  sub    0     0   0300    0300
  5845   35139     40  sub    0     0   0300    0300
  5846   35142     40  sub    0     0   0300    0300
  5847   35145     40  sub    0     0   0300    0300
  5848   35148     40  sub    0     0   0300    0300
  5849   35151     40  sub    0     0   0300    0300
  5850   35154     40  sub    0     0   0300    0300
  5851   35157     40  sub    0     0   0300    0300
  5852   35160     40  sub    0     0   0300    0300
  5853   35163     40  sub    0     0   0300    0300
  5854   35166     40  sub    0     0   0300    0300
  5855   35169     40  sub    0     0   0300    0300
  5856   35172     40  sub    0     0   0300    0300
  5857   35175     40  sub    0     0   0300    0300
  5858   35178     40  sub    0     0   0300    0300
  5859   35181     40  sub    0     0   0300    0300
  5860   35184     40  sub    0     0   0300    0300
  5861   35187     40  sub    0     0   0300    0300
  5862   35190     40  sub    0     0   0300    0300
  5863   35193     40  sub    0     0   0300    0300
  5864   35196     40  sub    0     0   0300    0300
  5865   35199     40  sub    0     0   0300    0300
  5866   35202     40  sub    0     0   0300    0300
  5867   35205     40  sub    0     0   0300    0300
  5868   35208     40  sub    0     0   0300    0300
  5869   35211     40  sub    0     0   0300    0300
  5870   35214     40  sub    0     0   0300    0300
  5871   35217     40  sub    0     0   0300    0300
  5872   35220     40  sub    0     0   0300    0300
  5873   35223     40  sub    0     0   0300    0300
  5874   35226     40  sub    0     0   0300    0300
  5875   35229     40  sub    0     0   0300    0300
  5876   35232     40  sub    0     0   0300    0300
  5877   35235     40  sub    0     0   0300    0300
  5878   35238     40  sub    0     0   0300    0300
  5879   35241     40  sub    0     0   0300    0300
  5880   35244     40  sub    0     0   0300    0300
  5881   35247     40  sub    0     0   0300    0300
  5882   35250     40  sub    0     0   0300    0300
  5883   35253     40  sub    0     0   0300    0300
  5884   35256     40  sub    0     0   0300    0300
  5885   35259     40  sub    0     0   0300    0300
  5886   35262     40  sub    0     0   0300    0300
  5887   35265     40  sub    0     0   0300    0300
  5888   35268     40  sub    0     0   0300    0300
  5889   35271     40  sub    0     0   0300    0300
  5890   35274     40  sub    0     0   0300    0300
  5891   35277     40  sub    0     0   0300    0300
  5892   35280     40  sub    0     0   0300    0300
  5893   35283     40  sub    0     0   0300    0300
  5894   35286     40  sub    0     0   0300    0300
  5895   35289     40  sub    0     0   0300    0300
  5896   35292     40  sub    0     0   0300    0300
  5897   35295     40  sub    0     0   0300    0300
  5898   35298     40  sub    0     0   0300    0300
  5899   35301     40  sub    0     0   0300    0300
  5900   35304     40  sub    0     0   0300    0300
  5901   35307     40  sub    0     0   0300    0300
  5902   35310     40  sub    0     0   0300    0300
  5903   35313     40  sub    0     0   0300    0300
  5904   35316     40  sub    0     0   0300    0300
  5905   35319     40  sub    0     0   0300    0300
  5906   35322     40  sub    0     0   0300    0300
  5907   35325     40  sub    0     0   0300    0300
  5908   35328     40  sub    0     0   0300    0300
  5909   35331     40  sub    0     0   0300    0300
  5910   35334     40  sub    0     0   0300    0300
  5911   35337     40  sub    0     0   0300    0300
  5912   35340     40  sub    0     0   0300    0300
  5913   35343     40  sub    0     0   0300    0300
  5914   35346     40  sub    0     0   0300    0300
  5915   35349     40  sub    0     0   0300    0300
  5916   35352     40  sub    0     0   0300    0300
  5917   35355     40  sub    0     0   0300    0300
  5918   35358     40  sub    0     0   0300    0300
  5919   35361     40  sub    0     0   0300    0300
  5920   35364     40  sub    0     0   0300    0300
  5921   35367     40  sub    0     0   0300    0300
  5922   35370     40  sub    0     0   0300    0300
  5923   35373     40  sub    0     0   0300    0300
  5924   35376     40  sub    0     0   0300    0300
  5925   35379     40  sub    0     0   0300    0300
  5926   35382     40  sub    0     0   0300    0300
  5927   35385     40  sub    0     0   0300    0300
  5928   35388     40  sub    0     0   0300    0300
  5929   35391     40  sub    0     0   0300    0300
  5930   35394     40  sub    0     0   0300    0300
  5931   35397     40  sub    0     0   0300    0300
  5932   35400     40  sub    0     0   0300    0300
  5933   35403     40  sub    0     0   0300    0300
  5934   35406     40  sub    0     0   0300    0300
  5935   35409     40  sub    0     0   0300    0300
  5936   35412     40  sub    0     0   0300    0300
  5937   35415     40  sub    0     0   0300    0300
  5938   35418     40  sub    0     0   0300    0300
  5939   35421     40  sub    0     0   0300    0300
  5940   35424     40  sub    0     0   0300    0300
  5941   35427     40  sub    0     0   0300    0300
  5942   35430     40  sub    0     0   0300    0300
  5943   35433     40  sub    0     0   0300    0300
  5944   35436     40  sub    0     0   0300    0300
  5945   35439     40  sub    0     0   0300    0300
  5946   35442     40  sub    0     0   0300    0300
  5947   35445     40  sub    0     0   0300    0300
  5948   35448     40  sub    0     0   0300    0300
  5949   35451     40  sub    0     0   0300    0300
  5950   35454     40  sub    0     0   0300    0300
  5951   35457     40  sub    0     0   0300    0300
  5952   35460     40  sub    0     0   0300    0300
  5953   35463     40  sub    0     0   0300    0300
  5954   35466     40  sub    0     0   0300    0300
  5955   35469     40  sub    0     0   0300    0300
  5956   35472     40  sub    0     0   0300    0300
  5957   35475     40  sub    0     0   0300    0300
  5958   35478     40  sub    0     0   0300    0300
  5959   35481     40  sub    0     0   0300    0300
  5960   35484     40  sub    0     0   0300    0300
  5961   35487     40  sub    0     0   0300    0300
  5962   35490     40  sub    0     0   0300    0300
  5963   35493     40  sub    0     0   0300    0300
  5964   35496     40  sub    0     0   0300    0300
  5965   35499     40  sub    0     0   0300    0300
  5966   35502     40  sub    0     0   0300    0300
  5967   35505     40  sub    0     0   0300    0300
  5968   35508     40  sub    0     0   0300    0300
  5969   35511     40  sub    0     0   0300    0300
  5970   35514     40  sub    0     0   0300    0300
  5971   35517     40  sub    0     0   0300    0300
  5972   35520     40  sub    0     0   0300    0300
  5973   35523     40  sub    0     0   0300    0300
  5974   35526     40  sub    0     0   0300    0300
  5975   35529     40  sub    0     0   0300    0300
  5976   35532     40  sub    0     0   0300    0300
  5977   35535     40  sub    0     0   0300    0300
  5978   35538     40  sub    0     0   0300    0300
  5979   35541     40  sub    0     0   0300    0300
  5980   35544     40  sub    0     0   0300    0300
  5981   35547     40  sub    0     0   0300    0300
  5982   35550     40  sub    0     0   0300    0300
  5983   35553     40  sub    0     0   0300    0300
  5984   35556     40  sub    0     0   0300    0300
  5985   35559     40  sub    0     0   0300    0300
  5986   35562     40  sub    0     0   0300    0300
  5987   35565     40  sub    0     0   0300    0300
  5988   35568     40  sub    0     0   0300    0300
  5989   35571     40  sub    0     0   0300    0300
  5990   35574     40  sub    0     0   0300    0300
  5991   35577     40  sub    0     0   0300    0300
  5992   35580     40  sub    0     0   0300    0300
  5993   35583     40  sub    0     0   0300    0300
  5994   35586     40  sub    0     0   0300    0300
  5995   35589     40  sub    0     0   0300    0300
  5996   35592     40  sub    0     0   0300    0300
  5997   35595     40  sub    0     0   0300    0300
  5998   35598     40  sub    0     0   0300    0300
  5999   35601     40  sub    0     0   0300    0300
  6000   35604     40  sub    0     0   0300    0300
  6001   35607     40  sub    0     0   0300    0300
  6002   35610     40  sub    0     0   0300    0300
  6003   35613     40  sub    0     0   0300    0300
  6004   35616     40  sub    0     0   0300    0300
  6005   35619     40  sub    0     0   0300    0300
  6006   35622     40  sub    0     0   0300    0300
  6007   35625     40  sub    0     0   0300    0300
  6008   35628     40  sub    0     0   0300    0300
  6009   35631     40  sub    0     0   0300    0300
  6010   35634     40  sub    0     0   0300    0300
  6011   35637     40  sub    0     0   0300    0300
  6012   35640     40  sub    0     0   0300    0300
  6013   35643     40  sub    0     0   0300    0300
  6014   35646     40  sub    0     0   0300    0300
  6015   35649     40  sub    0     0   0300    0300
  6016   35652     40  sub    0     0   0300    0300
  6017   35655     40  sub    0     0   0300    0300
  6018   35658     40  sub    0     0   0300    0300
  6019   35661     40  sub    0     0   0300    0300
  6020   35664     40  sub    0     0   0300    0300
  6021   35667     40  sub    0     0   0300    0300
  6022   35670     40  sub    0     0   0300    0300
  6023   35673     40  sub    0     0   0300    0300
  6024   35676     40  sub    0     0   0300    0300
  6025   35679     40  sub    0     0   0300    0300
  6026   35682     40  sub    0     0   0300    0300
  6027   35685     40  sub    0     0   0300    0300
  6028   35688     40  sub    0     0   0300    0300
  6029   35691     40  sub    0     0   0300    0300
  6030   35694     40  sub    0     0   0300    0300
  6031   35697     40  sub    0     0   0300    0300
  6032   35700     40  sub    0     0   0300    0300
  6033   35703     40  sub    0     0   0300    0300
  6034   35706     40  sub    0     0   0300    0300
  6035   35709     40  sub    0     0   0300    0300
  6036   35712     40  sub    0     0   0300    0300
  6037   35715     40  sub    0     0   0300    0300
  6038   35718     40  sub    0     0   0300    0300
  6039   35721     40  sub    0     0   0300    0300
  6040   35724     40  sub    0     0   0300    0300
  6041   35727     40  sub    0     0   0300    0300
  6042   35730     40  sub    0     0   0300    0300
  6043   35733     40  sub    0     0   0300    0300
  6044   35736     40  sub    0     0   0300    0300
  6045   35739     40  sub    0     0   0300    0300
  6046   35742     40  sub    0     0   0300    0300
  6047   35745     40  sub    0     0   0300    0300
  6048   35748     40  sub    0     0   0300    0300
  6049   35751     40  sub    0     0   0300    0300
  6050   35754     40  sub    0     0   0300    0300
  6051   35757     40  sub    0     0   0300    0300
  6052   35760     40  sub    0     0   0300    0300
  6053   35763     40  sub    0     0   0300    0300
  6054   35766     40  sub    0     0   0300    0300
  6055   35769     40  sub    0     0   0300    0300
  6056   35772     40  sub    0     0   0300    0300
  6057   35775     40  sub    0     0   0300    0300
  6058   35778     40  sub    0     0   0300    0300
  6059   35781     40  sub    0     0   0300    0300
  6060   35784     40  sub    0     0   0300    0300
  6061   35787     40  sub    0     0   0300    0300
  6062   35790     40  sub    0     0   0300    0300
  6063   35793     40  sub    0     0   0300    0300
  6064   35796     40  sub    0     0   0300    0300
  6065   35799     40  sub    0     0   0300    0300
  6066   35802     40  sub    0     0   0300    0300
  6067   35805     40  sub    0     0   0300    0300
  6068   35808     40  sub    0     0   0300    0300
  6069   35811     40  sub    0     0   0300    0300
  6070   35814     40  sub    0     0   0300    0300
  6071   35817     40  sub    0     0   0300    0300
  6072   35820     40  sub    0     0   0300    0300
  6073   35823     40  sub    0     0   0300    0300
  6074   35826     40  sub    0     0   0300    0300
  6075   35829     40  sub    0     0   0300    0300
  6076   35832     40  sub    0     0   0300    0300
  6077   35835     40  sub    0     0   0300    0300
  6078   35838     40  sub    0     0   0300    0300
  6079   35841     40  sub    0     0   0300    0300
  6080   35844     40  sub    0     0   0300    0300
  6081   35847     40  sub    0     0   0300    0300
  6082   35850     40  sub    0     0   0300    0300
  6083   35853     40  sub    0     0   0300    0300
  6084   35856     40  sub    0     0   0300    0300
  6085   35859     40  sub    0     0   0300    0300
  6086   35862     40  sub    0     0   0300    0300
  6087   35865     40  sub    0     0   0300    0300
  6088   35868     40  sub    0     0   0300    0300
  6089   35871     40  sub    0     0   0300    0300
  6090   35874     40  sub    0     0   0300    0300
  6091   35877     40  sub    0     0   0300    0300
  6092   35880     40  sub    0     0   0300    0300
  6093   35883     40  sub    0     0   0300    0300
  6094   35886     40  sub    0     0   0300    0300
  6095   35889     40  sub    0     0   0300    0300
  6096   35892     40  sub    0     0   0300    0300
  6097   35895     40  sub    0     0   0300    0300
  6098   35898     40  sub    0     0   0300    0300
  6099   35901     40  sub    0     0   0300    0300
  6100   35904     40  sub    0     0   0300    0300
  6101   35907     40  sub    0     0   0300    0300
  6102   35910     40  sub    0     0   0300    0300
  6103   35913     40  sub    0     0   0300    0300
  6104   35916     40  sub    0     0   0300    0300
  6105   35919     40  sub    0     0   0300    0300
  6106   35922     40  sub    0     0   0300    0300
  6107   35925     40  sub    0     0   0300    0300
  6108   35928     40  sub    0     0   0300    0300
  6109   35931     40  sub    0     0   0300    0300
  6110   35934     40  sub    0     0   0300    0300
  6111   35937     40  sub    0     0   0300    0300
  6112   35940     40  sub    0     0   0300    0300
  6113   35943     40  sub    0     0   0300    0300
  6114   35946     40  sub    0     0   0300    0300
  6115   35949     40  sub    0     0   0300    0300
  6116   35952     40  sub    0     0   0300    0300
  6117   35955     40  sub    0     0   0300    0300
  6118   35958     40  sub    0     0   0300    0300
  6119   35961     40  sub    0     0   0300    0300
  6120   35964     40  sub    0     0   0300    0300
  6121   35967     40  sub    0     0   0300    0300
  6122   35970     40  sub    0     0   0300    0300
  6123   35973     40  sub    0     0   0300    0300
  6124   35976     40  sub    0     0   0300    0300
  6125   35979     40  sub    0     0   0300    0300
  6126   35982     40  sub    0     0   0300    0300
  6127   35985     40  sub    0     0   0300    0300
  6128   35988     40  sub    0     0   0300    0300
  6129   35991     40  sub    0     0   0300    0300
  6130   35994     40  sub    0     0   0300    0300
  6131   35997     40  sub    0     0   0300    0300
  6132   36000     40  sub    0     0   0300    0300
  6133   36003     40  sub    0     0   0300    0300
  6134   36006     40  sub    0     0   0300    0300
  6135   36009     40  sub    0     0   0300    0300
  6136   36012     40  sub    0     0   0300    0300
  6137   36015     40  sub    0     0   0300    0300
  6138   36018     40  sub    0     0   0300    0300
  6139   36021     40  sub    0     0   0300    0300
  6140   36024     40  sub    0     0   0300    0300
  6141   36027     40  sub    0     0   0300    0300
  6142   36030     40  sub    0     0   0300    0300
  6143   36033     40  sub    0     0   0300    0300
  6144   36036     40  sub    0     0   0300    0300
  6145   36039     40  sub    0     0   0300    0300
  6146   36042     40  sub    0     0   0300    0300
  6147   36045     40  sub    0     0   0300    0300
  6148   36048     40  sub    0     0   0300    0300
  6149   36051     40  sub    0     0   0300    0300
  6150   36054     40  sub    0     0   0300    0300
  6151   36057     40  sub    0     0   0300    0300
  6152   36060     40  sub    0     0   0300    0300
  6153   36063     40  sub    0     0   0300    0300
  6154   36066     40  sub    0     0   0300    0300
  6155   36069     40  sub    0     0   0300    0300
  6156   36072     40  sub    0     0   0300    0300
  6157   36075     40  sub    0     0   0300    0300
  6158   36078     40  sub    0     0   0300    0300
  6159   36081     40  sub    0     0   0300    0300
  6160   36084     40  sub    0     0   0300    0300
  6161   36087     40  sub    0     0   0300    0300
  6162   36090     40  sub    0     0   0300    0300
  6163   36093     40  sub    0     0   0300    0300
  6164   36096     40  sub    0     0   0300    0300
  6165   36099     40  sub    0     0   0300    0300
  6166   36102     40  sub    0     0   0300    0300
  6167   36105     40  sub    0     0   0300    0300
  6168   36108     40  sub    0     0   0300    0300
  6169   36111     40  sub    0     0   0300    0300
  6170   36114     40  sub    0     0   0300    0300
  6171   36117     40  sub    0     0   0300    0300
  6172   36120     40  sub    0     0   0300    0300
  6173   36123     40  sub    0     0   0300    0300
  6174   36126     40  sub    0     0   0300    0300
  6175   36129     40  sub    0     0   0300    0300
  6176   36132     40  sub    0     0   0300    0300
  6177   36135     40  sub    0     0   0300    0300
  6178   36138     40  sub    0     0   0300    0300
  6179   36141     40  sub    0     0   0300    0300
  6180   36144     40  sub    0     0   0300    0300
  6181   36147     40  sub    0     0   0300    0300
  6182   36150     40  sub    0     0   0300    0300
  6183   36153     40  sub    0     0   0300    0300
  6184   36156     40  sub    0     0   0300    0300
  6185   36159     40  sub    0     0   0300    0300
  6186   36162     40  sub    0     0   0300    0300
  6187   36165     40  sub    0     0   0300    0300
  6188   36168     40  sub    0     0   0300    0300
  6189   36171     40  sub    0     0   0300    0300
  6190   36174     40  sub    0     0   0300    0300
  6191   36177     40  sub    0     0   0300    0300
  6192   36180     40  sub    0     0   0300    0300
  6193   36183     40  sub    0     0   0300    0300
  6194   36186     40  sub    0     0   0300    0300
  6195   36189     40  sub    0     0   0300    0300
  6196   36192     40  sub    0     0   0300    0300
  6197   36195     40  sub    0     0   0300    0300
  6198   36198     40  sub    0     0   0300    0300
  6199   36201     40  sub    0     0   0300    0300
  6200   36204     40  sub    0     0   0300    0300
  6201   36207     40  sub    0     0   0300    0300
  6202   36210     40  sub    0     0   0300    0300
  6203   36213     40  sub    0     0   0300    0300
  6204   36216     40  sub    0     0   0300    0300
  6205   36219     40  sub    0     0   0300    0300
  6206   36222     40  sub    0     0   0300    0300
  6207   36225     40  sub    0     0   0300    0300
  6208   36228     40  sub    0     0   0300    0300
  6209   36231     40  sub    0     0   0300    0300
  6210   36234     40  sub    0     0   0300    0300
  6211   36237     40  sub    0     0   0300    0300
  6212   36240     40  sub    0     0   0300    0300
  6213   36243     40  sub    0     0   0300    0300
  6214   36246     40  sub    0     0   0300    0300
  6215   36249     40  sub    0     0   0300    0300
  6216   36252     40  sub    0     0   0300    0300
  6217   36255     40  sub    0     0   0300    0300
  6218   36258     40  sub    0     0   0300    0300
  6219   36261     40  sub    0     0   0300    0300
  6220   36264     40  sub    0     0   0300    0300
  6221   36267     40  sub    0     0   0300    0300
  6222   36270     40  sub    0     0   0300    0300
  6223   36273     40  sub    0     0   0300    0300
  6224   36276     40  sub    0     0   0300    0300
  6225   36279     40  sub    0     0   0300    0300
  6226   36282     40  sub    0     0   0300    0300
  6227   36285     40  sub    0     0   0300    0300
  6228   36288     40  sub    0     0   0300    0300
  6229   36291     40  sub    0     0   0300    0300
  6230   36294     40  sub    0     0   0300    0300
  6231   36297     40  sub    0     0   0300    0300
  6232   36300     40  sub    0     0   0300    0300
  6233   36303     40  sub    0     0   0300    0300
  6234   36306     40  sub    0     0   0300    0300
  6235   36309     40  sub    0     0   0300    0300
  6236   36312     40  sub    0     0   0300    0300
  6237   36315     40  sub    0     0   0300    0300
  6238   36318     40  sub    0     0   0300    0300
  6239   36321     40  sub    0     0   0300    0300
  6240   36324     40  sub    0     0   0300    0300
  6241   36327     41  sub    0     0   0300    0300
  6242   36330     41  sub    0     0   0300    0300
  6243   36333     41  sub    0     0   0300    0300
  6244   36336     41  sub    0     0   0300    0300
  6245   36339     41  sub    0     0   0300    0300
  6246   36342     41  sub    0     0   0300    0300
  6247   36345     41  sub    0     0   0300    0300
  6248   36348     41  sub    0     0   0300    0300
  6249   36351     41  sub    0     0   0300    0300
  6250   36354     41  sub    0     0   0300    0300
  6251   36357     41  sub    0     0   0300    0300
  6252   36360     41  sub    0     0   0300    0300
  6253   36363     41  sub    0     0   0300    0300
  6254   36366     41  sub    0     0   0300    0300
  6255   36369     41  sub    0     0   0300    0300
  6256   36372     41  sub    0     0   0300    0300
  6257   36375     41  sub    0     0   0300    0300
  6258   36378     41  sub    0     0   0300    0300
  6259   36381     41  sub    0     0   0300    0300
  6260   36384     41  sub    0     0   0300    0300
  6261   36387     41  sub    0     0   0300    0300
  6262   36390     41  sub    0     0   0300    0300
  6263   36393     41  sub    0     0   0300    0300
  6264   36396     41  sub    0     0   0300    0300
  6265   36399     41  sub    0     0   0300    0300
  6266   36402     41  sub    0     0   0300    0300
  6267   36405     41  sub    0     0   0300    0300
  6268   36408     41  sub    0     0   0300    0300
  6269   36411     41  sub    0     0   0300    0300
  6270   36414     41  sub    0     0   0300    0300
  6271   36417     41  sub    0     0   0300    0300
  6272   36420     41  sub    0     0   0300    0300
  6273   36423     41  sub    0     0   0300    0300
  6274   36426     41  sub    0     0   0300    0300
  6275   36429     41  sub    0     0   0300    0300
  6276   36432     41  sub    0     0   0300    0300
  6277   36435     41  sub    0     0   0300    0300
  6278   36438     41  sub    0     0   0300    0300
  6279   36441     41  sub    0     0   0300    0300
  6280   36444     41  sub    0     0   0300    0300
  6281   36447     41  sub    0     0   0300    0300
  6282   36450     41  sub    0     0   0300    0300
  6283   36453     41  sub    0     0   0300    0300
  6284   36456     41  sub    0     0   0300    0300
  6285   36459     41  sub    0     0   0300    0300
  6286   36462     41  sub    0     0   0300    0300
  6287   36465     41  sub    0     0   0300    0300
  6288   36468     41  sub    0     0   0300    0300
  6289   36471     41  sub    0     0   0300    0300
  6290   36474     41  sub    0     0   0300    0300
  6291   36477     41  sub    0     0   0300    0300
  6292   36480     41  sub    0     0   0300    0300
  6293   36483     41  sub    0     0   0300    0300
  6294   36486     41  sub    0     0   0300    0300
  6295   36489     41  sub    0     0   0300    0300
  6296   36492     41  sub    0     0   0300    0300
  6297   36495     41  sub    0     0   0300    0300
  6298   36498     41  sub    0     0   0300    0300
  6299   36501     41  sub    0     0   0300    0300
  6300   36504     41  sub    0     0   0300    0300
  6301   36507     41  sub    0     0   0300    0300
  6302   36510     41  sub    0     0   0300    0300
  6303   36513     41  sub    0     0   0300    0300
  6304   36516     41  sub    0     0   0300    0300
  6305   36519     41  sub    0     0   0300    0300
  6306   36522     41  sub    0     0   0300    0300
  6307   36525     41  sub    0     0   0300    0300
  6308   36528     41  sub    0     0   0300    0300
  6309   36531     41  sub    0     0   0300    0300
  6310   36534     41  sub    0     0   0300    0300
  6311   36537     41  sub    0     0   0300    0300
  6312   36540     41  sub    0     0   0300    0300
  6313   36543     41  sub    0     0   0300    0300
  6314   36546     41  sub    0     0   0300    0300
  6315   36549     41  sub    0     0   0300    0300
  6316   36552     41  sub    0     0   0300    0300
  6317   36555     41  sub    0     0   0300    0300
  6318   36558     41  sub    0     0   0300    0300
  6319   36561     41  sub    0     0   0300    0300
  6320   36564     41  sub    0     0   0300    0300
  6321   36567     41  sub    0     0   0300    0300
  6322   36570     41  sub    0     0   0300    0300
  6323   36573     41  sub    0     0   0300    0300
  6324   36576     41  sub    0     0   0300    0300
  6325   36579     41  sub    0     0   0300    0300
  6326   36582     41  sub    0     0   0300    0300
  6327   36585     41  sub    0     0   0300    0300
  6328   36588     41  sub    0     0   0300    0300
  6329   36591     41  sub    0     0   0300    0300
  6330   36594     41  sub    0     0   0300    0300
  6331   36597     41  sub    0     0   0300    0300
  6332   36600     41  sub    0     0   0300    0300
  6333   36603     41  sub    0     0   0300    0300
  6334   36606     41  sub    0     0   0300    0300
  6335   36609     41  sub    0     0   0300    0300
  6336   36612     41  sub    0     0   0300    0300
  6337   36615     41  sub    0     0   0300    0300
  6338   36618     41  sub    0     0   0300    0300
  6339   36621     41  sub    0     0   0300    0300
  6340   36624     41  sub    0     0   0300    0300
  6341   36627     41  sub    0     0   0300    0300
  6342   36630     41  sub    0     0   0300    0300
  6343   36633     41  sub    0     0   0300    0300
  6344   36636     41  sub    0     0   0300    0300
  6345   36639     41  sub    0     0   0300    0300
  6346   36642     41  sub    0     0   0300    0300
  6347   36645     41  sub    0     0   0300    0300
  6348   36648     41  sub    0     0   0300    0300
  6349   36651     41  sub    0     0   0300    0300
  6350   36654     41  sub    0     0   0300    0300
  6351   36657     41  sub    0     0   0300    0300
  6352   36660     41  sub    0     0   0300    0300
  6353   36663     41  sub    0     0   0300    0300
  6354   36666     41  sub    0     0   0300    0300
  6355   36669     41  sub    0     0   0300    0300
  6356   36672     41  sub    0     0   0300    0300
  6357   36675     41  sub    0     0   0300    0300
  6358   36678     41  sub    0     0   0300    0300
  6359   36681     41  sub    0     0   0300    0300
  6360   36684     41  sub    0     0   0300    0300
  6361   36687     41  sub    0     0   0300    0300
  6362   36690     41  sub    0     0   0300    0300
  6363   36693     41  sub    0     0   0300    0300
  6364   36696     41  sub    0     0   0300    0300
  6365   36699     41  sub    0     0   0300    0300
  6366   36702     41  sub    0     0   0300    0300
  6367   36705     41  sub    0     0   0300    0300
  6368   36708     41  sub    0     0   0300    0300
  6369   36711     41  sub    0     0   0300    0300
  6370   36714     41  sub    0     0   0300    0300
  6371   36717     41  sub    0     0   0300    0300
  6372   36720     41  sub    0     0   0300    0300
  6373   36723     41  sub    0     0   0300    0300
  6374   36726     41  sub    0     0   0300    0300
  6375   36729     41  sub    0     0   0300    0300
  6376   36732     41  sub    0     0   0300    0300
  6377   36735     41  sub    0     0   0300    0300
  6378   36738     41  sub    0     0   0300    0300
  6379   36741     41  sub    0     0   0300    0300
  6380   36744     41  sub    0     0   0300    0300
  6381   36747     41  sub    0     0   0300    0300
  6382   36750     41  sub    0     0   0300    0300
  6383   36753     41  sub    0     0   0300    0300
  6384   36756     41  sub    0     0   0300    0300
  6385   36759     41  sub    0     0   0300    0300
  6386   36762     41  sub    0     0   0300    0300
  6387   36765     41  sub    0     0   0300    0300
  6388   36768     41  sub    0     0   0300    0300
  6389   36771     41  sub    0     0   0300    0300
  6390   36774     41  sub    0     0   0300    0300
  6391   36777     41  sub    0     0   0300    0300
  6392   36780     41  sub    0     0   0300    0300
  6393   36783     41  sub    0     0   0300    0300
  6394   36786     41  sub    0     0   0300    0300
  6395   36789     41  sub    0     0   0300    0300
  6396   36792     41  sub    0     0   0300    0300
  6397   36795     41  sub    0     0   0300    0300
  6398   36798     41  sub    0     0   0300    0300
  6399   36801     41  sub    0     0   0300    0300
  6400   36804     41  sub    0     0   0300    0300
  6401   36807     41  sub    0     0   0300    0300
  6402   36810     41  sub    0     0   0300    0300
  6403   36813     41  sub    0     0   0300    0300
  6404   36816     41  sub    0     0   0300    0300
  6405   36819     41  sub    0     0   0300    0300
  6406   36822     41  sub    0     0   0300    0300
  6407   36825     41  sub    0     0   0300    0300
  6408   36828     41  sub    0     0   0300    0300
  6409   36831     41  sub    0     0   0300    0300
  6410   36834     41  sub    0     0   0300    0300
  6411   36837     41  sub    0     0   0300    0300
  6412   36840     41  sub    0     0   0300    0300
  6413   36843     41  sub    0     0   0300    0300
  6414   36846     41  sub    0     0   0300    0300
  6415   36849     41  sub    0     0   0300    0300
  6416   36852     41  sub    0     0   0300    0300
  6417   36855     41  sub    0     0   0300    0300
  6418   36858     41  sub    0     0   0300    0300
  6419   36861     41  sub    0     0   0300    0300
  6420   36864     41  sub    0     0   0300    0300
  6421   36867     41  sub    0     0   0300    0300
  6422   36870     41  sub    0     0   0300    0300
  6423   36873     41  sub    0     0   0300    0300
  6424   36876     41  sub    0     0   0300    0300
  6425   36879     41  sub    0     0   0300    0300
  6426   36882     41  sub    0     0   0300    0300
  6427   36885     41  sub    0     0   0300    0300
  6428   36888     41  sub    0     0   0300    0300
  6429   36891     41  sub    0     0   0300    0300
  6430   36894     41  sub    0     0   0300    0300
  6431   36897     41  sub    0     0   0300    0300
  6432   36900     41  sub    0     0   0300    0300
  6433   36903     41  sub    0     0   0300    0300
  6434   36906     41  sub    0     0   0300    0300
  6435   36909     41  sub    0     0   0300    0300
  6436   36912     41  sub    0     0   0300    0300
  6437   36915     41  sub    0     0   0300    0300
  6438   36918     41  sub    0     0   0300    0300
  6439   36921     41  sub    0     0   0300    0300
  6440   36924     41  sub    0     0   0300    0300
  6441   36927     41  sub    0     0   0300    0300
  6442   36930     41  sub    0     0   0300    0300
  6443   36933     41  sub    0     0   0300    0300
  6444   36936     41  sub    0     0   0300    0300
  6445   36939     41  sub    0     0   0300    0300
  6446   36942     41  sub    0     0   0300    0300
  6447   36945     41  sub    0     0   0300    0300
  6448   36948     41  sub    0     0   0300    0300
  6449   36951     41  sub    0     0   0300    0300
  6450   36954     41  sub    0     0   0300    0300
  6451   36957     41  sub    0     0   0300    0300
  6452   36960     41  sub    0     0   0300    0300
  6453   36963     41  sub    0     0   0300    0300
  6454   36966     41  sub    0     0   0300    0300
  6455   36969     41  sub    0     0   0300    0300
  6456   36972     41  sub    0     0   0300    0300
  6457   36975     41  sub    0     0   0300    0300
  6458   36978     41  sub    0     0   0300    0300
  6459   36981     41  sub    0     0   0300    0300
  6460   36984     41  sub    0     0   0300    0300
  6461   36987     41  sub    0     0   0300    0300
  6462   36990     41  sub    0     0   0300    0300
  6463   36993     41  sub    0     0   0300    0300
  6464   36996     41  sub    0     0   0300    0300
  6465   36999     41  sub    0     0   0300    0300
  6466   37002     41  sub    0     0   0300    0300
  6467   37005     41  sub    0     0   0300    0300
  6468   37008     41  sub    0     0   0300    0300
  6469   37011     41  sub    0     0   0300    0300
  6470   37014     41  sub    0     0   0300    0300
  6471   37017     41  sub    0     0   0300    0300
  6472   37020     41  sub    0     0   0300    0300
  6473   37023     41  sub    0     0   0300    0300
  6474   37026     41  sub    0     0   0300    0300
  6475   37029     41  sub    0     0   0300    0300
  6476   37032     41  sub    0     0   0300    0300
  6477   37035     41  sub    0     0   0300    0300
  6478   37038     41  sub    0     0   0300    0300
  6479   37041     41  sub    0     0   0300    0300
  6480   37044     41  sub    0     0   0300    0300
  6481   37047     41  sub    0     0   0300    0300
  6482   37050     41  sub    0     0   0300    0300
  6483   37053     41  sub    0     0   0300    0300
  6484   37056     41  sub    0     0   0300    0300
  6485   37059     41  sub    0     0   0300    0300
  6486   37062     41  sub    0     0   0300    0300
  6487   37065     41  sub    0     0   0300    0300
  6488   37068     41  sub    0     0   0300    0300
  6489   37071     41  sub    0     0   0300    0300
  6490   37074     41  sub    0     0   0300    0300
  6491   37077     41  sub    0     0   0300    0300
  6492   37080     41  sub    0     0   0300    0300
  6493   37083     41  sub    0     0   0300    0300
  6494   37086     41  sub    0     0   0300    0300
  6495   37089     41  sub    0     0   0300    0300
  6496   37092     41  sub    0     0   0300    0300
  6497   37095     41  sub    0     0   0300    0300
  6498   37098     41  sub    0     0   0300    0300
  6499   37101     41  sub    0     0   0300    0300
  6500   37104     41  sub    0     0   0300    0300
  6501   37107     41  sub    0     0   0300    0300
  6502   37110     41  sub    0     0   0300    0300
  6503   37113     41  sub    0     0   0300    0300
  6504   37116     41  sub    0     0   0300    0300
  6505   37119     41  sub    0     0   0300    0300
  6506   37122     41  sub    0     0   0300    0300
  6507   37125     41  sub    0     0   0300    0300
  6508   37128     41  sub    0     0   0300    0300
  6509   37131     41  sub    0     0   0300    0300
  6510   37134     41  sub    0     0   0300    0300
  6511   37137     41  sub    0     0   0300    0300
  6512   37140     41  sub    0     0   0300    0300
  6513   37143     41  sub    0     0   0300    0300
  6514   37146     41  sub    0     0   0300    0300
  6515   37149     41  sub    0     0   0300    0300
  6516   37152     41  sub    0     0   0300    0300
  6517   37155     41  sub    0     0   0300    0300
  6518   37158     41  sub    0     0   0300    0300
  6519   37161     41  sub    0     0   0300    0300
  6520   37164     41  sub    0     0   0300    0300
  6521   37167     41  sub    0     0   0300    0300
  6522   37170     41  sub    0     0   0300    0300
  6523   37173     41  sub    0     0   0300    0300
  6524   37176     41  sub    0     0   0300    0300
  6525   37179     41  sub    0     0   0300    0300
  6526   37182     41  sub    0     0   0300    0300
  6527   37185     41  sub    0     0   0300    0300
  6528   37188     41  sub    0     0   0300    0300
  6529   37191     41  sub    0     0   0300    0300
  6530   37194     41  sub    0     0   0300    0300
  6531   37197     41  sub    0     0   0300    0300
  6532   37200     41  sub    0     0   0300    0300
  6533   37203     41  sub    0     0   0300    0300
  6534   37206     41  sub    0     0   0300    0300
  6535   37209     41  sub    0     0   0300    0300
  6536   37212     41  sub    0     0   0300    0300
  6537   37215     41  sub    0     0   0300    0300
  6538   37218     41  sub    0     0   0300    0300
  6539   37221     41  sub    0     0   0300    0300
  6540   37224     41  sub    0     0   0300    0300
  6541   37227     41  sub    0     0   0300    0300
  6542   37230     41  sub    0     0   0300    0300
  6543   37233     41  sub    0     0   0300    0300
  6544   37236     41  sub    0     0   0300    0300
  6545   37239     41  sub    0     0   0300    0300
  6546   37242     41  sub    0     0   0300    0300
  6547   37245     41  sub    0     0   0300    0300
  6548   37248     41  sub    0     0   0300    0300
  6549   37251     41  sub    0     0   0300    0300
  6550   37254     41  sub    0     0   0300    0300
  6551   37257     41  sub    0     0   0300    0300
  6552   37260     41  sub    0     0   0300    0300
  6553   37263     41  sub    0     0   0300    0300
  6554   37266     41  sub    0     0   0300    0300
  6555   37269     41  sub    0     0   0300    0300
  6556   37272     41  sub    0     0   0300    0300
  6557   37275     41  sub    0     0   0300    0300
  6558   37278     41  sub    0     0   0300    0300
  6559   37281     41  sub    0     0   0300    0300
  6560   37284     41  sub    0     0   0300    0300
  6561   37287     41  sub    0     0   0300    0300
  6562   37290     41  sub    0     0   0300    0300
  6563   37293     41  sub    0     0   0300    0300
  6564   37296     41  sub    0     0   0300    0300
  6565   37299     41  sub    0     0   0300    0300
  6566   37302     41  sub    0     0   0300    0300
  6567   37305     41  sub    0     0   0300    0300
  6568   37308     41  sub    0     0   0300    0300
  6569   37311     41  sub    0     0   0300    0300
  6570   37314     41  sub    0     0   0300    0300
  6571   37317     41  sub    0     0   0300    0300
  6572   37320     41  sub    0     0   0300    0300
  6573   37323     41  sub    0     0   0300    0300
  6574   37326     41  sub    0     0   0300    0300
  6575   37329     41  sub    0     0   0300    0300
  6576   37332     41  sub    0     0   0300    0300
  6577   37335     41  sub    0     0   0300    0300
  6578   37338     41  sub    0     0   0300    0300
  6579   37341     41  sub    0     0   0300    0300
  6580   37344     41  sub    0     0   0300    0300
  6581   37347     41  sub    0     0   0300    0300
  6582   37350     41  sub    0     0   0300    0300
  6583   37353     41  sub    0     0   0300    0300
  6584   37356     41  sub    0     0   0300    0300
  6585   37359     41  sub    0     0   0300    0300
  6586   37362     41  sub    0     0   0300    0300
  6587   37365     41  sub    0     0   0300    0300
  6588   37368     41  sub    0     0   0300    0300
  6589   37371     41  sub    0     0   0300    0300
  6590   37374     41  sub    0     0   0300    0300
  6591   37377     41  sub    0     0   0300    0300
  6592   37380     41  sub    0     0   0300    0300
  6593   37383     41  sub    0     0   0300    0300
  6594   37386     41  sub    0     0   0300    0300
  6595   37389     41  sub    0     0   0300    0300
  6596   37392     41  sub    0     0   0300    0300
  6597   37395     41  sub    0     0   0300    0300
  6598   37398     41  sub    0     0   0300    0300
  6599   37401     41  sub    0     0   0300    0300
  6600   37404     41  sub    0     0   0300    0300
  6601   37407     41  sub    0     0   0300    0300
  6602   37410     41  sub    0     0   0300    0300
  6603   37413     41  sub    0     0   0300    0300
  6604   37416     41  sub    0     0   0300    0300
  6605   37419     41  sub    0     0   0300    0300
  6606   37422     41  sub    0     0   0300    0300
  6607   37425     41  sub    0     0   0300    0300
  6608   37428     41  sub    0     0   0300    0300
  6609   37431     41  sub    0     0   0300    0300
  6610   37434     41  sub    0     0   0300    0300
  6611   37437     41  sub    0     0   0300    0300
  6612   37440     41  sub    0     0   0300    0300
  6613   37443     41  sub    0     0   0300    0300
  6614   37446     41  sub    0     0   0300    0300
  6615   37449     41  sub    0     0   0300    0300
  6616   37452     41  sub    0     0   0300    0300
  6617   37455     41  sub    0     0   0300    0300
  6618   37458     41  sub    0     0   0300    0300
  6619   37461     41  sub    0     0   0300    0300
  6620   37464     41  sub    0     0   0300    0300
  6621   37467     41  sub    0     0   0300    0300
  6622   37470     41  sub    0     0   0300    0300
  6623   37473     41  sub    0     0   0300    0300
  6624   37476     41  sub    0     0   0300    0300
  6625   37479     41  sub    0     0   0300    0300
  6626   37482     41  sub    0     0   0300    0300
  6627   37485     41  sub    0     0   0300    0300
  6628   37488     41  sub    0     0   0300    0300
  6629   37491     41  sub    0     0   0300    0300
  6630   37494     41  sub    0     0   0300    0300
  6631   37497     41  sub    0     0   0300    0300
  6632   37500     41  sub    0     0   0300    0300
  6633   37503     41  sub    0     0   0300    0300
  6634   37506     41  sub    0     0   0300    0300
  6635   37509     41  sub    0     0   0300    0300
  6636   37512     41  sub    0     0   0300    0300
  6637   37515     41  sub    0     0   0300    0300
  6638   37518     41  sub    0     0   0300    0300
  6639   37521     41  sub    0     0   0300    0300
  6640   37524     41  sub    0     0   0300    0300
  6641   37527     41  sub    0     0   0300    0300
  6642   37530     41  sub    0     0   0300    0300
  6643   37533     41  sub    0     0   0300    0300
  6644   37536     41  sub    0     0   0300    0300
  6645   37539     41  sub    0     0   0300    0300
  6646   37542     41  sub    0     0   0300    0300
  6647   37545     41  sub    0     0   0300    0300
  6648   37548     41  sub    0     0   0300    0300
  6649   37551     41  sub    0     0   0300    0300
  6650   37554     41  sub    0     0   0300    0300
  6651   37557     41  sub    0     0   0300    0300
  6652   37560     41  sub    0     0   0300    0300
  6653   37563     41  sub    0     0   0300    0300
  6654   37566     41  sub    0     0   0300    0300
  6655   37569     41  sub    0     0   0300    0300
  6656   37572     41  sub    0     0   0300    0300
  6657   37575     41  sub    0     0   0300    0300
  6658   37578     41  sub    0     0   0300    0300
  6659   37581     41  sub    0     0   0300    0300
  6660   37584     41  sub    0     0   0300    0300
  6661   37587     41  sub    0     0   0300    0300
  6662   37590     41  sub    0     0   0300    0300
  6663   37593     41  sub    0     0   0300    0300
  6664   37596     41  sub    0     0   0300    0300
  6665   37599     41  sub    0     0   0300    0300
  6666   37602     41  sub    0     0   0300    0300
  6667   37605     41  sub    0     0   0300    0300
  6668   37608     41  sub    0     0   0300    0300
  6669   37611     41  sub    0     0   0300    0300
  6670   37614     41  sub    0     0   0300    0300
  6671   37617     41  sub    0     0   0300    0300
  6672   37620     41  sub    0     0   0300    0300
  6673   37623     41  sub    0     0   0300    0300
  6674   37626     41  sub    0     0   0300    0300
  6675   37629     41  sub    0     0   0300    0300
  6676   37632     41  sub    0     0   0300    0300
  6677   37635     41  sub    0     0   0300    0300
  6678   37638     41  sub    0     0   0300    0300
  6679   37641     41  sub    0     0   0300    0300
  6680   37644     41  sub    0     0   0300    0300
  6681   37647     41  sub    0     0   0300    0300
  6682   37650     41  sub    0     0   0300    0300
  6683   37653     41  sub    0     0   0300    0300
  6684   37656     41  sub    0     0   0300    0300
  6685   37659     41  sub    0     0   0300    0300
  6686   37662     41  sub    0     0   0300    0300
  6687   37665     41  sub    0     0   0300    0300
  6688   37668     41  sub    0     0   0300    0300
  6689   37671     41  sub    0     0   0300    0300
  6690   37674     41  sub    0     0   0300    0300
  6691   37677     41  sub    0     0   0300    0300
  6692   37680     41  sub    0     0   0300    0300
  6693   37683     41  sub    0     0   0300    0300
  6694   37686     41  sub    0     0   0300    0300
  6695   37689     41  sub    0     0   0300    0300
  6696   37692     41  sub    0     0   0300    0300
  6697   37695     41  sub    0     0   0300    0300
  6698   37698     41  sub    0     0   0300    0300
  6699   37701     41  sub    0     0   0300    0300
  6700   37704     41  sub    0     0   0300    0300
  6701   37707     41  sub    0     0   0300    0300
  6702   37710     41  sub    0     0   0300    0300
  6703   37713     41  sub    0     0   0300    0300
  6704   37716     41  sub    0     0   0300    0300
  6705   37719     41  sub    0     0   0300    0300
  6706   37722     41  sub    0     0   0300    0300
  6707   37725     41  sub    0     0   0300    0300
  6708   37728     41  sub    0     0   0300    0300
  6709   37731     41  sub    0     0   0300    0300
  6710   37734     41  sub    0     0   0300    0300
  6711   37737     41  sub    0     0   0300    0300
  6712   37740     41  sub    0     0   0300    0300
  6713   37743     41  sub    0     0   0300    0300
  6714   37746     41  sub    0     0   0300    0300
  6715   37749     41  sub    0     0   0300    0300
  6716   37752     41  sub    0     0   0300    0300
  6717   37755     41  sub    0     0   0300    0300
  6718   37758     41  sub    0     0   0300    0300
  6719   37761     41  sub    0     0   0300    0300
  6720   37764     41  sub    0     0   0300    0300
  6721   37767     41  sub    0     0   0300    0300
  6722   37770     41  sub    0     0   0300    0300
  6723   37773     41  sub    0     0   0300    0300
  6724   37776     41  sub    0     0   0300    0300
  6725   37779     41  sub    0     0   0300    0300
  6726   37782     41  sub    0     0   0300    0300
  6727   37785     41  sub    0     0   0300    0300
  6728   37788     41  sub    0     0   0300    0300
  6729   37791     41  sub    0     0   0300    0300
  6730   37794     41  sub    0     0   0300    0300
  6731   37797     41  sub    0     0   0300    0300
  6732   37800     41  sub    0     0   0300    0300
  6733   37803     41  sub    0     0   0300    0300
  6734   37806     41  sub    0     0   0300    0300
  6735   37809     41  sub    0     0   0300    0300
  6736   37812     41  sub    0     0   0300    0300
  6737   37815     41  sub    0     0   0300    0300
  6738   37818     41  sub    0     0   0300    0300
  6739   37821     41  sub    0     0   0300    0300
  6740   37824     41  sub    0     0   0300    0300
  6741   37827     41  sub    0     0   0300    0300
  6742   37830     41  sub    0     0   0300    0300
  6743   37833     41  sub    0     0   0300    0300
  6744   37836     41  sub    0     0   0300    0300
  6745   37839     41  sub    0     0   0300    0300
  6746   37842     41  sub    0     0   0300    0300
  6747   37845     41  sub    0     0   0300    0300
  6748   37848     41  sub    0     0   0300    0300
  6749   37851     41  sub    0     0   0300    0300
  6750   37854     41  sub    0     0   0300    0300
  6751   37857     41  sub    0     0   0300    0300
  6752   37860     41  sub    0     0   0300    0300
  6753   37863     41  sub    0     0   0300    0300
  6754   37866     41  sub    0     0   0300    0300
  6755   37869     41  sub    0     0   0300    0300
  6756   37872     41  sub    0     0   0300    0300
  6757   37875     41  sub    0     0   0300    0300
  6758   37878     41  sub    0     0   0300    0300
  6759   37881     41  sub    0     0   0300    0300
  6760   37884     41  sub    0     0   0300    0300
  6761   37887     41  sub    0     0   0300    0300
  6762   37890     41  sub    0     0   0300    0300
  6763   37893     41  sub    0     0   0300    0300
  6764   37896     41  sub    0     0   0300    0300
  6765   37899     41  sub    0     0   0300    0300
  6766   37902     41  sub    0     0   0300    0300
  6767   37905     41  sub    0     0   0300    0300
  6768   37908     41  sub    0     0   0300    0300
  6769   37911     41  sub    0     0   0300    0300
  6770   37914     41  sub    0     0   0300    0300
  6771   37917     41  sub    0     0   0300    0300
  6772   37920     41  sub    0     0   0300    0300
  6773   37923     41  sub    0     0   0300    0300
  6774   37926     41  sub    0     0   0300    0300
  6775   37929     41  sub    0     0   0300    0300
  6776   37932     41  sub    0     0   0300    0300
  6777   37935     41  sub    0     0   0300    0300
  6778   37938     41  sub    0     0   0300    0300
  6779   37941     41  sub    0     0   0300    0300
  6780   37944     41  sub    0     0   0300    0300
  6781   37947     41  sub    0     0   0300    0300
  6782   37950     41  sub    0     0   0300    0300
  6783   37953     41  sub    0     0   0300    0300
  6784   37956     41  sub    0     0   0300    0300
  6785   37959     41  sub    0     0   0300    0300
  6786   37962     41  sub    0     0   0300    0300
  6787   37965     41  sub    0     0   0300    0300
  6788   37968     41  sub    0     0   0300    0300
  6789   37971     41  sub    0     0   0300    0300
  6790   37974     41  sub    0     0   0300    0300
  6791   37977     41  sub    0     0   0300    0300
  6792   37980     41  sub    0     0   0300    0300
  6793   37983     41  sub    0     0   0300    0300
  6794   37986     41  sub    0     0   0300    0300
  6795   37989     41  sub    0     0   0300    0300
  6796   37992     41  sub    0     0   0300    0300
  6797   37995     41  sub    0     0   0300    0300
  6798   37998     41  sub    0     0   0300    0300
  6799   38001     41  sub    0     0   0300    0300
  6800   38004     41  sub    0     0   0300    0300
  6801   38007     41  sub    0     0   0300    0300
  6802   38010     41  sub    0     0   0300    0300
  6803   38013     41  sub    0     0   0300    0300
  6804   38016     41  sub    0     0   0300    0300
  6805   38019     41  sub    0     0   0300    0300
  6806   38022     41  sub    0     0   0300    0300
  6807   38025     41  sub    0     0   0300    0300
  6808   38028     41  sub    0     0   0300    0300
  6809   38031     41  sub    0     0   0300    0300
  6810   38034     41  sub    0     0   0300    0300
  6811   38037     41  sub    0     0   0300    0300
  6812   38040     41  sub    0     0   0300    0300
  6813   38043     41  sub    0     0   0300    0300
  6814   38046     41  sub    0     0   0300    0300
  6815   38049     41  sub    0     0   0300    0300
  6816   38052     41  sub    0     0   0300    0300
  6817   38055     41  sub    0     0   0300    0300
  6818   38058     41  sub    0     0   0300    0300
  6819   38061     41  sub    0     0   0300    0300
  6820   38064     41  sub    0     0   0300    0300
  6821   38067     41  sub    0     0   0300    0300
  6822   38070     41  sub    0     0   0300    0300
  6823   38073     41  sub    0     0   0300    0300
  6824   38076     41  sub    0     0   0300    0300
  6825   38079     41  sub    0     0   0300    0300
  6826   38082     41  sub    0     0   0300    0300
  6827   38085     41  sub    0     0   0300    0300
  6828   38088     41  sub    0     0   0300    0300
  6829   38091     41  sub    0     0   0300    0300
  6830   38094     41  sub    0     0   0300    0300
  6831   38097     41  sub    0     0   0300    0300
  6832   38100     41  sub    0     0   0300    0300
  6833   38103     41  sub    0     0   0300    0300
  6834   38106     41  sub    0     0   0300    0300
  6835   38109     41  sub    0     0   0300    0300
  6836   38112     41  sub    0     0   0300    0300
  6837   38115     41  sub    0     0   0300    0300
  6838   38118     41  sub    0     0   0300    0300
  6839   38121     41  sub    0     0   0300    0300
  6840   38124     41  sub    0     0   0300    0300
  6841   38127     41  sub    0     0   0300    0300
  6842   38130     41  sub    0     0   0300    0300
  6843   38133     41  sub    0     0   0300    0300
  6844   38136     41  sub    0     0   0300    0300
  6845   38139     41  sub    0     0   0300    0300
  6846   38142     41  sub    0     0   0300    0300
  6847   38145     41  sub    0     0   0300    0300
  6848   38148     41  sub    0     0   0300    0300
  6849   38151     41  sub    0     0   0300    0300
  6850   38154     41  sub    0     0   0300    0300
  6851   38157     41  sub    0     0   0300    0300
  6852   38160     41  sub    0     0   0300    0300
  6853   38163     41  sub    0     0   0300    0300
  6854   38166     41  sub    0     0   0300    0300
  6855   38169     41  sub    0     0   0300    0300
  6856   38172     41  sub    0     0   0300    0300
  6857   38175     41  sub    0     0   0300    0300
  6858   38178     41  sub    0     0   0300    0300
  6859   38181     41  sub    0     0   0300    0300
  6860   38184     41  sub    0     0   0300    0300
  6861   38187     41  sub    0     0   0300    0300
  6862   38190     41  sub    0     0   0300    0300
  6863   38193     41  sub    0     0   0300    0300
  6864   38196     41  sub    0     0   0300    0300
  6865   38199     41  sub    0     0   0300    0300
  6866   38202     41  sub    0     0   0300    0300
  6867   38205     41  sub    0     0   0300    0300
  6868   38208     41  sub    0     0   0300    0300
  6869   38211     41  sub    0     0   0300    0300
  6870   38214     41  sub    0     0   0300    0300
  6871   38217     41  sub    0     0   0300    0300
  6872   38220     41  sub    0     0   0300    0300
  6873   38223     41  sub    0     0   0300    0300
  6874   38226     41  sub    0     0   0300    0300
  6875   38229     41  sub    0     0   0300    0300
  6876   38232     41  sub    0     0   0300    0300
  6877   38235     41  sub    0     0   0300    0300
  6878   38238     41  sub    0     0   0300    0300
  6879   38241     41  sub    0     0   0300    0300
  6880   38244     41  sub    0     0   0300    0300
  6881   38247     41  sub    0     0   0300    0300
  6882   38250     41  sub    0     0   0300    0300
  6883   38253     41  sub    0     0   0300    0300
  6884   38256     41  sub    0     0   0300    0300
  6885   38259     41  sub    0     0   0300    0300
  6886   38262     41  sub    0     0   0300    0300
  6887   38265     41  sub    0     0   0300    0300
  6888   38268     41  sub    0     0   0300    0300
  6889   38271     41  sub    0     0   0300    0300
  6890   38274     41  sub    0     0   0300    0300
  6891   38277     41  sub    0     0   0300    0300
  6892   38280     41  sub    0     0   0300    0300
  6893   38283     41  sub    0     0   0300    0300
  6894   38286     41  sub    0     0   0300    0300
  6895   38289     41  sub    0     0   0300    0300
  6896   38292     41  sub    0     0   0300    0300
  6897   38295     41  sub    0     0   0300    0300
  6898   38298     41  sub    0     0   0300    0300
  6899   38301     41  sub    0     0   0300    0300
  6900   38304     41  sub    0     0   0300    0300
  6901   38307     41  sub    0     0   0300    0300
  6902   38310     41  sub    0     0   0300    0300
  6903   38313     41  sub    0     0   0300    0300
  6904   38316     41  sub    0     0   0300    0300
  6905   38319     41  sub    0     0   0300    0300
  6906   38322     41  sub    0     0   0300    0300
  6907   38325     41  sub    0     0   0300    0300
  6908   38328     41  sub    0     0   0300    0300
  6909   38331     41  sub    0     0   0300    0300
  6910   38334     41  sub    0     0   0300    0300
  6911   38337     41  sub    0     0   0300    0300
  6912   38340     41  sub    0     0   0300    0300
  6913   38343     41  sub    0     0   0300    0300
  6914   38346     41  sub    0     0   0300    0300
  6915   38349     41  sub    0     0   0300    0300
  6916   38352     41  sub    0     0   0300    0300
  6917   38355     41  sub    0     0   0300    0300
  6918   38358     41  sub    0     0   0300    0300
  6919   38361     41  sub    0     0   0300    0300
  6920   38364     41  sub    0     0   0300    0300
  6921   38367     41  sub    0     0   0300    0300
  6922   38370     41  sub    0     0   0300    0300
  6923   38373     41  sub    0     0   0300    0300
  6924   38376     41  sub    0     0   0300    0300
  6925   38379     41  sub    0     0   0300    0300
  6926   38382     41  sub    0     0   0300    0300
  6927   38385     41  sub    0     0   0300    0300
  6928   38388     41  sub    0     0   0300    0300
  6929   38391     41  sub    0     0   0300    0300
  6930   38394     41  sub    0     0   0300    0300
  6931   38397     41  sub    0     0   0300    0300
  6932   38400     41  sub    0     0   0300    0300
  6933   38403     41  sub    0     0   0300    0300
  6934   38406     41  sub    0     0   0300    0300
  6935   38409     41  sub    0     0   0300    0300
  6936   38412     41  sub    0     0   0300    0300
  6937   38415     41  sub    0     0   0300    0300
  6938   38418     41  sub    0     0   0300    0300
  6939   38421     41  sub    0     0   0300    0300
  6940   38424     41  sub    0     0   0300    0300
  6941   38427     41  sub    0     0   0300    0300
  6942   38430     41  sub    0     0   0300    0300
  6943   38433     41  sub    0     0   0300    0300
  6944   38436     41  sub    0     0   0300    0300
  6945   38439     41  sub    0     0   0300    0300
  6946   38442     41  sub    0     0   0300    0300
  6947   38445     41  sub    0     0   0300    0300
  6948   38448     41  sub    0     0   0300    0300
  6949   38451     41  sub    0     0   0300    0300
  6950   38454     41  sub    0     0   0300    0300
  6951   38457     41  sub    0     0   0300    0300
  6952   38460     41  sub    0     0   0300    0300
  6953   38463     41  sub    0     0   0300    0300
  6954   38466     41  sub    0     0   0300    0300
  6955   38469     41  sub    0     0   0300    0300
  6956   38472     41  sub    0     0   0300    0300
  6957   38475     41  sub    0     0   0300    0300
  6958   38478     41  sub    0     0   0300    0300
  6959   38481     41  sub    0     0   0300    0300
  6960   38484     41  sub    0     0   0300    0300
  6961   38487     41  sub    0     0   0300    0300
  6962   38490     41  sub    0     0   0300    0300
  6963   38493     41  sub    0     0   0300    0300
  6964   38496     41  sub    0     0   0300    0300
  6965   38499     41  sub    0     0   0300    0300
  6966   38502     41  sub    0     0   0300    0300
  6967   38505     41  sub    0     0   0300    0300
  6968   38508     41  sub    0     0   0300    0300
  6969   38511     41  sub    0     0   0300    0300
  6970   38514     41  sub    0     0   0300    0300
  6971   38517     41  sub    0     0   0300    0300
  6972   38520     41  sub    0     0   0300    0300
  6973   38523     41  sub    0     0   0300    0300
  6974   38526     41  sub    0     0   0300    0300
  6975   38529     41  sub    0     0   0300    0300
  6976   38532     41  sub    0     0   0300    0300
  6977   38535     41  sub    0     0   0300    0300
  6978   38538     41  sub    0     0   0300    0300
  6979   38541     41  sub    0     0   0300    0300
  6980   38544     41  sub    0     0   0300    0300
  6981   38547     41  sub    0     0   0300    0300
  6982   38550     41  sub    0     0   0300    0300
  6983   38553     41  sub    0     0   0300    0300
  6984   38556     41  sub    0     0   0300    0300
  6985   38559     41  sub    0     0   0300    0300
  6986   38562     41  sub    0     0   0300    0300
  6987   38565     41  sub    0     0   0300    0300
  6988   38568     41  sub    0     0   0300    0300
  6989   38571     41  sub    0     0   0300    0300
  6990   38574     41  sub    0     0   0300    0300
  6991   38577     41  sub    0     0   0300    0300
  6992   38580     41  sub    0     0   0300    0300
  6993   38583     41  sub    0     0   0300    0300
  6994   38586     41  sub    0     0   0300    0300
  6995   38589     41  sub    0     0   0300    0300
  6996   38592     41  sub    0     0   0300    0300
  6997   38595     41  sub    0     0   0300    0300
  6998   38598     41  sub    0     0   0300    0300
  6999   38601     41  sub    0     0   0300    0300
  7000   38604     41  sub    0     0   0300    0300
  7001   38607     41  sub    0     0   0300    0300
  7002   38610     41  sub    0     0   0300    0300
  7003   38613     41  sub    0     0   0300    0300
  7004   38616     41  sub    0     0   0300    0300
  7005   38619     41  sub    0     0   0300    0300
  7006   38622     41  sub    0     0   0300    0300
  7007   38625     41  sub    0     0   0300    0300
  7008   38628     41  sub    0     0   0300    0300
  7009   38631     41  sub    0     0   0300    0300
  7010   38634     41  sub    0     0   0300    0300
  7011   38637     41  sub    0     0   0300    0300
  7012   38640     41  sub    0     0   0300    0300
  7013   38643     41  sub    0     0   0300    0300
  7014   38646     41  sub    0     0   0300    0300
  7015   38649     41  sub    0     0   0300    0300
  7016   38652     41  sub    0     0   0300    0300
  7017   38655     41  sub    0     0   0300    0300
  7018   38658     41  sub    0     0   0300    0300
  7019   38661     41  sub    0     0   0300    0300
  7020   38664     41  sub    0     0   0300    0300
  7021   38667     41  sub    0     0   0300    0300
  7022   38670     41  sub    0     0   0300    0300
  7023   38673     41  sub    0     0   0300    0300
  7024   38676     41  sub    0     0   0300    0300
  7025   38679     41  sub    0     0   0300    0300
  7026   38682     41  sub    0     0   0300    0300
  7027   38685     41  sub    0     0   0300    0300
  7028   38688     41  sub    0     0   0300    0300
  7029   38691     41  sub    0     0   0300    0300
  7030   38694     41  sub    0     0   0300    0300
  7031   38697     41  sub    0     0   0300    0300
  7032   38700     41  sub    0     0   0300    0300
  7033   38703     41  sub    0     0   0300    0300
  7034   38706     41  sub    0     0   0300    0300
  7035   38709     41  sub    0     0   0300    0300
  7036   38712     41  sub    0     0   0300    0300
  7037   38715     41  sub    0     0   0300    0300
  7038   38718     41  sub    0     0   0300    0300
  7039   38721     41  sub    0     0   0300    0300
  7040   38724     41  sub    0     0   0300    0300
  7041   38727     41  sub    0     0   0300    0300
  7042   38730     41  sub    0     0   0300    0300
  7043   38733     41  sub    0     0   0300    0300
  7044   38736     41  sub    0     0   0300    0300
  7045   38739     41  sub    0     0   0300    0300
  7046   38742     41  sub    0     0   0300    0300
  7047   38745     41  sub    0     0   0300    0300
  7048   38748     41  sub    0     0   0300    0300
  7049   38751     41  sub    0     0   0300    0300
  7050   38754     41  sub    0     0   0300    0300
  7051   38757     41  sub    0     0   0300    0300
  7052   38760     41  sub    0     0   0300    0300
  7053   38763     41  sub    0     0   0300    0300
  7054   38766     41  sub    0     0   0300    0300
  7055   38769     41  sub    0     0   0300    0300
  7056   38772     41  sub    0     0   0300    0300
  7057   38775     41  sub    0     0   0300    0300
  7058   38778     41  sub    0     0   0300    0300
  7059   38781     41  sub    0     0   0300    0300
  7060   38784     41  sub    0     0   0300    0300
  7061   38787     41  sub    0     0   0300    0300
  7062   38790     41  sub    0     0   0300    0300
  7063   38793     41  sub    0     0   0300    0300
  7064   38796     41  sub    0     0   0300    0300
  7065   38799     41  sub    0     0   0300    0300
  7066   38802     41  sub    0     0   0300    0300
  7067   38805     41  sub    0     0   0300    0300
  7068   38808     41  sub    0     0   0300    0300
  7069   38811     41  sub    0     0   0300    0300
  7070   38814     41  sub    0     0   0300    0300
  7071   38817     41  sub    0     0   0300    0300
  7072   38820     41  sub    0     0   0300    0300
  7073   38823     41  sub    0     0   0300    0300
  7074   38826     41  sub    0     0   0300    0300
  7075   38829     41  sub    0     0   0300    0300
  7076   38832     41  sub    0     0   0300    0300
  7077   38835     41  sub    0     0   0300    0300
  7078   38838     41  sub    0     0   0300    0300
  7079   38841     41  sub    0     0   0300    0300
  7080   38844     41  sub    0     0   0300    0300
  7081   38847     41  sub    0     0   0300    0300
  7082   38850     41  sub    0     0   0300    0300
  7083   38853     41  sub    0     0   0300    0300
  7084   38856     41  sub    0     0   0300    0300
  7085   38859     41  sub    0     0   0300    0300
  7086   38862     41  sub    0     0   0300    0300
  7087   38865     41  sub    0     0   0300    0300
  7088   38868     41  sub    0     0   0300    0300
  7089   38871     41  sub    0     0   0300    0300
  7090   38874     41  sub    0     0   0300    0300
  7091   38877     41  sub    0     0   0300    0300
  7092   38880     41  sub    0     0   0300    0300
  7093   38883     41  sub    0     0   0300    0300
  7094   38886     41  sub    0     0   0300    0300
  7095   38889     41  sub    0     0   0300    0300
  7096   38892     41  sub    0     0   0300    0300
  7097   38895     41  sub    0     0   0300    0300
  7098   38898     41  sub    0     0   0300    0300
  7099   38901     41  sub    0     0   0300    0300
  7100   38904     41  sub    0     0   0300    0300
  7101   38907     41  sub    0     0   0300    0300
  7102   38910     41  sub    0     0   0300    0300
  7103   38913     41  sub    0     0   0300    0300
  7104   38916     41  sub    0     0   0300    0300
  7105   38919     41  sub    0     0   0300    0300
  7106   38922     41  sub    0     0   0300    0300
  7107   38925     41  sub    0     0   0300    0300
  7108   38928     41  sub    0     0   0300    0300
  7109   38931     41  sub    0     0   0300    0300
  7110   38934     41  sub    0     0   0300    0300
  7111   38937     41  sub    0     0   0300    0300
  7112   38940     41  sub    0     0   0300    0300
  7113   38943     41  sub    0     0   0300    0300
  7114   38946     41  sub    0     0   0300    0300
  7115   38949     41  sub    0     0   0300    0300
  7116   38952     41  sub    0     0   0300    0300
  7117   38955     41  sub    0     0   0300    0300
  7118   38958     41  sub    0     0   0300    0300
  7119   38961     41  sub    0     0   0300    0300
  7120   38964     41  sub    0     0   0300    0300
  7121   38967     41  sub    0     0   0300    0300
  7122   38970     41  sub    0     0   0300    0300
  7123   38973     41  sub    0     0   0300    0300
  7124   38976     41  sub    0     0   0300    0300
  7125   38979     41  sub    0     0   0300    0300
  7126   38982     41  sub    0     0   0300    0300
  7127   38985     41  sub    0     0   0300    0300
  7128   38988     41  sub    0     0   0300    0300
  7129   38991     41  sub    0     0   0300    0300
  7130   38994     41  sub    0     0   0300    0300
  7131   38997     41  sub    0     0   0300    0300
  7132   39000     41  sub    0     0   0300    0300
  7133   39003     41  sub    0     0   0300    0300
  7134   39006     41  sub    0     0   0300    0300
  7135   39009     41  sub    0     0   0300    0300
  7136   39012     41  sub    0     0   0300    0300
  7137   39015     41  sub    0     0   0300    0300
  7138   39018     41  sub    0     0   0300    0300
  7139   39021     41  sub    0     0   0300    0300
  7140   39024     41  sub    0     0   0300    0300
  7141   39027     41  sub    0     0   0300    0300
  7142   39030     41  sub    0     0   0300    0300
  7143   39033     41  sub    0     0   0300    0300
  7144   39036     41  sub    0     0   0300    0300
  7145   39039     41  sub    0     0   0300    0300
  7146   39042     41  sub    0     0   0300    0300
  7147   39045     41  sub    0     0   0300    0300
  7148   39048     41  sub    0     0   0300    0300
  7149   39051     41  sub    0     0   0300    0300
  7150   39054     41  sub    0     0   0300    0300
  7151   39057     41  sub    0     0   0300    0300
  7152   39060     41  sub    0     0   0300    0300
  7153   39063     41  sub    0     0   0300    0300
  7154   39066     41  sub    0     0   0300    0300
  7155   39069     41  sub    0     0   0300    0300
  7156   39072     41  sub    0     0   0300    0300
  7157   39075     41  sub    0     0   0300    0300
  7158   39078     41  sub    0     0   0300    0300
  7159   39081     41  sub    0     0   0300    0300
  7160   39084     41  sub    0     0   0300    0300
  7161   39087     41  sub    0     0   0300    0300
  7162   39090     41  sub    0     0   0300    0300
  7163   39093     41  sub    0     0   0300    0300
  7164   39096     41  sub    0     0   0300    0300
  7165   39099     41  sub    0     0   0300    0300
  7166   39102     41  sub    0     0   0300    0300
  7167   39105     41  sub    0     0   0300    0300
  7168   39108     41  sub    0     0   0300    0300
  7169   39111     41  sub    0     0   0300    0300
  7170   39114     41  sub    0     0   0300    0300
  7171   39117     41  sub    0     0   0300    0300
  7172   39120     41  sub    0     0   0300    0300
  7173   39123     41  sub    0     0   0300    0300
  7174   39126     41  sub    0     0   0300    0300
  7175   39129     41  sub    0     0   0300    0300
  7176   39132     41  sub    0     0   0300    0300
  7177   39135     41  sub    0     0   0300    0300
  7178   39138     41  sub    0     0   0300    0300
  7179   39141     41  sub    0     0   0300    0300
  7180   39144     41  sub    0     0   0300    0300
  7181   39147     41  sub    0     0   0300    0300
  7182   39150     41  sub    0     0   0300    0300
  7183   39153     41  sub    0     0   0300    0300
  7184   39156     41  sub    0     0   0300    0300
  7185   39159     41  sub    0     0   0300    0300
  7186   39162     41  sub    0     0   0300    0300
  7187   39165     41  sub    0     0   0300    0300
  7188   39168     41  sub    0     0   0300    0300
  7189   39171     41  sub    0     0   0300    0300
  7190   39174     41  sub    0     0   0300    0300
  7191   39177     41  sub    0     0   0300    0300
  7192   39180     41  sub    0     0   0300    0300
  7193   39183     41  sub    0     0   0300    0300
  7194   39186     41  sub    0     0   0300    0300
  7195   39189     41  sub    0     0   0300    0300
  7196   39192     41  sub    0     0   0300    0300
  7197   39195     41  sub    0     0   0300    0300
  7198   39198     41  sub    0     0   0300    0300
  7199   39201     41  sub    0     0   0300    0300
  7200   39204     41  sub    0     0   0300    0300
  7201   39207     41  sub    0     0   0300    0300
  7202   39210     41  sub    0     0   0300    0300
  7203   39213     41  sub    0     0   0300    0300
  7204   39216     41  sub    0     0   0300    0300
  7205   39219     41  sub    0     0   0300    0300
  7206   39222     41  sub    0     0   0300    0300
  7207   39225     41  sub    0     0   0300    0300
  7208   39228     41  sub    0     0   0300    0300
  7209   39231     41  sub    0     0   0300    0300
  7210   39234     41  sub    0     0   0300    0300
  7211   39237     41  sub    0     0   0300    0300
  7212   39240     41  sub    0     0   0300    0300
  7213   39243     41  sub    0     0   0300    0300
  7214   39246     41  sub    0     0   0300    0300
  7215   39249     41  sub    0     0   0300    0300
  7216   39252     41  sub    0     0   0300    0300
  7217   39255     41  sub    0     0   0300    0300
  7218   39258     41  sub    0     0   0300    0300
  7219   39261     41  sub    0     0   0300    0300
  7220   39264     41  sub    0     0   0300    0300
  7221   39267     41  sub    0     0   0300    0300
  7222   39270     41  sub    0     0   0300    0300
  7223   39273     41  sub    0     0   0300    0300
  7224   39276     41  sub    0     0   0300    0300
  7225   39279     41  sub    0     0   0300    0300
  7226   39282     41  sub    0     0   0300    0300
  7227   39285     41  sub    0     0   0300    0300
  7228   39288     41  sub    0     0   0300    0300
  7229   39291     41  sub    0     0   0300    0300
  7230   39294     41  sub    0     0   0300    0300
  7231   39297     41  sub    0     0   0300    0300
  7232   39300     41  sub    0     0   0300    0300
  7233   39303     41  sub    0     0   0300    0300
  7234   39306     41  sub    0     0   0300    0300
  7235   39309     41  sub    0     0   0300    0300
  7236   39312     41  sub    0     0   0300    0300
  7237   39315     41  sub    0     0   0300    0300
  7238   39318     41  sub    0     0   0300    0300
  7239   39321     41  sub    0     0   0300    0300
  7240   39324     41  sub    0     0   0300    0300
  7241   39327     41  sub    0     0   0300    0300
  7242   39330     41  sub    0     0   0300    0300
  7243   39333     41  sub    0     0   0300    0300
  7244   39336     41  sub    0     0   0300    0300
  7245   39339     41  sub    0     0   0300    0300
  7246   39342     41  sub    0     0   0300    0300
  7247   39345     41  sub    0     0   0300    0300
  7248   39348     41  sub    0     0   0300    0300
  7249   39351     41  sub    0     0   0300    0300
  7250   39354     41  sub    0     0   0300    0300
  7251   39357     41  sub    0     0   0300    0300
  7252   39360     41  sub    0     0   0300    0300
  7253   39363     41  sub    0     0   0300    0300
  7254   39366     41  sub    0     0   0300    0300
  7255   39369     41  sub    0     0   0300    0300
  7256   39372     41  sub    0     0   0300    0300
  7257   39375     41  sub    0     0   0300    0300
  7258   39378     41  sub    0     0   0300    0300
  7259   39381     41  sub    0     0   0300    0300
  7260   39384     41  sub    0     0   0300    0300
  7261   39387     41  sub    0     0   0300    0300
  7262   39390     41  sub    0     0   0300    0300
  7263   39393     41  sub    0     0   0300    0300
  7264   39396     41  sub    0     0   0300    0300
  7265   39399     41  sub    0     0   0300    0300
  7266   39402     41  sub    0     0   0300    0300
  7267   39405     41  sub    0     0   0300    0300
  7268   39408     41  sub    0     0   0300    0300
  7269   39411     41  sub    0     0   0300    0300
  7270   39414     41  sub    0     0   0300    0300
  7271   39417     41  sub    0     0   0300    0300
  7272   39420     41  sub    0     0   0300    0300
  7273   39423     41  sub    0     0   0300    0300
  7274   39426     41  sub    0     0   0300    0300
  7275   39429     41  sub    0     0   0300    0300
  7276   39432     41  sub    0     0   0300    0300
  7277   39435     41  sub    0     0   0300    0300
  7278   39438     41  sub    0     0   0300    0300
  7279   39441     41  sub    0     0   0300    0300
  7280   39444     41  sub    0     0   0300    0300
  7281   39447     41  sub    0     0   0300    0300
  7282   39450     41  sub    0     0   0300    0300
  7283   39453     41  sub    0     0   0300    0300
  7284   39456     41  sub    0     0   0300    0300
  7285   39459     41  sub    0     0   0300    0300
  7286   39462     41  sub    0     0   0300    0300
  7287   39465     41  sub    0     0   0300    0300
  7288   39468     41  sub    0     0   0300    0300
  7289   39471     41  sub    0     0   0300    0300
  7290   39474     41  sub    0     0   0300    0300
  7291   39477     41  sub    0     0   0300    0300
  7292   39480     41  sub    0     0   0300    0300
  7293   39483     41  sub    0     0   0300    0300
  7294   39486     41  sub    0     0   0300    0300
  7295   39489     41  sub    0     0   0300    0300
  7296   39492     41  sub    0     0   0300    0300
  7297   39495     41  sub    0     0   0300    0300
  7298   39498     41  sub    0     0   0300    0300
  7299   39501     41  sub    0     0   0300    0300
  7300   39504     41  sub    0     0   0300    0300
  7301   39507     41  sub    0     0   0300    0300
  7302   39510     41  sub    0     0   0300    0300
  7303   39513     41  sub    0     0   0300    0300
  7304   39516     41  sub    0     0   0300    0300
  7305   39519     41  sub    0     0   0300    0300
  7306   39522     41  sub    0     0   0300    0300
  7307   39525     41  sub    0     0   0300    0300
  7308   39528     41  sub    0     0   0300    0300
  7309   39531     41  sub    0     0   0300    0300
  7310   39534     41  sub    0     0   0300    0300
  7311   39537     41  sub    0     0   0300    0300
  7312   39540     41  sub    0     0   0300    0300
  7313   39543     41  sub    0     0   0300    0300
  7314   39546     41  sub    0     0   0300    0300
  7315   39549     41  sub    0     0   0300    0300
  7316   39552     41  sub    0     0   0300    0300
  7317   39555     41  sub    0     0   0300    0300
  7318   39558     41  sub    0     0   0300    0300
  7319   39561     41  sub    0     0   0300    0300
  7320   39564     41  sub    0     0   0300    0300
  7321   39567     41  sub    0     0   0300    0300
  7322   39570     41  sub    0     0   0300    0300
  7323   39573     41  sub    0     0   0300    0300
  7324   39576     41  sub    0     0   0300    0300
  7325   39579     41  sub    0     0   0300    0300
  7326   39582     41  sub    0     0   0300    0300
  7327   39585     41  sub    0     0   0300    0300
  7328   39588     41  sub    0     0   0300    0300
  7329   39591     41  sub    0     0   0300    0300
  7330   39594     41  sub    0     0   0300    0300
  7331   39597     41  sub    0     0   0300    0300
  7332   39600     41  sub    0     0   0300    0300
  7333   39603     41  sub    0     0   0300    0300
  7334   39606     41  sub    0     0   0300    0300
  7335   39609     41  sub    0     0   0300    0300
  7336   39612     41  sub    0     0   0300    0300
  7337   39615     41  sub    0     0   0300    0300
  7338   39618     41  sub    0     0   0300    0300
  7339   39621     41  sub    0     0   0300    0300
  7340   39624     41  sub    0     0   0300    0300
  7341   39627     41  sub    0     0   0300    0300
  7342   39630     41  sub    0     0   0300    0300
  7343   39633     41  sub    0     0   0300    0300
  7344   39636     41  sub    0     0   0300    0300
  7345   39639     41  sub    0     0   0300    0300
  7346   39642     41  sub    0     0   0300    0300
  7347   39645     41  sub    0     0   0300    0300
  7348   39648     41  sub    0     0   0300    0300
  7349   39651     41  sub    0     0   0300    0300
  7350   39654     41  sub    0     0   0300    0300
  7351   39657     41  sub    0     0   0300    0300
  7352   39660     41  sub    0     0   0300    0300
  7353   39663     41  sub    0     0   0300    0300
  7354   39666     41  sub    0     0   0300    0300
  7355   39669     41  sub    0     0   0300    0300
  7356   39672     41  sub    0     0   0300    0300
  7357   39675     41  sub    0     0   0300    0300
  7358   39678     41  sub    0     0   0300    0300
  7359   39681     41  sub    0     0   0300    0300
  7360   39684     41  sub    0     0   0300    0300
  7361   39687     41  sub    0     0   0300    0300
  7362   39690     41  sub    0     0   0300    0300
  7363   39693     41  sub    0     0   0300    0300
  7364   39696     41  sub    0     0   0300    0300
  7365   39699     41  sub    0     0   0300    0300
  7366   39702     41  sub    0     0   0300    0300
  7367   39705     41  sub    0     0   0300    0300
  7368   39708     41  sub    0     0   0300    0300
  7369   39711     41  sub    0     0   0300    0300
  7370   39714     41  sub    0     0   0300    0300
  7371   39717     41  sub    0     0   0300    0300
  7372   39720     41  sub    0     0   0300    0300
  7373   39723     41  sub    0     0   0300    0300
  7374   39726     41  sub    0     0   0300    0300
  7375   39729     41  sub    0     0   0300    0300
  7376   39732     41  sub    0     0   0300    0300
  7377   39735     41  sub    0     0   0300    0300
  7378   39738     41  sub    0     0   0300    0300
  7379   39741     41  sub    0     0   0300    0300
  7380   39744     41  sub    0     0   0300    0300
  7381   39747     41  sub    0     0   0300    0300
  7382   39750     41  sub    0     0   0300    0300
  7383   39753     41  sub    0     0   0300    0300
  7384   39756     41  sub    0     0   0300    0300
  7385   39759     41  sub    0     0   0300    0300
  7386   39762     41  sub    0     0   0300    0300
  7387   39765     41  sub    0     0   0300    0300
  7388   39768     41  sub    0     0   0300    0300
  7389   39771     41  sub    0     0   0300    0300
  7390   39774     41  sub    0     0   0300    0300
  7391   39777     41  sub    0     0   0300    0300
  7392   39780     41  sub    0     0   0300    0300
  7393   39783     41  sub    0     0   0300    0300
  7394   39786     41  sub    0     0   0300    0300
  7395   39789     41  sub    0     0   0300    0300
  7396   39792     41  sub    0     0   0300    0300
  7397   39795     41  sub    0     0   0300    0300
  7398   39798     41  sub    0     0   0300    0300
  7399   39801     41  sub    0     0   0300    0300
  7400   39804     41  sub    0     0   0300    0300
  7401   39807     41  sub    0     0   0300    0300
  7402   39810     41  sub    0     0   0300    0300
  7403   39813     41  sub    0     0   0300    0300
  7404   39816     41  sub    0     0   0300    0300
  7405   39819     41  sub    0     0   0300    0300
  7406   39822     41  sub    0     0   0300    0300
  7407   39825     41  sub    0     0   0300    0300
  7408   39828     41  sub    0     0   0300    0300
  7409   39831     41  sub    0     0   0300    0300
  7410   39834     41  sub    0     0   0300    0300
  7411   39837     41  sub    0     0   0300    0300
  7412   39840     41  sub    0     0   0300    0300
  7413   39843     41  sub    0     0   0300    0300
  7414   39846     41  sub    0     0   0300    0300
  7415   39849     41  sub    0     0   0300    0300
  7416   39852     41  sub    0     0   0300    0300
  7417   39855     41  sub    0     0   0300    0300
  7418   39858     41  sub    0     0   0300    0300
  7419   39861     41  sub    0     0   0300    0300
  7420   39864     41  sub    0     0   0300    0300
  7421   39867     41  sub    0     0   0300    0300
  7422   39870     41  sub    0     0   0300    0300
  7423   39873     41  sub    0     0   0300    0300
  7424   39876     41  sub    0     0   0300    0300
  7425   39879     41  sub    0     0   0300    0300
  7426   39882     41  sub    0     0   0300    0300
  7427   39885     41  sub    0     0   0300    0300
  7428   39888     41  sub    0     0   0300    0300
  7429   39891     41  sub    0     0   0300    0300
  7430   39894     41  sub    0     0   0300    0300
  7431   39897     41  sub    0     0   0300    0300
  7432   39900     41  sub    0     0   0300    0300
  7433   39903     41  sub    0     0   0300    0300
  7434   39906     41  sub    0     0   0300    0300
  7435   39909     41  sub    0     0   0300    0300
  7436   39912     41  sub    0     0   0300    0300
  7437   39915     41  sub    0     0   0300    0300
  7438   39918     41  sub    0     0   0300    0300
  7439   39921     41  sub    0     0   0300    0300
  7440   39924     41  sub    0     0   0300    0300
  7441   39927     41  sub    0     0   0300    0300
  7442   39930     41  sub    0     0   0300    0300
  7443   39933     41  sub    0     0   0300    0300
  7444   39936     41  sub    0     0   0300    0300
  7445   39939     41  sub    0     0   0300    0300
  7446   39942     41  sub    0     0   0300    0300
  7447   39945     41  sub    0     0   0300    0300
  7448   39948     41  sub    0     0   0300    0300
  7449   39951     41  sub    0     0   0300    0300
  7450   39954     41  sub    0     0   0300    0300
  7451   39957     41  sub    0     0   0300    0300
  7452   39960     41  sub    0     0   0300    0300
  7453   39963     41  sub    0     0   0300    0300
  7454   39966     41  sub    0     0   0300    0300
  7455   39969     41  sub    0     0   0300    0300
  7456   39972     41  sub    0     0   0300    0300
  7457   39975     41  sub    0     0   0300    0300
  7458   39978     41  sub    0     0   0300    0300
  7459   39981     41  sub    0     0   0300    0300
  7460   39984     41  sub    0     0   0300    0300
  7461   39987     41  sub    0     0   0300    0300
  7462   39990     41  sub    0     0   0300    0300
  7463   39993     41  sub    0     0   0300    0300
  7464   39996     41  sub    0     0   0300    0300
  7465   39999     41  sub    0     0   0300    0300
  7466   40002     41  sub    0     0   0300    0300
  7467   40005     41  sub    0     0   0300    0300
  7468   40008     41  sub    0     0   0300    0300
  7469   40011     41  sub    0     0   0300    0300
  7470   40014     41  sub    0     0   0300    0300
  7471   40017     41  sub    0     0   0300    0300
  7472   40020     41  sub    0     0   0300    0300
  7473   40023     41  sub    0     0   0300    0300
  7474   40026     41  sub    0     0   0300    0300
  7475   40029     41  sub    0     0   0300    0300
  7476   40032     41  sub    0     0   0300    0300
  7477   40035     41  sub    0     0   0300    0300
  7478   40038     41  sub    0     0   0300    0300
  7479   40041     41  sub    0     0   0300    0300
  7480   40044     41  sub    0     0   0300    0300
  7481   40047     41  sub    0     0   0300    0300
  7482   40050     41  sub    0     0   0300    0300
  7483   40053     41  sub    0     0   0300    0300
  7484   40056     41  sub    0     0   0300    0300
  7485   40059     41  sub    0     0   0300    0300
  7486   40062     41  sub    0     0   0300    0300
  7487   40065     41  sub    0     0   0300    0300
  7488   40068     41  sub    0     0   0300    0300
  7489   40071     41  sub    0     0   0300    0300
  7490   40074     41  sub    0     0   0300    0300
  7491   40077     41  sub    0     0   0300    0300
  7492   40080     41  sub    0     0   0300    0300
  7493   40083     41  sub    0     0   0300    0300
  7494   40086     41  sub    0     0   0300    0300
  7495   40089     41  sub    0     0   0300    0300
  7496   40092     41  sub    0     0   0300    0300
  7497   40095     41  sub    0     0   0300    0300
  7498   40098     41  sub    0     0   0300    0300
  7499   40101     41  sub    0     0   0300    0300
  7500   40104     41  sub    0     0   0300    0300
  7501   40107     41  sub    0     0   0300    0300
  7502   40110     41  sub    0     0   0300    0300
  7503   40113     41  sub    0     0   0300    0300
  7504   40116     41  sub    0     0   0300    0300
  7505   40119     41  sub    0     0   0300    0300
  7506   40122     41  sub    0     0   0300    0300
  7507   40125     41  sub    0     0   0300    0300
  7508   40128     41  sub    0     0   0300    0300
  7509   40131     41  sub    0     0   0300    0300
  7510   40134     41  sub    0     0   0300    0300
  7511   40137     41  sub    0     0   0300    0300
  7512   40140     41  sub    0     0   0300    0300
  7513   40143     41  sub    0     0   0300    0300
  7514   40146     41  sub    0     0   0300    0300
  7515   40149     41  sub    0     0   0300    0300
  7516   40152     41  sub    0     0   0300    0300
  7517   40155     41  sub    0     0   0300    0300
  7518   40158     41  sub    0     0   0300    0300
  7519   40161     41  sub    0     0   0300    0300
  7520   40164     41  sub    0     0   0300    0300
  7521   40167     41  sub    0     0   0300    0300
  7522   40170     41  sub    0     0   0300    0300
  7523   40173     41  sub    0     0   0300    0300
  7524   40176     41  sub    0     0   0300    0300
  7525   40179     41  sub    0     0   0300    0300
  7526   40182     41  sub    0     0   0300    0300
  7527   40185     41  sub    0     0   0300    0300
  7528   40188     41  sub    0     0   0300    0300
  7529   40191     41  sub    0     0   0300    0300
  7530   40194     41  sub    0     0   0300    0300
  7531   40197     41  sub    0     0   0300    0300
  7532   40200     41  sub    0     0   0300    0300
  7533   40203     41  sub    0     0   0300    0300
  7534   40206     41  sub    0     0   0300    0300
  7535   40209     41  sub    0     0   0300    0300
  7536   40212     41  sub    0     0   0300    0300
  7537   40215     41  sub    0     0   0300    0300
  7538   40218     41  sub    0     0   0300    0300
  7539   40221     41  sub    0     0   0300    0300
  7540   40224     41  sub    0     0   0300    0300
  7541   40227     41  sub    0     0   0300    0300
  7542   40230     41  sub    0     0   0300    0300
  7543   40233     41  sub    0     0   0300    0300
  7544   40236     41  sub    0     0   0300    0300
  7545   40239     41  sub    0     0   0300    0300
  7546   40242     41  sub    0     0   0300    0300
  7547   40245     41  sub    0     0   0300    0300
  7548   40248     41  sub    0     0   0300    0300
  7549   40251     41  sub    0     0   0300    0300
  7550   40254     41  sub    0     0   0300    0300
  7551   40257     41  sub    0     0   0300    0300
  7552   40260     41  sub    0     0   0300    0300
  7553   40263     41  sub    0     0   0300    0300
  7554   40266     41  sub    0     0   0300    0300
  7555   40269     41  sub    0     0   0300    0300
  7556   40272     41  sub    0     0   0300    0300
  7557   40275     41  sub    0     0   0300    0300
  7558   40278     41  sub    0     0   0300    0300
  7559   40281     41  sub    0     0   0300    0300
  7560   40284     41  sub    0     0   0300    0300
  7561   40287     41  sub    0     0   0300    0300
  7562   40290     41  sub    0     0   0300    0300
  7563   40293     41  sub    0     0   0300    0300
  7564   40296     41  sub    0     0   0300    0300
  7565   40299     41  sub    0     0   0300    0300
  7566   40302     41  sub    0     0   0300    0300
  7567   40305     41  sub    0     0   0300    0300
  7568   40308     41  sub    0     0   0300    0300
  7569   40311     41  sub    0     0   0300    0300
  7570   40314     41  sub    0     0   0300    0300
  7571   40317     41  sub    0     0   0300    0300
  7572   40320     41  sub    0     0   0300    0300
  7573   40323     41  sub    0     0   0300    0300
  7574   40326     41  sub    0     0   0300    0300
  7575   40329     41  sub    0     0   0300    0300
  7576   40332     41  sub    0     0   0300    0300
  7577   40335     41  sub    0     0   0300    0300
  7578   40338     41  sub    0     0   0300    0300
  7579   40341     41  sub    0     0   0300    0300
  7580   40344     41  sub    0     0   0300    0300
  7581   40347     41  sub    0     0   0300    0300
  7582   40350     41  sub    0     0   0300    0300
  7583   40353     41  sub    0     0   0300    0300
  7584   40356     41  sub    0     0   0300    0300
  7585   40359     41  sub    0     0   0300    0300
  7586   40362     41  sub    0     0   0300    0300
  7587   40365     41  sub    0     0   0300    0300
  7588   40368     41  sub    0     0   0300    0300
  7589   40371     41  sub    0     0   0300    0300
  7590   40374     41  sub    0     0   0300    0300
  7591   40377     41  sub    0     0   0300    0300
  7592   40380     41  sub    0     0   0300    0300
  7593   40383     41  sub    0     0   0300    0300
  7594   40386     41  sub    0     0   0300    0300
  7595   40389     41  sub    0     0   0300    0300
  7596   40392     41  sub    0     0   0300    0300
  7597   40395     41  sub    0     0   0300    0300
  7598   40398     41  sub    0     0   0300    0300
  7599   40401     41  sub    0     0   0300    0300
  7600   40404     41  sub    0     0   0300    0300
  7601   40407     41  sub    0     0   0300    0300
  7602   40410     41  sub    0     0   0300    0300
  7603   40413     41  sub    0     0   0300    0300
  7604   40416     41  sub    0     0   0300    0300
  7605   40419     41  sub    0     0   0300    0300
  7606   40422     41  sub    0     0   0300    0300
  7607   40425     41  sub    0     0   0300    0300
  7608   40428     41  sub    0     0   0300    0300
  7609   40431     41  sub    0     0   0300    0300
  7610   40434     41  sub    0     0   0300    0300
  7611   40437     41  sub    0     0   0300    0300
  7612   40440     41  sub    0     0   0300    0300
  7613   40443     41  sub    0     0   0300    0300
  7614   40446     41  sub    0     0   0300    0300
  7615   40449     41  sub    0     0   0300    0300
  7616   40452     41  sub    0     0   0300    0300
  7617   40455     41  sub    0     0   0300    0300
  7618   40458     41  sub    0     0   0300    0300
  7619   40461     41  sub    0     0   0300    0300
  7620   40464     41  sub    0     0   0300    0300
  7621   40467     41  sub    0     0   0300    0300
  7622   40470     41  sub    0     0   0300    0300
  7623   40473     41  sub    0     0   0300    0300
  7624   40476     41  sub    0     0   0300    0300
  7625   40479     41  sub    0     0   0300    0300
  7626   40482     41  sub    0     0   0300    0300
  7627   40485     41  sub    0     0   0300    0300
  7628   40488     41  sub    0     0   0300    0300
  7629   40491     41  sub    0     0   0300    0300
  7630   40494     41  sub    0     0   0300    0300
  7631   40497     41  sub    0     0   0300    0300
  7632   40500     41  sub    0     0   0300    0300
  7633   40503     41  sub    0     0   0300    0300
  7634   40506     41  sub    0     0   0300    0300
  7635   40509     41  sub    0     0   0300    0300
  7636   40512     41  sub    0     0   0300    0300
  7637   40515     41  sub    0     0   0300    0300
  7638   40518     41  sub    0     0   0300    0300
  7639   40521     41  sub    0     0   0300    0300
  7640   40524     41  sub    0     0   0300    0300
  7641   40527     41  sub    0     0   0300    0300
  7642   40530     41  sub    0     0   0300    0300
  7643   40533     41  sub    0     0   0300    0300
  7644   40536     41  sub    0     0   0300    0300
  7645   40539     41  sub    0     0   0300    0300
  7646   40542     41  sub    0     0   0300    0300
  7647   40545     41  sub    0     0   0300    0300
  7648   40548     41  sub    0     0   0300    0300
  7649   40551     41  sub    0     0   0300    0300
  7650   40554     41  sub    0     0   0300    0300
  7651   40557     41  sub    0     0   0300    0300
  7652   40560     41  sub    0     0   0300    0300
  7653   40563     41  sub    0     0   0300    0300
  7654   40566     41  sub    0     0   0300    0300
  7655   40569     41  sub    0     0   0300    0300
  7656   40572     41  sub    0     0   0300    0300
  7657   40575     41  sub    0     0   0300    0300
  7658   40578     41  sub    0     0   0300    0300
  7659   40581     41  sub    0     0   0300    0300
  7660   40584     41  sub    0     0   0300    0300
  7661   40587     41  sub    0     0   0300    0300
  7662   40590     41  sub    0     0   0300    0300
  7663   40593     41  sub    0     0   0300    0300
  7664   40596     41  sub    0     0   0300    0300
  7665   40599     41  sub    0     0   0300    0300
  7666   40602     41  sub    0     0   0300    0300
  7667   40605     41  sub    0     0   0300    0300
  7668   40608     41  sub    0     0   0300    0300
  7669   40611     41  sub    0     0   0300    0300
  7670   40614     41  sub    0     0   0300    0300
  7671   40617     41  sub    0     0   0300    0300
  7672   40620     41  sub    0     0   0300    0300
  7673   40623     41  sub    0     0   0300    0300
  7674   40626     41  sub    0     0   0300    0300
  7675   40629     41  sub    0     0   0300    0300
  7676   40632     41  sub    0     0   0300    0300
  7677   40635     41  sub    0     0   0300    0300
  7678   40638     41  sub    0     0   0300    0300
  7679   40641     41  sub    0     0   0300    0300
  7680   40644     41  sub    0     0   0300    0300
  7681   40647     41  sub    0     0   0300    0300
  7682   40650     41  sub    0     0   0300    0300
  7683   40653     41  sub    0     0   0300    0300
  7684   40656     41  sub    0     0   0300    0300
  7685   40659     41  sub    0     0   0300    0300
  7686   40662     41  sub    0     0   0300    0300
  7687   40665     41  sub    0     0   0300    0300
  7688   40668     41  sub    0     0   0300    0300
  7689   40671     41  sub    0     0   0300    0300
  7690   40674     41  sub    0     0   0300    0300
  7691   40677     41  sub    0     0   0300    0300
  7692   40680     41  sub    0     0   0300    0300
  7693   40683     41  sub    0     0   0300    0300
  7694   40686     41  sub    0     0   0300    0300
  7695   40689     41  sub    0     0   0300    0300
  7696   40692     41  sub    0     0   0300    0300
  7697   40695     41  sub    0     0   0300    0300
  7698   40698     41  sub    0     0   0300    0300
  7699   40701     41  sub    0     0   0300    0300
  7700   40704     41  sub    0     0   0300    0300
  7701   40707     41  sub    0     0   0300    0300
  7702   40710     41  sub    0     0   0300    0300
  7703   40713     41  sub    0     0   0300    0300
  7704   40716     41  sub    0     0   0300    0300
  7705   40719     41  sub    0     0   0300    0300
  7706   40722     41  sub    0     0   0300    0300
  7707   40725     41  sub    0     0   0300    0300
  7708   40728     41  sub    0     0   0300    0300
  7709   40731     41  sub    0     0   0300    0300
  7710   40734     41  sub    0     0   0300    0300
  7711   40737     41  sub    0     0   0300    0300
  7712   40740     41  sub    0     0   0300    0300
  7713   40743     41  sub    0     0   0300    0300
  7714   40746     41  sub    0     0   0300    0300
  7715   40749     41  sub    0     0   0300    0300
  7716   40752     41  sub    0     0   0300    0300
  7717   40755     41  sub    0     0   0300    0300
  7718   40758     41  sub    0     0   0300    0300
  7719   40761     41  sub    0     0   0300    0300
  7720   40764     41  sub    0     0   0300    0300
  7721   40767     41  sub    0     0   0300    0300
  7722   40770     41  sub    0     0   0300    0300
  7723   40773     41  sub    0     0   0300    0300
  7724   40776     41  sub    0     0   0300    0300
  7725   40779     41  sub    0     0   0300    0300
  7726   40782     41  sub    0     0   0300    0300
  7727   40785     41  sub    0     0   0300    0300
  7728   40788     41  sub    0     0   0300    0300
  7729   40791     41  sub    0     0   0300    0300
  7730   40794     41  sub    0     0   0300    0300
  7731   40797     41  sub    0     0   0300    0300
  7732   40800     41  sub    0     0   0300    0300
  7733   40803     41  sub    0     0   0300    0300
  7734   40806     41  sub    0     0   0300    0300
  7735   40809     41  sub    0     0   0300    0300
  7736   40812     41  sub    0     0   0300    0300
  7737   40815     41  sub    0     0   0300    0300
  7738   40818     41  sub    0     0   0300    0300
  7739   40821     41  sub    0     0   0300    0300
  7740   40824     41  sub    0     0   0300    0300
  7741   40827     41  sub    0     0   0300    0300
  7742   40830     41  sub    0     0   0300    0300
  7743   40833     41  sub    0     0   0300    0300
  7744   40836     41  sub    0     0   0300    0300
  7745   40839     41  sub    0     0   0300    0300
  7746   40842     41  sub    0     0   0300    0300
  7747   40845     41  sub    0     0   0300    0300
  7748   40848     41  sub    0     0   0300    0300
  7749   40851     41  sub    0     0   0300    0300
  7750   40854     41  sub    0     0   0300    0300
  7751   40857     41  sub    0     0   0300    0300
  7752   40860     41  sub    0     0   0300    0300
  7753   40863     41  sub    0     0   0300    0300
  7754   40866     41  sub    0     0   0300    0300
  7755   40869     41  sub    0     0   0300    0300
  7756   40872     41  sub    0     0   0300    0300
  7757   40875     41  sub    0     0   0300    0300
  7758   40878     41  sub    0     0   0300    0300
  7759   40881     41  sub    0     0   0300    0300
  7760   40884     41  sub    0     0   0300    0300
  7761   40887     41  sub    0     0   0300    0300
  7762   40890     41  sub    0     0   0300    0300
  7763   40893     41  sub    0     0   0300    0300
  7764   40896     41  sub    0     0   0300    0300
  7765   40899     41  sub    0     0   0300    0300
  7766   40902     41  sub    0     0   0300    0300
  7767   40905     41  sub    0     0   0300    0300
  7768   40908     41  sub    0     0   0300    0300
  7769   40911     41  sub    0     0   0300    0300
  7770   40914     41  sub    0     0   0300    0300
  7771   40917     41  sub    0     0   0300    0300
  7772   40920     41  sub    0     0   0300    0300
  7773   40923     41  sub    0     0   0300    0300
  7774   40926     41  sub    0     0   0300    0300
  7775   40929     41  sub    0     0   0300    0300
  7776   40932     41  sub    0     0   0300    0300
  7777   40935     41  sub    0     0   0300    0300
  7778   40938     41  sub    0     0   0300    0300
  7779   40941     41  sub    0     0   0300    0300
  7780   40944     41  sub    0     0   0300    0300
  7781   40947     41  sub    0     0   0300    0300
  7782   40950     41  sub    0     0   0300    0300
  7783   40953     41  sub    0     0   0300    0300
  7784   40956     41  sub    0     0   0300    0300
  7785   40959     41  sub    0     0   0300    0300
  7786   40962     41  sub    0     0   0300    0300
  7787   40965     41  sub    0     0   0300    0300
  7788   40968     41  sub    0     0   0300    0300
  7789   40971     41  sub    0     0   0300    0300
  7790   40974     41  sub    0     0   0300    0300
  7791   40977     41  sub    0     0   0300    0300
  7792   40980     41  sub    0     0   0300    0300
  7793   40983     41  sub    0     0   0300    0300
  7794   40986     41  sub    0     0   0300    0300
  7795   40989     41  sub    0     0   0300    0300
  7796   40992     41  sub    0     0   0300    0300
  7797   40995     41  sub    0     0   0300    0300
  7798   40998     41  sub    0     0   0300    0300
  7799   41001     41  sub    0     0   0300    0300
  7800   41004     41  sub    0     0   0300    0300
  7801   41007     41  sub    0     0   0300    0300
  7802   41010     41  sub    0     0   0300    0300
  7803   41013     41  sub    0     0   0300    0300
  7804   41016     41  sub    0     0   0300    0300
  7805   41019     41  sub    0     0   0300    0300
  7806   41022     41  sub    0     0   0300    0300
  7807   41025     41  sub    0     0   0300    0300
  7808   41028     41  sub    0     0   0300    0300
  7809   41031     41  sub    0     0   0300    0300
  7810   41034     41  sub    0     0   0300    0300
  7811   41037     41  sub    0     0   0300    0300
  7812   41040     41  sub    0     0   0300    0300
  7813   41043     41  sub    0     0   0300    0300
  7814   41046     41  sub    0     0   0300    0300
  7815   41049     41  sub    0     0   0300    0300
  7816   41052     41  sub    0     0   0300    0300
  7817   41055     41  sub    0     0   0300    0300
  7818   41058     41  sub    0     0   0300    0300
  7819   41061     41  sub    0     0   0300    0300
  7820   41064     41  sub    0     0   0300    0300
  7821   41067     41  sub    0     0   0300    0300
  7822   41070     41  sub    0     0   0300    0300
  7823   41073     41  sub    0     0   0300    0300
  7824   41076     41  sub    0     0   0300    0300
  7825   41079     41  sub    0     0   0300    0300
  7826   41082     41  sub    0     0   0300    0300
  7827   41085     41  sub    0     0   0300    0300
  7828   41088     41  sub    0     0   0300    0300
  7829   41091     41  sub    0     0   0300    0300
  7830   41094     41  sub    0     0   0300    0300
  7831   41097     41  sub    0     0   0300    0300
  7832   41100     41  sub    0     0   0300    0300
  7833   41103     41  sub    0     0   0300    0300
  7834   41106     41  sub    0     0   0300    0300
  7835   41109     41  sub    0     0   0300    0300
  7836   41112     41  sub    0     0   0300    0300
  7837   41115     41  sub    0     0   0300    0300
  7838   41118     41  sub    0     0   0300    0300
  7839   41121     41  sub    0     0   0300    0300
  7840   41124     41  sub    0     0   0300    0300
  7841   41127     41  sub    0     0   0300    0300
  7842   41130     41  sub    0     0   0300    0300
  7843   41133     41  sub    0     0   0300    0300
  7844   41136     41  sub    0     0   0300    0300
  7845   41139     41  sub    0     0   0300    0300
  7846   41142     41  sub    0     0   0300    0300
  7847   41145     41  sub    0     0   0300    0300
  7848   41148     41  sub    0     0   0300    0300
  7849   41151     41  sub    0     0   0300    0300
  7850   41154     41  sub    0     0   0300    0300
  7851   41157     41  sub    0     0   0300    0300
  7852   41160     41  sub    0     0   0300    0300
  7853   41163     41  sub    0     0   0300    0300
  7854   41166     41  sub    0     0   0300    0300
  7855   41169     41  sub    0     0   0300    0300
  7856   41172     41  sub    0     0   0300    0300
  7857   41175     41  sub    0     0   0300    0300
  7858   41178     41  sub    0     0   0300    0300
  7859   41181     41  sub    0     0   0300    0300
  7860   41184     41  sub    0     0   0300    0300
  7861   41187     41  sub    0     0   0300    0300
  7862   41190     41  sub    0     0   0300    0300
  7863   41193     41  sub    0     0   0300    0300
  7864   41196     41  sub    0     0   0300    0300
  7865   41199     41  sub    0     0   0300    0300
  7866   41202     41  sub    0     0   0300    0300
  7867   41205     41  sub    0     0   0300    0300
  7868   41208     41  sub    0     0   0300    0300
  7869   41211     41  sub    0     0   0300    0300
  7870   41214     41  sub    0     0   0300    0300
  7871   41217     41  sub    0     0   0300    0300
  7872   41220     41  sub    0     0   0300    0300
  7873   41223     41  sub    0     0   0300    0300
  7874   41226     41  sub    0     0   0300    0300
  7875   41229     41  sub    0     0   0300    0300
  7876   41232     41  sub    0     0   0300    0300
  7877   41235     41  sub    0     0   0300    0300
  7878   41238     41  sub    0     0   0300    0300
  7879   41241     41  sub    0     0   0300    0300
  7880   41244     41  sub    0     0   0300    0300
  7881   41247     41  sub    0     0   0300    0300
  7882   41250     41  sub    0     0   0300    0300
  7883   41253     41  sub    0     0   0300    0300
  7884   41256     41  sub    0     0   0300    0300
  7885   41259     41  sub    0     0   0300    0300
  7886   41262     41  sub    0     0   0300    0300
  7887   41265     41  sub    0     0   0300    0300
  7888   41268     41  sub    0     0   0300    0300
  7889   41271     41  sub    0     0   0300    0300
  7890   41274     41  sub    0     0   0300    0300
  7891   41277     41  sub    0     0   0300    0300
  7892   41280     41  sub    0     0   0300    0300
  7893   41283     41  sub    0     0   0300    0300
  7894   41286     41  sub    0     0   0300    0300
  7895   41289     41  sub    0     0   0300    0300
  7896   41292     41  sub    0     0   0300    0300
  7897   41295     41  sub    0     0   0300    0300
  7898   41298     41  sub    0     0   0300    0300
  7899   41301     41  sub    0     0   0300    0300
  7900   41304     41  sub    0     0   0300    0300
  7901   41307     41  sub    0     0   0300    0300
  7902   41310     41  sub    0     0   0300    0300
  7903   41313     41  sub    0     0   0300    0300
  7904   41316     41  sub    0     0   0300    0300
  7905   41319     41  sub    0     0   0300    0300
  7906   41322     41  sub    0     0   0300    0300
  7907   41325     41  sub    0     0   0300    0300
  7908   41328     41  sub    0     0   0300    0300
  7909   41331     41  sub    0     0   0300    0300
  7910   41334     41  sub    0     0   0300    0300
  7911   41337     41  sub    0     0   0300    0300
  7912   41340     41  sub    0     0   0300    0300
  7913   41343     41  sub    0     0   0300    0300
  7914   41346     41  sub    0     0   0300    0300
  7915   41349     41  sub    0     0   0300    0300
  7916   41352     41  sub    0     0   0300    0300
  7917   41355     41  sub    0     0   0300    0300
  7918   41358     41  sub    0     0   0300    0300
  7919   41361     41  sub    0     0   0300    0300
  7920   41364     41  sub    0     0   0300    0300
  7921   41367     41  sub    0     0   0300    0300
  7922   41370     41  sub    0     0   0300    0300
  7923   41373     41  sub    0     0   0300    0300
  7924   41376     41  sub    0     0   0300    0300
  7925   41379     41  sub    0     0   0300    0300
  7926   41382     41  sub    0     0   0300    0300
  7927   41385     41  sub    0     0   0300    0300
  7928   41388     41  sub    0     0   0300    0300
  7929   41391     41  sub    0     0   0300    0300
  7930   41394     41  sub    0     0   0300    0300
  7931   41397     41  sub    0     0   0300    0300
  7932   41400     41  sub    0     0   0300    0300
  7933   41403     41  sub    0     0   0300    0300
  7934   41406     41  sub    0     0   0300    0300
  7935   41409     41  sub    0     0   0300    0300
  7936   41412     41  sub    0     0   0300    0300
  7937   41415     41  sub    0     0   0300    0300
  7938   41418     41  sub    0     0   0300    0300
  7939   41421     41  sub    0     0   0300    0300
  7940   41424     41  sub    0     0   0300    0300
  7941   41427     41  sub    0     0   0300    0300
  7942   41430     41  sub    0     0   0300    0300
  7943   41433     41  sub    0     0   0300    0300
  7944   41436     41  sub    0     0   0300    0300
  7945   41439     41  sub    0     0   0300    0300
  7946   41442     41  sub    0     0   0300    0300
  7947   41445     41  sub    0     0   0300    0300
  7948   41448     41  sub    0     0   0300    0300
  7949   41451     41  sub    0     0   0300    0300
  7950   41454     41  sub    0     0   0300    0300
  7951   41457     41  sub    0     0   0300    0300
  7952   41460     41  sub    0     0   0300    0300
  7953   41463     41  sub    0     0   0300    0300
  7954   41466     41  sub    0     0   0300    0300
  7955   41469     41  sub    0     0   0300    0300
  7956   41472     41  sub    0     0   0300    0300
  7957   41475     41  sub    0     0   0300    0300
  7958   41478     41  sub    0     0   0300    0300
  7959   41481     41  sub    0     0   0300    0300
  7960   41484     41  sub    0     0   0300    0300
  7961   41487     41  sub    0     0   0300    0300
  7962   41490     41  sub    0     0   0300    0300
  7963   41493     41  sub    0     0   0300    0300
  7964   41496     41  sub    0     0   0300    0300
  7965   41499     41  sub    0     0   0300    0300
  7966   41502     41  sub    0     0   0300    0300
  7967   41505     41  sub    0     0   0300    0300
  7968   41508     41  sub    0     0   0300    0300
  7969   41511     41  sub    0     0   0300    0300
  7970   41514     41  sub    0     0   0300    0300
  7971   41517     41  sub    0     0   0300    0300
  7972   41520     41  sub    0     0   0300    0300
  7973   41523     41  sub    0     0   0300    0300
  7974   41526     41  sub    0     0   0300    0300
  7975   41529     41  sub    0     0   0300    0300
  7976   41532     41  sub    0     0   0300    0300
  7977   41535     41  sub    0     0   0300    0300
  7978   41538     41  sub    0     0   0300    0300
  7979   41541     41  sub    0     0   0300    0300
  7980   41544     41  sub    0     0   0300    0300
  7981   41547     41  sub    0     0   0300    0300
  7982   41550     41  sub    0     0   0300    0300
  7983   41553     41  sub    0     0   0300    0300
  7984   41556     41  sub    0     0   0300    0300
  7985   41559     41  sub    0     0   0300    0300
  7986   41562     41  sub    0     0   0300    0300
  7987   41565     41  sub    0     0   0300    0300
  7988   41568     41  sub    0     0   0300    0300
  7989   41571     41  sub    0     0   0300    0300
  7990   41574     41  sub    0     0   0300    0300
  7991   41577     41  sub    0     0   0300    0300
  7992   41580     41  sub    0     0   0300    0300
  7993   41583     41  sub    0     0   0300    0300
  7994   41586     41  sub    0     0   0300    0300
  7995   41589     41  sub    0     0   0300    0300
  7996   41592     41  sub    0     0   0300    0300
  7997   41595     41  sub    0     0   0300    0300
  7998   41598     41  sub    0     0   0300    0300
  7999   41601     41  sub    0     0   0300    0300
  8000   41604     41  sub    0     0   0300    0300
  8001   41607     41  sub    0     0   0300    0300
  8002   41610     41  sub    0     0   0300    0300
  8003   41613     41  sub    0     0   0300    0300
  8004   41616     41  sub    0     0   0300    0300
  8005   41619     41  sub    0     0   0300    0300
  8006   41622     41  sub    0     0   0300    0300
  8007   41625     41  sub    0     0   0300    0300
  8008   41628     41  sub    0     0   0300    0300
  8009   41631     41  sub    0     0   0300    0300
  8010   41634     41  sub    0     0   0300    0300
  8011   41637     41  sub    0     0   0300    0300
  8012   41640     41  sub    0     0   0300    0300
  8013   41643     41  sub    0     0   0300    0300
  8014   41646     41  sub    0     0   0300    0300
  8015   41649     41  sub    0     0   0300    0300
  8016   41652     41  sub    0     0   0300    0300
  8017   41655     41  sub    0     0   0300    0300
  8018   41658     41  sub    0     0   0300    0300
  8019   41661     41  sub    0     0   0300    0300
  8020   41664     41  sub    0     0   0300    0300
  8021   41667     41  sub    0     0   0300    0300
  8022   41670     41  sub    0     0   0300    0300
  8023   41673     41  sub    0     0   0300    0300
  8024   41676     41  sub    0     0   0300    0300
  8025   41679     41  sub    0     0   0300    0300
  8026   41682     41  sub    0     0   0300    0300
  8027   41685     41  sub    0     0   0300    0300
  8028   41688     41  sub    0     0   0300    0300
  8029   41691     41  sub    0     0   0300    0300
  8030   41694     41  sub    0     0   0300    0300
  8031   41697     41  sub    0     0   0300    0300
  8032   41700     41  sub    0     0   0300    0300
  8033   41703     41  sub    0     0   0300    0300
  8034   41706     41  sub    0     0   0300    0300
  8035   41709     41  sub    0     0   0300    0300
  8036   41712     41  sub    0     0   0300    0300
  8037   41715     41  sub    0     0   0300    0300
  8038   41718     41  sub    0     0   0300    0300
  8039   41721     41  sub    0     0   0300    0300
  8040   41724     41  sub    0     0   0300    0300
  8041   41727     41  sub    0     0   0300    0300
  8042   41730     41  sub    0     0   0300    0300
  8043   41733     41  sub    0     0   0300    0300
  8044   41736     41  sub    0     0   0300    0300
  8045   41739     41  sub    0     0   0300    0300
  8046   41742     41  sub    0     0   0300    0300
  8047   41745     41  sub    0     0   0300    0300
  8048   41748     41  sub    0     0   0300    0300
  8049   41751     41  sub    0     0   0300    0300
  8050   41754     41  sub    0     0   0300    0300
  8051   41757     41  sub    0     0   0300    0300
  8052   41760     41  sub    0     0   0300    0300
  8053   41763     41  sub    0     0   0300    0300
  8054   41766     41  sub    0     0   0300    0300
  8055   41769     41  sub    0     0   0300    0300
  8056   41772     41  sub    0     0   0300    0300
  8057   41775     41  sub    0     0   0300    0300
  8058   41778     41  sub    0     0   0300    0300
  8059   41781     41  sub    0     0   0300    0300
  8060   41784     41  sub    0     0   0300    0300
  8061   41787     41  sub    0     0   0300    0300
  8062   41790     41  sub    0     0   0300    0300
  8063   41793     41  sub    0     0   0300    0300
  8064   41796     41  sub    0     0   0300    0300
  8065   41799     41  sub    0     0   0300    0300
  8066   41802     41  sub    0     0   0300    0300
  8067   41805     41  sub    0     0   0300    0300
  8068   41808     41  sub    0     0   0300    0300
  8069   41811     41  sub    0     0   0300    0300
  8070   41814     41  sub    0     0   0300    0300
  8071   41817     41  sub    0     0   0300    0300
  8072   41820     41  sub    0     0   0300    0300
  8073   41823     41  sub    0     0   0300    0300
  8074   41826     41  sub    0     0   0300    0300
  8075   41829     41  sub    0     0   0300    0300
  8076   41832     41  sub    0     0   0300    0300
  8077   41835     41  sub    0     0   0300    0300
  8078   41838     41  sub    0     0   0300    0300
  8079   41841     41  sub    0     0   0300    0300
  8080   41844     41  sub    0     0   0300    0300
  8081   41847     41  sub    0     0   0300    0300
  8082   41850     41  sub    0     0   0300    0300
  8083   41853     41  sub    0     0   0300    0300
  8084   41856     41  sub    0     0   0300    0300
  8085   41859     41  sub    0     0   0300    0300
  8086   41862     41  sub    0     0   0300    0300
  8087   41865     41  sub    0     0   0300    0300
  8088   41868     41  sub    0     0   0300    0300
  8089   41871     41  sub    0     0   0300    0300
  8090   41874     41  sub    0     0   0300    0300
  8091   41877     41  sub    0     0   0300    0300
  8092   41880     41  sub    0     0   0300    0300
  8093   41883     41  sub    0     0   0300    0300
  8094   41886     41  sub    0     0   0300    0300
  8095   41889     41  sub    0     0   0300    0300
  8096   41892     41  sub    0     0   0300    0300
  8097   41895     41  sub    0     0   0300    0300
  8098   41898     41  sub    0     0   0300    0300
  8099   41901     41  sub    0     0   0300    0300
  8100   41904     41  sub    0     0   0300    0300
  8101   41907     41  sub    0     0   0300    0300
  8102   41910     41  sub    0     0   0300    0300
  8103   41913     41  sub    0     0   0300    0300
  8104   41916     41  sub    0     0   0300    0300
  8105   41919     41  sub    0     0   0300    0300
  8106   41922     41  sub    0     0   0300    0300
  8107   41925     41  sub    0     0   0300    0300
  8108   41928     41  sub    0     0   0300    0300
  8109   41931     41  sub    0     0   0300    0300
  8110   41934     41  sub    0     0   0300    0300
  8111   41937     41  sub    0     0   0300    0300
  8112   41940     41  sub    0     0   0300    0300
  8113   41943     41  sub    0     0   0300    0300
  8114   41946     41  sub    0     0   0300    0300
  8115   41949     41  sub    0     0   0300    0300
  8116   41952     41  sub    0     0   0300    0300
  8117   41955     41  sub    0     0   0300    0300
  8118   41958     41  sub    0     0   0300    0300
  8119   41961     41  sub    0     0   0300    0300
  8120   41964     41  sub    0     0   0300    0300
  8121   41967     41  sub    0     0   0300    0300
  8122   41970     41  sub    0     0   0300    0300
  8123   41973     41  sub    0     0   0300    0300
  8124   41976     41  sub    0     0   0300    0300
  8125   41979     41  sub    0     0   0300    0300
  8126   41982     41  sub    0     0   0300    0300
  8127   41985     41  sub    0     0   0300    0300
  8128   41988     41  sub    0     0   0300    0300
  8129   41991     41  sub    0     0   0300    0300
  8130   41994     41  sub    0     0   0300    0300
  8131   41997     41  sub    0     0   0300    0300
  8132   42000     41  sub    0     0   0300    0300
  8133   42003     41  sub    0     0   0300    0300
  8134   42006     41  sub    0     0   0300    0300
  8135   42009     41  sub    0     0   0300    0300
  8136   42012     41  sub    0     0   0300    0300
  8137   42015     41  sub    0     0   0300    0300
  8138   42018     41  sub    0     0   0300    0300
  8139   42021     41  sub    0     0   0300    0300
  8140   42024     41  sub    0     0   0300    0300
  8141   42027     41  sub    0     0   0300    0300
  8142   42030     41  sub    0     0   0300    0300
  8143   42033     41  sub    0     0   0300    0300
  8144   42036     41  sub    0     0   0300    0300
  8145   42039     41  sub    0     0   0300    0300
  8146   42042     41  sub    0     0   0300    0300
  8147   42045     41  sub    0     0   0300    0300
  8148   42048     41  sub    0     0   0300    0300
  8149   42051     41  sub    0     0   0300    0300
  8150   42054     41  sub    0     0   0300    0300
  8151   42057     41  sub    0     0   0300    0300
  8152   42060     41  sub    0     0   0300    0300
  8153   42063     41  sub    0     0   0300    0300
  8154   42066     41  sub    0     0   0300    0300
  8155   42069     41  sub    0     0   0300    0300
  8156   42072     41  sub    0     0   0300    0300
  8157   42075     41  sub    0     0   0300    0300
  8158   42078     41  sub    0     0   0300    0300
  8159   42081     41  sub    0     0   0300    0300
  8160   42084     41  sub    0     0   0300    0300
  8161   42087     41  sub    0     0   0300    0300
  8162   42090     41  sub    0     0   0300    0300
  8163   42093     41  sub    0     0   0300    0300
  8164   42096     41  sub    0     0   0300    0300
  8165   42099     41  sub    0     0   0300    0300
  8166   42102     41  sub    0     0   0300    0300
  8167   42105     41  sub    0     0   0300    0300
  8168   42108     41  sub    0     0   0300    0300
  8169   42111     41  sub    0     0   0300    0300
  8170   42114     41  sub    0     0   0300    0300
  8171   42117     41  sub    0     0   0300    0300
  8172   42120     41  sub    0     0   0300    0300
  8173   42123     41  sub    0     0   0300    0300
  8174   42126     41  sub    0     0   0300    0300
  8175   42129     41  sub    0     0   0300    0300
  8176   42132     41  sub    0     0   0300    0300
  8177   42135     41  sub    0     0   0300    0300
  8178   42138     41  sub    0     0   0300    0300
  8179   42141     41  sub    0     0   0300    0300
  8180   42144     41  sub    0     0   0300    0300
  8181   42147     41  sub    0     0   0300    0300
  8182   42150     41  sub    0     0   0300    0300
  8183   42153     41  sub    0     0   0300    0300
  8184   42156     41  sub    0     0   0300    0300
  8185   42159     41  sub    0     0   0300    0300
  8186   42162     41  sub    0     0   0300    0300
  8187   42165     41  sub    0     0   0300    0300
  8188   42168     41  sub    0     0   0300    0300
  8189   42171     41  sub    0     0   0300    0300
  8190   42174     41  sub    0     0   0300    0300
  8191   42177     41  sub    0     0   0300    0300
  8192   42180     41  sub    0     0   0300    0300
  8193   42183     41  sub    0     0   0300    0300
  8194   42186     41  sub    0     0   0300    0300
  8195   42189     41  sub    0     0   0300    0300
  8196   42192     41  sub    0     0   0300    0300
  8197   42195     41  sub    0     0   0300    0300
  8198   42198     41  sub    0     0   0300    0300
  8199   42201     41  sub    0     0   0300    0300
  8200   42204     41  sub    0     0   0300    0300
  8201   42207     41  sub    0     0   0300    0300
  8202   42210     41  sub    0     0   0300    0300
  8203   42213     41  sub    0     0   0300    0300
  8204   42216     41  sub    0     0   0300    0300
  8205   42219     41  sub    0     0   0300    0300
  8206   42222     41  sub    0     0   0300    0300
  8207   42225     41  sub    0     0   0300    0300
  8208   42228     41  sub    0     0   0300    0300
  8209   42231     41  sub    0     0   0300    0300
  8210   42234     41  sub    0     0   0300    0300
  8211   42237     41  sub    0     0   0300    0300
  8212   42240     41  sub    0     0   0300    0300
  8213   42243     41  sub    0     0   0300    0300
  8214   42246     41  sub    0     0   0300    0300
  8215   42249     41  sub    0     0   0300    0300
  8216   42252     41  sub    0     0   0300    0300
  8217   42255     41  sub    0     0   0300    0300
  8218   42258     41  sub    0     0   0300    0300
  8219   42261     41  sub    0     0   0300    0300
  8220   42264     41  sub    0     0   0300    0300
  8221   42267     41  sub    0     0   0300    0300
  8222   42270     41  sub    0     0   0300    0300
  8223   42273     41  sub    0     0   0300    0300
  8224   42276     41  sub    0     0   0300    0300
  8225   42279     41  sub    0     0   0300    0300
  8226   42282     41  sub    0     0   0300    0300
  8227   42285     41  sub    0     0   0300    0300
  8228   42288     41  sub    0     0   0300    0300
  8229   42291     41  sub    0     0   0300    0300
  8230   42294     41  sub    0     0   0300    0300
  8231   42297     41  sub    0     0   0300    0300
  8232   42300     41  sub    0     0   0300    0300
  8233   42303     41  sub    0     0   0300    0300
  8234   42306     41  sub    0     0   0300    0300
  8235   42309     41  sub    0     0   0300    0300
  8236   42312     41  sub    0     0   0300    0300
  8237   42315     41  sub    0     0   0300    0300
  8238   42318     41  sub    0     0   0300    0300
  8239   42321     41  sub    0     0   0300    0300
  8240   42324     41  sub    0     0   0300    0300
  8241   42327     41  sub    0     0   0300    0300
  8242   42330     41  sub    0     0   0300    0300
  8243   42333     41  sub    0     0   0300    0300
  8244   42336     41  sub    0     0   0300    0300
  8245   42339     41  sub    0     0   0300    0300
  8246   42342     41  sub    0     0   0300    0300
  8247   42345     41  sub    0     0   0300    0300
  8248   42348     41  sub    0     0   0300    0300
  8249   42351     41  sub    0     0   0300    0300
  8250   42354     41  sub    0     0   0300    0300
  8251   42357     41  sub    0     0   0300    0300
  8252   42360     41  sub    0     0   0300    0300
  8253   42363     41  sub    0     0   0300    0300
  8254   42366     41  sub    0     0   0300    0300
  8255   42369     41  sub    0     0   0300    0300
  8256   42372     41  sub    0     0   0300    0300
  8257   42375     41  sub    0     0   0300    0300
  8258   42378     41  sub    0     0   0300    0300
  8259   42381     41  sub    0     0   0300    0300
  8260   42384     41  sub    0     0   0300    0300
  8261   42387     41  sub    0     0   0300    0300
  8262   42390     41  sub    0     0   0300    0300
  8263   42393     41  sub    0     0   0300    0300
  8264   42396     41  sub    0     0   0300    0300
  8265   42399     41  sub    0     0   0300    0300
  8266   42402     41  sub    0     0   0300    0300
  8267   42405     41  sub    0     0   0300    0300
  8268   42408     41  sub    0     0   0300    0300
  8269   42411     41  sub    0     0   0300    0300
  8270   42414     41  sub    0     0   0300    0300
  8271   42417     41  sub    0     0   0300    0300
  8272   42420     41  sub    0     0   0300    0300
  8273   42423     41  sub    0     0   0300    0300
  8274   42426     41  sub    0     0   0300    0300
  8275   42429     41  sub    0     0   0300    0300
  8276   42432     41  sub    0     0   0300    0300
  8277   42435     41  sub    0     0   0300    0300
  8278   42438     41  sub    0     0   0300    0300
  8279   42441     41  sub    0     0   0300    0300
  8280   42444     41  sub    0     0   0300    0300
  8281   42447     41  sub    0     0   0300    0300
  8282   42450     41  sub    0     0   0300    0300
  8283   42453     41  sub    0     0   0300    0300
  8284   42456     41  sub    0     0   0300    0300
  8285   42459     41  sub    0     0   0300    0300
  8286   42462     41  sub    0     0   0300    0300
  8287   42465     41  sub    0     0   0300    0300
  8288   42468     41  sub    0     0   0300    0300
  8289   42471     41  sub    0     0   0300    0300
  8290   42474     41  sub    0     0   0300    0300
  8291   42477     41  sub    0     0   0300    0300
  8292   42480     41  sub    0     0   0300    0300
  8293   42483     41  sub    0     0   0300    0300
  8294   42486     41  sub    0     0   0300    0300
  8295   42489     41  sub    0     0   0300    0300
  8296   42492     41  sub    0     0   0300    0300
  8297   42495     41  sub    0     0   0300    0300
  8298   42498     41  sub    0     0   0300    0300
  8299   42501     41  sub    0     0   0300    0300
  8300   42504     41  sub    0     0   0300    0300
  8301   42507     41  sub    0     0   0300    0300
  8302   42510     41  sub    0     0   0300    0300
  8303   42513     41  sub    0     0   0300    0300
  8304   42516     41  sub    0     0   0300    0300
  8305   42519     41  sub    0     0   0300    0300
  8306   42522     41  sub    0     0   0300    0300
  8307   42525     41  sub    0     0   0300    0300
  8308   42528     41  sub    0     0   0300    0300
  8309   42531     41  sub    0     0   0300    0300
  8310   42534     41  sub    0     0   0300    0300
  8311   42537     41  sub    0     0   0300    0300
  8312   42540     41  sub    0     0   0300    0300
  8313   42543     41  sub    0     0   0300    0300
  8314   42546     41  sub    0     0   0300    0300
  8315   42549     41  sub    0     0   0300    0300
  8316   42552     41  sub    0     0   0300    0300
  8317   42555     41  sub    0     0   0300    0300
  8318   42558     41  sub    0     0   0300    0300
  8319   42561     41  sub    0     0   0300    0300
  8320   42564     41  sub    0     0   0300    0300
  8321   42567     41  sub    0     0   0300    0300
  8322   42570     41  sub    0     0   0300    0300
  8323   42573     41  sub    0     0   0300    0300
  8324   42576     41  sub    0     0   0300    0300
  8325   42579     41  sub    0     0   0300    0300
  8326   42582     41  sub    0     0   0300    0300
  8327   42585     41  sub    0     0   0300    0300
  8328   42588     41  sub    0     0   0300    0300
  8329   42591     41  sub    0     0   0300    0300
  8330   42594     41  sub    0     0   0300    0300
  8331   42597     41  sub    0     0   0300    0300
  8332   42600     41  sub    0     0   0300    0300
  8333   42603     41  sub    0     0   0300    0300
  8334   42606     41  sub    0     0   0300    0300
  8335   42609     41  sub    0     0   0300    0300
  8336   42612     41  sub    0     0   0300    0300
  8337   42615     41  sub    0     0   0300    0300
  8338   42618     41  sub    0     0   0300    0300
  8339   42621     41  sub    0     0   0300    0300
  8340   42624     41  sub    0     0   0300    0300
  8341   42627     41  sub    0     0   0300    0300
  8342   42630     41  sub    0     0   0300    0300
  8343   42633     41  sub    0     0   0300    0300
  8344   42636     41  sub    0     0   0300    0300
  8345   42639     41  sub    0     0   0300    0300
  8346   42642     41  sub    0     0   0300    0300
  8347   42645     41  sub    0     0   0300    0300
  8348   42648     41  sub    0     0   0300    0300
  8349   42651     41  sub    0     0   0300    0300
  8350   42654     41  sub    0     0   0300    0300
  8351   42657     41  sub    0     0   0300    0300
  8352   42660     41  sub    0     0   0300    0300
  8353   42663     41  sub    0     0   0300    0300
  8354   42666     41  sub    0     0   0300    0300
  8355   42669     41  sub    0     0   0300    0300
  8356   42672     41  sub    0     0   0300    0300
  8357   42675     41  sub    0     0   0300    0300
  8358   42678     41  sub    0     0   0300    0300
  8359   42681     41  sub    0     0   0300    0300
  8360   42684     41  sub    0     0   0300    0300
  8361   42687     41  sub    0     0   0300    0300
  8362   42690     41  sub    0     0   0300    0300
  8363   42693     41  sub    0     0   0300    0300
  8364   42696     41  sub    0     0   0300    0300
  8365   42699     41  sub    0     0   0300    0300
  8366   42702     41  sub    0     0   0300    0300
  8367   42705     41  sub    0     0   0300    0300
  8368   42708     41  sub    0     0   0300    0300
  8369   42711     41  sub    0     0   0300    0300
  8370   42714     41  sub    0     0   0300    0300
  8371   42717     41  sub    0     0   0300    0300
  8372   42720     41  sub    0     0   0300    0300
  8373   42723     41  sub    0     0   0300    0300
  8374   42726     41  sub    0     0   0300    0300
  8375   42729     41  sub    0     0   0300    0300
  8376   42732     41  sub    0     0   0300    0300
  8377   42735     41  sub    0     0   0300    0300
  8378   42738     41  sub    0     0   0300    0300
  8379   42741     41  sub    0     0   0300    0300
  8380   42744     41  sub    0     0   0300    0300
  8381   42747     41  sub    0     0   0300    0300
  8382   42750     41  sub    0     0   0300    0300
  8383   42753     41  sub    0     0   0300    0300
  8384   42756     41  sub    0     0   0300    0300
  8385   42759     41  sub    0     0   0300    0300
  8386   42762     41  sub    0     0   0300    0300
  8387   42765     41  sub    0     0   0300    0300
  8388   42768     41  sub    0     0   0300    0300
  8389   42771     41  sub    0     0   0300    0300
  8390   42774     41  sub    0     0   0300    0300
  8391   42777     41  sub    0     0   0300    0300
  8392   42780     41  sub    0     0   0300    0300
  8393   42783     41  sub    0     0   0300    0300
  8394   42786     41  sub    0     0   0300    0300
  8395   42789     41  sub    0     0   0300    0300
  8396   42792     41  sub    0     0   0300    0300
  8397   42795     41  sub    0     0   0300    0300
  8398   42798     41  sub    0     0   0300    0300
  8399   42801     41  sub    0     0   0300    0300
  8400   42804     41  sub    0     0   0300    0300
  8401   42807     41  sub    0     0   0300    0300
  8402   42810     41  sub    0     0   0300    0300
  8403   42813     41  sub    0     0   0300    0300
  8404   42816     41  sub    0     0   0300    0300
  8405   42819     41  sub    0     0   0300    0300
  8406   42822     41  sub    0     0   0300    0300
  8407   42825     41  sub    0     0   0300    0300
  8408   42828     41  sub    0     0   0300    0300
  8409   42831     41  sub    0     0   0300    0300
  8410   42834     41  sub    0     0   0300    0300
  8411   42837     41  sub    0     0   0300    0300
  8412   42840     41  sub    0     0   0300    0300
  8413   42843     41  sub    0     0   0300    0300
  8414   42846     41  sub    0     0   0300    0300
  8415   42849     41  sub    0     0   0300    0300
  8416   42852     41  sub    0     0   0300    0300
  8417   42855     41  sub    0     0   0300    0300
  8418   42858     41  sub    0     0   0300    0300
  8419   42861     41  sub    0     0   0300    0300
  8420   42864     41  sub    0     0   0300    0300
  8421   42867     41  sub    0     0   0300    0300
  8422   42870     41  sub    0     0   0300    0300
  8423   42873     41  sub    0     0   0300    0300
  8424   42876     41  sub    0     0   0300    0300
  8425   42879     41  sub    0     0   0300    0300
  8426   42882     41  sub    0     0   0300    0300
  8427   42885     41  sub    0     0   0300    0300
  8428   42888     41  sub    0     0   0300    0300
  8429   42891     41  sub    0     0   0300    0300
  8430   42894     41  sub    0     0   0300    0300
  8431   42897     41  sub    0     0   0300    0300
  8432   42900     41  sub    0     0   0300    0300
  8433   42903     41  sub    0     0   0300    0300
  8434   42906     41  sub    0     0   0300    0300
  8435   42909     41  sub    0     0   0300    0300
  8436   42912     41  sub    0     0   0300    0300
  8437   42915     41  sub    0     0   0300    0300
  8438   42918     41  sub    0     0   0300    0300
  8439   42921     41  sub    0     0   0300    0300
  8440   42924     41  sub    0     0   0300    0300
  8441   42927     41  sub    0     0   0300    0300
  8442   42930     41  sub    0     0   0300    0300
  8443   42933     41  sub    0     0   0300    0300
  8444   42936     41  sub    0     0   0300    0300
  8445   42939     41  sub    0     0   0300    0300
  8446   42942     41  sub    0     0   0300    0300
  8447   42945     41  sub    0     0   0300    0300
  8448   42948     41  sub    0     0   0300    0300
  8449   42951     41  sub    0     0   0300    0300
  8450   42954     41  sub    0     0   0300    0300
  8451   42957     41  sub    0     0   0300    0300
  8452   42960     41  sub    0     0   0300    0300
  8453   42963     41  sub    0     0   0300    0300
  8454   42966     41  sub    0     0   0300    0300
  8455   42969     41  sub    0     0   0300    0300
  8456   42972     41  sub    0     0   0300    0300
  8457   42975     41  sub    0     0   0300    0300
  8458   42978     41  sub    0     0   0300    0300
  8459   42981     41  sub    0     0   0300    0300
  8460   42984     41  sub    0     0   0300    0300
  8461   42987     41  sub    0     0   0300    0300
  8462   42990     41  sub    0     0   0300    0300
  8463   42993     41  sub    0     0   0300    0300
  8464   42996     41  sub    0     0   0300    0300
  8465   42999     41  sub    0     0   0300    0300
  8466   43002     41  sub    0     0   0300    0300
  8467   43005     41  sub    0     0   0300    0300
  8468   43008     41  sub    0     0   0300    0300
  8469   43011     41  sub    0     0   0300    0300
  8470   43014     41  sub    0     0   0300    0300
  8471   43017     41  sub    0     0   0300    0300
  8472   43020     41  sub    0     0   0300    0300
  8473   43023     41  sub    0     0   0300    0300
  8474   43026     41  sub    0     0   0300    0300
  8475   43029     41  sub    0     0   0300    0300
  8476   43032     41  sub    0     0   0300    0300
  8477   43035     41  sub    0     0   0300    0300
  8478   43038     41  sub    0     0   0300    0300
  8479   43041     41  sub    0     0   0300    0300
  8480   43044     41  sub    0     0   0300    0300
  8481   43047     41  sub    0     0   0300    0300
  8482   43050     41  sub    0     0   0300    0300
  8483   43053     41  sub    0     0   0300    0300
  8484   43056     41  sub    0     0   0300    0300
  8485   43059     41  sub    0     0   0300    0300
  8486   43062     41  sub    0     0   0300    0300
  8487   43065     41  sub    0     0   0300    0300
  8488   43068     41  sub    0     0   0300    0300
  8489   43071     41  sub    0     0   0300    0300
  8490   43074     41  sub    0     0   0300    0300
  8491   43077     41  sub    0     0   0300    0300
  8492   43080     41  sub    0     0   0300    0300
  8493   43083     41  sub    0     0   0300    0300
  8494   43086     41  sub    0     0   0300    0300
  8495   43089     41  sub    0     0   0300    0300
  8496   43092     41  sub    0     0   0300    0300
  8497   43095     41  sub    0     0   0300    0300
  8498   43098     41  sub    0     0   0300    0300
  8499   43101     41  sub    0     0   0300    0300
  8500   43104     41  sub    0     0   0300    0300
  8501   43107     41  sub    0     0   0300    0300
  8502   43110     41  sub    0     0   0300    0300
  8503   43113     41  sub    0     0   0300    0300
  8504   43116     41  sub    0     0   0300    0300
  8505   43119     41  sub    0     0   0300    0300
  8506   43122     41  sub    0     0   0300    0300
  8507   43125     41  sub    0     0   0300    0300
  8508   43128     41  sub    0     0   0300    0300
  8509   43131     41  sub    0     0   0300    0300
  8510   43134     41  sub    0     0   0300    0300
  8511   43137     41  sub    0     0   0300    0300
  8512   43140     41  sub    0     0   0300    0300
  8513   43143     41  sub    0     0   0300    0300
  8514   43146     41  sub    0     0   0300    0300
  8515   43149     41  sub    0     0   0300    0300
  8516   43152     41  sub    0     0   0300    0300
  8517   43155     41  sub    0     0   0300    0300
  8518   43158     41  sub    0     0   0300    0300
  8519   43161     41  sub    0     0   0300    0300
  8520   43164     41  sub    0     0   0300    0300
  8521   43167     41  sub    0     0   0300    0300
  8522   43170     41  sub    0     0   0300    0300
  8523   43173     41  sub    0     0   0300    0300
  8524   43176     41  sub    0     0   0300    0300
  8525   43179     41  sub    0     0   0300    0300
  8526   43182     41  sub    0     0   0300    0300
  8527   43185     41  sub    0     0   0300    0300
  8528   43188     41  sub    0     0   0300    0300
  8529   43191     41  sub    0     0   0300    0300
  8530   43194     41  sub    0     0   0300    0300
  8531   43197     41  sub    0     0   0300    0300
  8532   43200     41  sub    0     0   0300    0300
  8533   43203     41  sub    0     0   0300    0300
  8534   43206     41  sub    0     0   0300    0300
  8535   43209     41  sub    0     0   0300    0300
  8536   43212     41  sub    0     0   0300    0300
  8537   43215     41  sub    0     0   0300    0300
  8538   43218     41  sub    0     0   0300    0300
  8539   43221     41  sub    0     0   0300    0300
  8540   43224     41  sub    0     0   0300    0300
  8541   43227     41  sub    0     0   0300    0300
  8542   43230     41  sub    0     0   0300    0300
  8543   43233     41  sub    0     0   0300    0300
  8544   43236     41  sub    0     0   0300    0300
  8545   43239     41  sub    0     0   0300    0300
  8546   43242     41  sub    0     0   0300    0300
  8547   43245     41  sub    0     0   0300    0300
  8548   43248     41  sub    0     0   0300    0300
  8549   43251     41  sub    0     0   0300    0300
  8550   43254     41  sub    0     0   0300    0300
  8551   43257     41  sub    0     0   0300    0300
  8552   43260     41  sub    0     0   0300    0300
  8553   43263     41  sub    0     0   0300    0300
  8554   43266     41  sub    0     0   0300    0300
  8555   43269     41  sub    0     0   0300    0300
  8556   43272     41  sub    0     0   0300    0300
  8557   43275     41  sub    0     0   0300    0300
  8558   43278     41  sub    0     0   0300    0300
  8559   43281     41  sub    0     0   0300    0300
  8560   43284     41  sub    0     0   0300    0300
  8561   43287     41  sub    0     0   0300    0300
  8562   43290     41  sub    0     0   0300    0300
  8563   43293     41  sub    0     0   0300    0300
  8564   43296     41  sub    0     0   0300    0300
  8565   43299     41  sub    0     0   0300    0300
  8566   43302     41  sub    0     0   0300    0300
  8567   43305     41  sub    0     0   0300    0300
  8568   43308     41  sub    0     0   0300    0300
  8569   43311     41  sub    0     0   0300    0300
  8570   43314     41  sub    0     0   0300    0300
  8571   43317     41  sub    0     0   0300    0300
  8572   43320     41  sub    0     0   0300    0300
  8573   43323     41  sub    0     0   0300    0300
  8574   43326     41  sub    0     0   0300    0300
  8575   43329     41  sub    0     0   0300    0300
  8576   43332     41  sub    0     0   0300    0300
  8577   43335     41  sub    0     0   0300    0300
  8578   43338     41  sub    0     0   0300    0300
  8579   43341     41  sub    0     0   0300    0300
  8580   43344     41  sub    0     0   0300    0300
  8581   43347     41  sub    0     0   0300    0300
  8582   43350     41  sub    0     0   0300    0300
  8583   43353     41  sub    0     0   0300    0300
  8584   43356     41  sub    0     0   0300    0300
  8585   43359     41  sub    0     0   0300    0300
  8586   43362     41  sub    0     0   0300    0300
  8587   43365     41  sub    0     0   0300    0300
  8588   43368     41  sub    0     0   0300    0300
  8589   43371     41  sub    0     0   0300    0300
  8590   43374     41  sub    0     0   0300    0300
  8591   43377     41  sub    0     0   0300    0300
  8592   43380     41  sub    0     0   0300    0300
  8593   43383     41  sub    0     0   0300    0300
  8594   43386     41  sub    0     0   0300    0300
  8595   43389     41  sub    0     0   0300    0300
  8596   43392     41  sub    0     0   0300    0300
  8597   43395     41  sub    0     0   0300    0300
  8598   43398     41  sub    0     0   0300    0300
  8599   43401     41  sub    0     0   0300    0300
  8600   43404     41  sub    0     0   0300    0300
  8601   43407     41  sub    0     0   0300    0300
  8602   43410     41  sub    0     0   0300    0300
  8603   43413     41  sub    0     0   0300    0300
  8604   43416     41  sub    0     0   0300    0300
  8605   43419     41  sub    0     0   0300    0300
  8606   43422     41  sub    0     0   0300    0300
  8607   43425     41  sub    0     0   0300    0300
  8608   43428     41  sub    0     0   0300    0300
  8609   43431     41  sub    0     0   0300    0300
  8610   43434     41  sub    0     0   0300    0300
  8611   43437     41  sub    0     0   0300    0300
  8612   43440     41  sub    0     0   0300    0300
  8613   43443     41  sub    0     0   0300    0300
  8614   43446     41  sub    0     0   0300    0300
  8615   43449     41  sub    0     0   0300    0300
  8616   43452     41  sub    0     0   0300    0300
  8617   43455     41  sub    0     0   0300    0300
  8618   43458     41  sub    0     0   0300    0300
  8619   43461     41  sub    0     0   0300    0300
  8620   43464     41  sub    0     0   0300    0300
  8621   43467     41  sub    0     0   0300    0300
  8622   43470     41  sub    0     0   0300    0300
  8623   43473     41  sub    0     0   0300    0300
  8624   43476     41  sub    0     0   0300    0300
  8625   43479     41  sub    0     0   0300    0300
  8626   43482     41  sub    0     0   0300    0300
  8627   43485     41  sub    0     0   0300    0300
  8628   43488     41  sub    0     0   0300    0300
  8629   43491     41  sub    0     0   0300    0300
  8630   43494     41  sub    0     0   0300    0300
  8631   43497     41  sub    0     0   0300    0300
  8632   43500     41  sub    0     0   0300    0300
  8633   43503     41  sub    0     0   0300    0300
  8634   43506     41  sub    0     0   0300    0300
  8635   43509     41  sub    0     0   0300    0300
  8636   43512     41  sub    0     0   0300    0300
  8637   43515     41  sub    0     0   0300    0300
  8638   43518     41  sub    0     0   0300    0300
  8639   43521     41  sub    0     0   0300    0300
  8640   43524     41  sub    0     0   0300    0300
  8641   43527     41  sub    0     0   0300    0300
  8642   43530     41  sub    0     0   0300    0300
  8643   43533     41  sub    0     0   0300    0300
  8644   43536     41  sub    0     0   0300    0300
  8645   43539     41  sub    0     0   0300    0300
  8646   43542     41  sub    0     0   0300    0300
  8647   43545     41  sub    0     0   0300    0300
  8648   43548     41  sub    0     0   0300    0300
  8649   43551     41  sub    0     0   0300    0300
  8650   43554     41  sub    0     0   0300    0300
  8651   43557     41  sub    0     0   0300    0300
  8652   43560     41  sub    0     0   0300    0300
  8653   43563     41  sub    0     0   0300    0300
  8654   43566     41  sub    0     0   0300    0300
  8655   43569     41  sub    0     0   0300    0300
  8656   43572     41  sub    0     0   0300    0300
  8657   43575     41  sub    0     0   0300    0300
  8658   43578     41  sub    0     0   0300    0300
  8659   43581     41  sub    0     0   0300    0300
  8660   43584     41  sub    0     0   0300    0300
  8661   43587     41  sub    0     0   0300    0300
  8662   43590     41  sub    0     0   0300    0300
  8663   43593     41  sub    0     0   0300    0300
  8664   43596     41  sub    0     0   0300    0300
  8665   43599     41  sub    0     0   0300    0300
  8666   43602     41  sub    0     0   0300    0300
  8667   43605     41  sub    0     0   0300    0300
  8668   43608     41  sub    0     0   0300    0300
  8669   43611     41  sub    0     0   0300    0300
  8670   43614     41  sub    0     0   0300    0300
  8671   43617     41  sub    0     0   0300    0300
  8672   43620     41  sub    0     0   0300    0300
  8673   43623     41  sub    0     0   0300    0300
  8674   43626     41  sub    0     0   0300    0300
  8675   43629     41  sub    0     0   0300    0300
  8676   43632     41  sub    0     0   0300    0300
  8677   43635     41  sub    0     0   0300    0300
  8678   43638     41  sub    0     0   0300    0300
  8679   43641     41  sub    0     0   0300    0300
  8680   43644     41  sub    0     0   0300    0300
  8681   43647     41  sub    0     0   0300    0300
  8682   43650     41  sub    0     0   0300    0300
  8683   43653     41  sub    0     0   0300    0300
  8684   43656     41  sub    0     0   0300    0300
  8685   43659     41  sub    0     0   0300    0300
  8686   43662     41  sub    0     0   0300    0300
  8687   43665     41  sub    0     0   0300    0300
  8688   43668     41  sub    0     0   0300    0300
  8689   43671     41  sub    0     0   0300    0300
  8690   43674     41  sub    0     0   0300    0300
  8691   43677     41  sub    0     0   0300    0300
  8692   43680     41  sub    0     0   0300    0300
  8693   43683     41  sub    0     0   0300    0300
  8694   43686     41  sub    0     0   0300    0300
  8695   43689     41  sub    0     0   0300    0300
  8696   43692     41  sub    0     0   0300    0300
  8697   43695     41  sub    0     0   0300    0300
  8698   43698     41  sub    0     0   0300    0300
  8699   43701     41  sub    0     0   0300    0300
  8700   43704     41  sub    0     0   0300    0300
  8701   43707     41  sub    0     0   0300    0300
  8702   43710     41  sub    0     0   0300    0300
  8703   43713     41  sub    0     0   0300    0300
  8704   43716     41  sub    0     0   0300    0300
  8705   43719     41  sub    0     0   0300    0300
  8706   43722     41  sub    0     0   0300    0300
  8707   43725     41  sub    0     0   0300    0300
  8708   43728     41  sub    0     0   0300    0300
  8709   43731     41  sub    0     0   0300    0300
  8710   43734     41  sub    0     0   0300    0300
  8711   43737     41  sub    0     0   0300    0300
  8712   43740     41  sub    0     0   0300    0300
  8713   43743     41  sub    0     0   0300    0300
  8714   43746     41  sub    0     0   0300    0300
  8715   43749     41  sub    0     0   0300    0300
  8716   43752     41  sub    0     0   0300    0300
  8717   43755     41  sub    0     0   0300    0300
  8718   43758     41  sub    0     0   0300    0300
  8719   43761     41  sub    0     0   0300    0300
  8720   43764     41  sub    0     0   0300    0300
  8721   43767     41  sub    0     0   0300    0300
  8722   43770     41  sub    0     0   0300    0300
  8723   43774     41  sub    0     0   0336    0336
  8724   43797     41  sub    0     0   01CE    01CE
  8725   43832     41  sub    0     0   0300    0300
  8726   43835     41  sub    0     0   0300    0300
  8727   43838     41  sub    0     0   0300    0300
  8728   43841     41  sub    0     0   0300    0300
  8729   43844     41  sub    0     0   0300    0300
  8730   43847     41  sub    0     0   0300    0300
  8731   43850     41  sub    0     0   0300    0300
  8732   43853     41  sub    0     0   0300    0300
  8733   43856     41  sub    0     0   0300    0300
  8734   43859     41  sub    0     0   0300    0300
  8735   43862     41  sub    0     0   0300    0300
  8736   43865     41  sub    0     0   0300    0300
  8737   43868     41  sub    0     0   0300    0300
  8738   43871     41  sub    0     0   0300    0300
  8739   43874     41  sub    0     0   0300    0300
  8740   43877     41  sub    0     0   0300    0300
  8741   43880     41  sub    0     0   0300    0300
  8742   43883     41  sub    0     0   0300    0300
  8743   43886     41  sub    0     0   0300    0300
  8744   43889     41  sub    0     0   0300    0300
  8745   43892     41  sub    0     0   0300    0300
  8746   43895     41  sub    0     0   0300    0300
  8747   43898     41  sub    0     0   0300    0300
  8748   43901     41  sub    0     0   0300    0300
  8749   43904     41  sub    0     0   0300    0300
  8750   43907     41  sub    0     0   0300    0300
  8751   43910     41  sub    0     0   0300    0300
  8752   43913     41  sub    0     0   0300    0300
  8753   43916     41  sub    0     0   0300    0300
  8754   43919     41  sub    0     0   0300    0300
  8755   43922     41  sub    0     0   0300    0300
  8756   43925     41  sub    0     0   0300    0300
  8757   43928     41  sub    0     0   0300    0300
  8758   43931     41  sub    0     0   0300    0300
  8759   43934     41  sub    0     0   0300    0300
  8760   43937     41  sub    0     0   0300    0300
  8761   43940     41  sub    0     0   0300    0300
  8762   43943     41  sub    0     0   0300    0300
  8763   43946     41  sub    0     0   0300    0300
  8764   43949     41  sub    0     0   0300    0300
  8765   43952     41  sub    0     0   0300    0300
  8766   43955     41  sub    0     0   0300    0300
  8767   43958     41  sub    0     0   0300    0300
  8768   43961     41  sub    0     0   0300    0300
  8769   43964     41  sub    0     0   0300    0300
  8770   43967     41  sub    0     0   0300    0300
  8771   43970     41  sub    0     0   0300    0300
  8772   43973     41  sub    0     0   0300    0300
  8773   43976     41  sub    0     0   0300    0300
  8774   43979     41  sub    0     0   0300    0300
  8775   43982     41  sub    0     0   0300    0300
  8776   43985     41  sub    0     0   0300    0300
  8777   43988     41  sub    0     0   0300    0300
  8778   43991     41  sub    0     0   0300    0300
  8779   43994     41  sub    0     0   0300    0300
  8780   43997     41  sub    0     0   0300    0300
  8781   44000     41  sub    0     0   0300    0300
  8782   44003     41  sub    0     0   0300    0300
  8783   44006     41  sub    0     0   0300    0300
  8784   44009     41  sub    0     0   0300    0300
  8785   44012     41  sub    0     0   0300    0300
  8786   44015     41  sub    0     0   0300    0300
  8787   44018     41  sub    0     0   0300    0300
  8788   44021     41  sub    0     0   0300    0300
  8789   44024     41  sub    0     0   0300    0300
  8790   44027     41  sub    0     0   0300    0300
  8791   44030     41  sub    0     0   0300    0300
  8792   44033     41  sub    0     0   0300    0300
  8793   44036     41  sub    0     0   0300    0300
  8794   44039     41  sub    0     0   0300    0300
  8795   44042     41  sub    0     0   0300    0300
  8796   44045     41  sub    0     0   0300    0300
  8797   44048     41  sub    0     0   0300    0300
  8798   44051     41  sub    0     0   0300    0300
  8799   44054     41  sub    0     0   0300    0300
  8800   44057     41  sub    0     0   0300    0300
  8801   44060     41  sub    0     0   0300    0300
  8802   44063     41  sub    0     0   0300    0300
  8803   44066     41  sub    0     0   0300    0300
  8804   44069     41  sub    0     0   0300    0300
  8805   44072     41  sub    0     0   0300    0300
  8806   44075     41  sub    0     0   0300    0300
  8807   44078     41  sub    0     0   0300    0300
  8808   44081     41  sub    0     0   0300    0300
  8809   44084     41  sub    0     0   0300    0300
  8810   44087     41  sub    0     0   0300    0300
  8811   44090     41  sub    0     0   0300    0300
  8812   44093     41  sub    0     0   0300    0300
  8813   44096     41  sub    0     0   0300    0300
  8814   44099     41  sub    0     0   0300    0300
  8815   44102     41  sub    0     0   0300    0300
  8816   44105     41  sub    0     0   0300    0300
  8817   44108     41  sub    0     0   0300    0300
  8818   44111     41  sub    0     0   0300    0300
  8819   44114     41  sub    0     0   0300    0300
  8820   44117     41  sub    0     0   0300    0300
  8821   44120     41  sub    0     0   0300    0300
  8822   44123     41  sub    0     0   0300    0300
  8823   44126     41  sub    0     0   0300    0300
  8824   44129     41  sub    0     0   0300    0300
  8825   44132     41  sub    0     0   0300    0300
  8826   44135     41  sub    0     0   0300    0300
  8827   44138     41  sub    0     0   0300    0300
  8828   44141     41  sub    0     0   0300    0300
  8829   44144     41  sub    0     0   0300    0300
  8830   44147     41  sub    0     0   0300    0300
  8831   44150     41  sub    0     0   0300    0300
  8832   44153     41  sub    0     0   0300    0300
  8833   44156     41  sub    0     0   0300    0300
  8834   44159     41  sub    0     0   0300    0300
  8835   44162     41  sub    0     0   0300    0300
  8836   44165     41  sub    0     0   0300    0300
  8837   44168     41  sub    0     0   0300    0300
  8838   44171     41  sub    0     0   0300    0300
  8839   44174     41  sub    0     0   0300    0300
  8840   44177     41  sub    0     0   0300    0300
  8841   44180     41  sub    0     0   0300    0300
  8842   44183     41  sub    0     0   0300    0300
  8843   44186     41  sub    0     0   0300    0300
  8844   44189     41  sub    0     0   0300    0300
  8845   44192     41  sub    0     0   0300    0300
  8846   44195     41  sub    0     0   0300    0300
  8847   44198     41  sub    0     0   0300    0300
  8848   44201     41  sub    0     0   0300    0300
  8849   44204     41  sub    0     0   0300    0300
  8850   44207     41  sub    0     0   0300    0300
  8851   44210     41  sub    0     0   0300    0300
  8852   44213     41  sub    0     0   0300    0300
  8853   44216     41  sub    0     0   0300    0300
  8854   44219     41  sub    0     0   0300    0300
  8855   44222     41  sub    0     0   0300    0300
  8856   44225     41  sub    0     0   0300    0300
  8857   44228     41  sub    0     0   0300    0300
  8858   44231     41  sub    0     0   0300    0300
  8859   44234     41  sub    0     0   0300    0300
  8860   44237     41  sub    0     0   0300    0300
  8861   44240     41  sub    0     0   0300    0300
  8862   44243     41  sub    0     0   0300    0300
  8863   44246     41  sub    0     0   0300    0300
  8864   44249     41  sub    0     0   0300    0300
  8865   44252     41  sub    0     0   0300    0300
  8866   44255     41  sub    0     0   0300    0300
  8867   44258     41  sub    0     0   0300    0300
  8868   44261     41  sub    0     0   0300    0300
  8869   44264     41  sub    0     0   0300    0300
  8870   44267     41  sub    0     0   0300    0300
  8871   44270     41  sub    0     0   0300    0300
  8872   44273     41  sub    0     0   0300    0300
  8873   44276     41  sub    0     0   0300    0300
  8874   44279     41  sub    0     0   0300    0300
  8875   44282     41  sub    0     0   0300    0300
  8876   44285     41  sub    0     0   0300    0300
  8877   44288     41  sub    0     0   0300    0300
  8878   44291     41  sub    0     0   0300    0300
  8879   44294     41  sub    0     0   0300    0300
  8880   44297     41  sub    0     0   0300    0300
  8881   44300     41  sub    0     0   0300    0300
  8882   44303     41  sub    0     0   0300    0300
  8883   44306     41  sub    0     0   0300    0300
  8884   44309     41  sub    0     0   0300    0300
  8885   44312     41  sub    0     0   0300    0300
  8886   44315     41  sub    0     0   0300    0300
  8887   44318     41  sub    0     0   0300    0300
  8888   44321     41  sub    0     0   0300    0300
  8889   44324     41  sub    0     0   0300    0300
  8890   44327     41  sub    0     0   0300    0300
  8891   44330     41  sub    0     0   0300    0300
  8892   44333     41  sub    0     0   0300    0300
  8893   44336     41  sub    0     0   0300    0300
  8894   44339     41  sub    0     0   0300    0300
  8895   44342     41  sub    0     0   0300    0300
  8896   44345     41  sub    0     0   0300    0300
  8897   44348     41  sub    0     0   0300    0300
  8898   44351     41  sub    0     0   0300    0300
  8899   44354     41  sub    0     0   0300    0300
  8900   44357     41  sub    0     0   0300    0300
  8901   44360     41  sub    0     0   0300    0300
  8902   44363     41  sub    0     0   0300    0300
  8903   44366     41  sub    0     0   0300    0300
  8904   44369     41  sub    0     0   0300    0300
  8905   44372     41  sub    0     0   0300    0300
  8906   44375     41  sub    0     0   0300    0300
  8907   44378     41  sub    0     0   0300    0300
  8908   44381     41  sub    0     0   0300    0300
  8909   44384     41  sub    0     0   0300    0300
  8910   44387     41  sub    0     0   0300    0300
  8911   44390     41  sub    0     0   0300    0300
  8912   44393     41  sub    0     0   0300    0300
  8913   44396     41  sub    0     0   0300    0300
  8914   44399     41  sub    0     0   0300    0300
  8915   44402     41  sub    0     0   0300    0300
  8916   44405     41  sub    0     0   0300    0300
  8917   44408     41  sub    0     0   0300    0300
  8918   44411     41  sub    0     0   0300    0300
  8919   44414     41  sub    0     0   0300    0300
  8920   44417     41  sub    0     0   0300    0300
  8921   44420     41  sub    0     0   0300    0300
  8922   44423     41  sub    0     0   0300    0300
  8923   44426     41  sub    0     0   0300    0300
  8924   44429     41  sub    0     0   0300    0300
  8925   44432     41  sub    0     0   0300    0300
  8926   44435     41  sub    0     0   0300    0300
  8927   44438     41  sub    0     0   0300    0300
  8928   44441     41  sub    0     0   0300    0300
  8929   44444     41  sub    0     0   0300    0300
  8930   44447     41  sub    0     0   0300    0300
  8931   44450     41  sub    0     0   0300    0300
  8932   44453     41  sub    0     0   0300    0300
  8933   44456     41  sub    0     0   0300    0300
  8934   44459     41  sub    0     0   0300    0300
  8935   44462     41  sub    0     0   0300    0300
  8936   44465     41  sub    0     0   0300    0300
  8937   44468     41  sub    0     0   0300    0300
  8938   44471     41  sub    0     0   0300    0300
  8939   44474     41  sub    0     0   0300    0300
  8940   44477     41  sub    0     0   0300    0300
  8941   44480     41  sub    0     0   0300    0300
  8942   44483     41  sub    0     0   0300    0300
  8943   44486     41  sub    0     0   0300    0300
  8944   44489     41  sub    0     0   0300    0300
  8945   44492     41  sub    0     0   0300    0300
  8946   44495     41  sub    0     0   0300    0300
  8947   44498     41  sub    0     0   0300    0300
  8948   44501     41  sub    0     0   0300    0300
  8949   44504     41  sub    0     0   0300    0300
  8950   44507     41  sub    0     0   0300    0300
  8951   44510     41  sub    0     0   0300    0300
  8952   44513     41  sub    0     0   0300    0300
  8953   44516     41  sub    0     0   0300    0300
  8954   44519     41  sub    0     0   0300    0300
  8955   44522     41  sub    0     0   0300    0300
  8956   44525     41  sub    0     0   0300    0300
  8957   44528     41  sub    0     0   0300    0300
  8958   44531     41  sub    0     0   0300    0300
  8959   44534     41  sub    0     0   0300    0300
  8960   44537     41  sub    0     0   0300    0300
  8961   44540     41  sub    0     0   0300    0300
  8962   44543     41  sub    0     0   0300    0300
  8963   44546     41  sub    0     0   0300    0300
  8964   44549     41  sub    0     0   0300    0300
  8965   44552     41  sub    0     0   0300    0300
  8966   44555     41  sub    0     0   0300    0300
  8967   44558     41  sub    0     0   0300    0300
  8968   44561     41  sub    0     0   0300    0300
  8969   44564     41  sub    0     0   0300    0300
  8970   44567     41  sub    0     0   0300    0300
  8971   44570     41  sub    0     0   0300    0300
  8972   44573     41  sub    0     0   0300    0300
  8973   44576     41  sub    0     0   0300    0300
  8974   44579     41  sub    0     0   0300    0300
  8975   44582     41  sub    0     0   0300    0300
  8976   44585     41  sub    0     0   0300    0300
  8977   44588     41  sub    0     0   0300    0300
  8978   44591     41  sub    0     0   0300    0300
  8979   44594     41  sub    0     0   0300    0300
  8980   44597     41  sub    0     0   0300    0300
  8981   44600     41  sub    0     0   0300    0300
  8982   44603     41  sub    0     0   0300    0300
  8983   44606     41  sub    0     0   0300    0300
  8984   44609     41  sub    0     0   0300    0300
  8985   44612     41  sub    0     0   0300    0300
  8986   44615     41  sub    0     0   0300    0300
  8987   44618     41  sub    0     0   0300    0300
  8988   44621     41  sub    0     0   0300    0300
  8989   44624     41  sub    0     0   0300    0300
  8990   44627     41  sub    0     0   0300    0300
  8991   44630     41  sub    0     0   0300    0300
  8992   44633     41  sub    0     0   0300    0300
  8993   44636     41  sub    0     0   0300    0300
  8994   44639     41  sub    0     0   0300    0300
  8995   44642     41  sub    0     0   0300    0300
  8996   44645     41  sub    0     0   0300    0300
  8997   44648     41  sub    0     0   0300    0300
  8998   44651     41  sub    0     0   0300    0300
  8999   44654     41  sub    0     0   0300    0300
  9000   44657     41  sub    0     0   0300    0300
  9001   44660     41  sub    0     0   0300    0300
  9002   44663     41  sub    0     0   0300    0300
  9003   44666     41  sub    0     0   0300    0300
  9004   44669     41  sub    0     0   0300    0300
  9005   44672     41  sub    0     0   0300    0300
  9006   44675     41  sub    0     0   0300    0300
  9007   44678     41  sub    0     0   0300    0300
  9008   44681     41  sub    0     0   0300    0300
  9009   44684     41  sub    0     0   0300    0300
  9010   44687     41  sub    0     0   0300    0300
  9011   44690     41  sub    0     0   0300    0300
  9012   44693     41  sub    0     0   0300    0300
  9013   44696     41  sub    0     0   0300    0300
  9014   44699     41  sub    0     0   0300    0300
  9015   44702     41  sub    0     0   0300    0300
  9016   44705     41  sub    0     0   0300    0300
  9017   44708     41  sub    0     0   0300    0300
  9018   44711     41  sub    0     0   0300    0300
  9019   44714     41  sub    0     0   0300    0300
  9020   44717     41  sub    0     0   0300    0300
  9021   44720     41  sub    0     0   0300    0300
  9022   44723     41  sub    0     0   0300    0300
  9023   44726     41  sub    0     0   0300    0300
  9024   44729     41  sub    0     0   0300    0300
  9025   44732     41  sub    0     0   0300    0300
  9026   44735     41  sub    0     0   0300    0300
  9027   44738     41  sub    0     0   0300    0300
  9028   44741     41  sub    0     0   0300    0300
  9029   44744     41  sub    0     0   0300    0300
  9030   44747     41  sub    0     0   0300    0300
  9031   44750     41  sub    0     0   0300    0300
  9032   44753     41  sub    0     0   0300    0300
  9033   44756     41  sub    0     0   0300    0300
  9034   44759     41  sub    0     0   0300    0300
  9035   44762     41  sub    0     0   0300    0300
  9036   44765     41  sub    0     0   0300    0300
  9037   44768     41  sub    0     0   0300    0300
  9038   44771     41  sub    0     0   0300    0300
  9039   44774     41  sub    0     0   0300    0300
  9040   44777     41  sub    0     0   0300    0300
  9041   44780     41  sub    0     0   0300    0300
  9042   44783     41  sub    0     0   0300    0300
  9043   44786     41  sub    0     0   0300    0300
  9044   44789     41  sub    0     0   0300    0300
  9045   44792     41  sub    0     0   0300    0300
  9046   44795     41  sub    0     0   0300    0300
  9047   44798     41  sub    0     0   0300    0300
  9048   44801     41  sub    0     0   0300    0300
  9049   44804     41  sub    0     0   0300    0300
  9050   44807     41  sub    0     0   0300    0300
  9051   44810     41  sub    0     0   0300    0300
  9052   44813     41  sub    0     0   0300    0300
  9053   44816     41  sub    0     0   0300    0300
  9054   44819     41  sub    0     0   0300    0300
  9055   44822     41  sub    0     0   0300    0300
  9056   44825     41  sub    0     0   0300    0300
  9057   44828     41  sub    0     0   0300    0300
  9058   44831     41  sub    0     0   0300    0300
  9059   44834     41  sub    0     0   0300    0300
  9060   44837     41  sub    0     0   0300    0300
  9061   44840     41  sub    0     0   0300    0300
  9062   44843     41  sub    0     0   0300    0300
  9063   44846     41  sub    0     0   0300    0300
  9064   44849     41  sub    0     0   0300    0300
  9065   44852     41  sub    0     0   0300    0300
  9066   44855     41  sub    0     0   0300    0300
  9067   44858     41  sub    0     0   0300    0300
  9068   44861     41  sub    0     0   0300    0300
  9069   44864     41  sub    0     0   0300    0300
  9070   44867     41  sub    0     0   0300    0300
  9071   44870     41  sub    0     0   0300    0300
  9072   44873     41  sub    0     0   0300    0300
  9073   44876     41  sub    0     0   0300    0300
  9074   44879     41  sub    0     0   0300    0300
  9075   44882     41  sub    0     0   0300    0300
  9076   44885     41  sub    0     0   0300    0300
  9077   44888     41  sub    0     0   0300    0300
  9078   44891     41  sub    0     0   0300    0300
  9079   44894     41  sub    0     0   0300    0300
  9080   44897     41  sub    0     0   0300    0300
  9081   44900     41  sub    0     0   0300    0300
  9082   44903     41  sub    0     0   0300    0300
  9083   44906     41  sub    0     0   0300    0300
  9084   44909     41  sub    0     0   0300    0300
  9085   44912     41  sub    0     0   0300    0300
  9086   44915     41  sub    0     0   0300    0300
  9087   44918     41  sub    0     0   0300    0300
  9088   44921     41  sub    0     0   0300    0300
  9089   44924     41  sub    0     0   0300    0300
  9090   44927     41  sub    0     0   0300    0300
  9091   44930     41  sub    0     0   0300    0300
  9092   44933     41  sub    0     0   0300    0300
  9093   44936     41  sub    0     0   0300    0300
  9094   44939     41  sub    0     0   0300    0300
  9095   44942     41  sub    0     0   0300    0300
  9096   44945     41  sub    0     0   0300    0300
  9097   44948     41  sub    0     0   0300    0300
  9098   44951     41  sub    0     0   0300    0300
  9099   44954     41  sub    0     0   0300    0300
  9100   44957     41  sub    0     0   0300    0300
  9101   44960     41  sub    0     0   0300    0300
  9102   44963     41  sub    0     0   0300    0300
  9103   44966     41  sub    0     0   0300    0300
  9104   44969     41  sub    0     0   0300    0300
  9105   44972     41  sub    0     0   0300    0300
  9106   44975     41  sub    0     0   0300    0300
  9107   44978     41  sub    0     0   0300    0300
  9108   44981     41  sub    0     0   0300    0300
  9109   44984     41  sub    0     0   0300    0300
  9110   44987     41  sub    0     0   0300    0300
  9111   44990     41  sub    0     0   0300    0300
  9112   44993     41  sub    0     0   0300    0300
  9113   44996     41  sub    0     0   0300    0300
  9114   44999     41  sub    0     0   0300    0300
  9115   45002     41  sub    0     0   0300    0300
  9116   45005     41  sub    0     0   0300    0300
  9117   45008     41  sub    0     0   0300    0300
  9118   45011     41  sub    0     0   0300    0300
  9119   45014     41  sub    0     0   0300    0300
  9120   45017     41  sub    0     0   0300    0300
  9121   45020     41  sub    0     0   0300    0300
  9122   45023     41  sub    0     0   0300    0300
  9123   45026     41  sub    0     0   0300    0300
  9124   45029     41  sub    0     0   0300    0300
  9125   45032     41  sub    0     0   0300    0300
  9126   45035     41  sub    0     0   0300    0300
  9127   45038     41  sub    0     0   0300    0300
  9128   45041     41  sub    0     0   0300    0300
  9129   45044     41  sub    0     0   0300    0300
  9130   45047     41  sub    0     0   0300    0300
  9131   45050     41  sub    0     0   0300    0300
  9132   45053     41  sub    0     0   0300    0300
  9133   45056     41  sub    0     0   0300    0300
  9134   45059     41  sub    0     0   0300    0300
  9135   45062     41  sub    0     0   0300    0300
  9136   45065     41  sub    0     0   0300    0300
  9137   45068     41  sub    0     0   0300    0300
  9138   45071     41  sub    0     0   0300    0300
  9139   45074     41  sub    0     0   0300    0300
  9140   45077     41  sub    0     0   0300    0300
  9141   45080     41  sub    0     0   0300    0300
  9142   45083     41  sub    0     0   0300    0300
  9143   45086     41  sub    0     0   0300    0300
  9144   45089     41  sub    0     0   0300    0300
  9145   45092     41  sub    0     0   0300    0300
  9146   45095     41  sub    0     0   0300    0300
  9147   45098     41  sub    0     0   0300    0300
  9148   45101     41  sub    0     0   0300    0300
  9149   45104     41  sub    0     0   0300    0300
  9150   45107     41  sub    0     0   0300    0300
  9151   45110     41  sub    0     0   0300    0300
  9152   45113     41  sub    0     0   0300    0300
  9153   45116     41  sub    0     0   0300    0300
  9154   45119     41  sub    0     0   0300    0300
  9155   45122     41  sub    0     0   0300    0300
  9156   45125     41  sub    0     0   0300    0300
  9157   45128     41  sub    0     0   0300    0300
  9158   45131     41  sub    0     0   0300    0300
  9159   45134     41  sub    0     0   0300    0300
  9160   45137     41  sub    0     0   0300    0300
  9161   45140     41  sub    0     0   0300    0300
  9162   45143     41  sub    0     0   0300    0300
  9163   45146     41  sub    0     0   0300    0300
  9164   45149     41  sub    0     0   0300    0300
  9165   45152     41  sub    0     0   0300    0300
  9166   45155     41  sub    0     0   0300    0300
  9167   45158     41  sub    0     0   0300    0300
  9168   45161     41  sub    0     0   0300    0300
  9169   45164     41  sub    0     0   0300    0300
  9170   45167     41  sub    0     0   0300    0300
  9171   45170     41  sub    0     0   0300    0300
  9172   45173     41  sub    0     0   0300    0300
  9173   45176     41  sub    0     0   0300    0300
  9174   45179     41  sub    0     0   0300    0300
  9175   45182     41  sub    0     0   0300    0300
  9176   45185     41  sub    0     0   0300    0300
  9177   45188     41  sub    0     0   0300    0300
  9178   45191     41  sub    0     0   0300    0300
  9179   45194     41  sub    0     0   0300    0300
  9180   45197     41  sub    0     0   0300    0300
  9181   45200     41  sub    0     0   0300    0300
  9182   45203     41  sub    0     0   0300    0300
  9183   45206     41  sub    0     0   0300    0300
  9184   45209     41  sub    0     0   0300    0300
  9185   45212     41  sub    0     0   0300    0300
  9186   45215     41  sub    0     0   0300    0300
  9187   45218     41  sub    0     0   0300    0300
  9188   45221     41  sub    0     0   0300    0300
  9189   45224     41  sub    0     0   0300    0300
  9190   45227     41  sub    0     0   0300    0300
  9191   45230     41  sub    0     0   0300    0300
  9192   45233     41  sub    0     0   0300    0300
  9193   45236     41  sub    0     0   0300    0300
  9194   45239     41  sub    0     0   0300    0300
  9195   45242     41  sub    0     0   0300    0300
  9196   45245     41  sub    0     0   0300    0300
  9197   45248     41  sub    0     0   0300    0300
  9198   45251     41  sub    0     0   0300    0300
  9199   45254     41  sub    0     0   0300    0300
  9200   45257     41  sub    0     0   0300    0300
  9201   45260     41  sub    0     0   0300    0300
  9202   45263     41  sub    0     0   0300    0300
  9203   45266     41  sub    0     0   0300    0300
  9204   45269     41  sub    0     0   0300    0300
  9205   45272     41  sub    0     0   0300    0300
  9206   45275     41  sub    0     0   0300    0300
  9207   45278     41  sub    0     0   0300    0300
  9208   45281     41  sub    0     0   0300    0300
  9209   45284     41  sub    0     0   0300    0300
  9210   45287     41  sub    0     0   0300    0300
  9211   45290     41  sub    0     0   0300    0300
  9212   45293     41  sub    0     0   0300    0300
  9213   45296     41  sub    0     0   0300    0300
  9214   45299     41  sub    0     0   0300    0300
  9215   45302     41  sub    0     0   0300    0300
  9216   45305     41  sub    0     0   0300    0300
  9217   45308     41  sub    0     0   0300    0300
  9218   45311     41  sub    0     0   0300    0300
  9219   45314     41  sub    0     0   0300    0300
  9220   45317     41  sub    0     0   0300    0300
  9221   45320     41  sub    0     0   0300    0300
  9222   45323     41  sub    0     0   0300    0300
  9223   45326     41  sub    0     0   0300    0300
  9224   45329     41  sub    0     0   0300    0300
  9225   45332     41  sub    0     0   0300    0300
  9226   45335     41  sub    0     0   0300    0300
  9227   45338     41  sub    0     0   0300    0300
  9228   45341     41  sub    0     0   0300    0300
  9229   45344     41  sub    0     0   0300    0300
  9230   45347     41  sub    0     0   0300    0300
  9231   45350     41  sub    0     0   0300    0300
  9232   45353     41  sub    0     0   0300    0300
  9233   45356     41  sub    0     0   0300    0300
  9234   45359     41  sub    0     0   0300    0300
  9235   45362     41  sub    0     0   0300    0300
  9236   45365     41  sub    0     0   0300    0300
  9237   45368     41  sub    0     0   0300    0300
  9238   45371     41  sub    0     0   0300    0300
  9239   45374     41  sub    0     0   0300    0300
  9240   45377     41  sub    0     0   0300    0300
  9241   45380     41  sub    0     0   0300    0300
  9242   45383     41  sub    0     0   0300    0300
  9243   45386     41  sub    0     0   0300    0300
  9244   45389     41  sub    0     0   0300    0300
  9245   45392     41  sub    0     0   0300    0300
  9246   45395     41  sub    0     0   0300    0300
  9247   45398     41  sub    0     0   0300    0300
  9248   45401     41  sub    0     0   0300    0300
  9249   45404     41  sub    0     0   0300    0300
  9250   45407     41  sub    0     0   0300    0300
  9251   45410     41  sub    0     0   0300    0300
  9252   45413     41  sub    0     0   0300    0300
  9253   45416     41  sub    0     0   0300    0300
  9254   45419     41  sub    0     0   0300    0300
  9255   45422     41  sub    0     0   0300    0300
  9256   45425     41  sub    0     0   0300    0300
  9257   45428     41  sub    0     0   0300    0300
  9258   45431     41  sub    0     0   0300    0300
  9259   45434     41  sub    0     0   0300    0300
  9260   45437     41  sub    0     0   0300    0300
  9261   45440     41  sub    0     0   0300    0300
  9262   45443     41  sub    0     0   0300    0300
  9263   45446     41  sub    0     0   0300    0300
  9264   45449     41  sub    0     0   0300    0300
  9265   45452     41  sub    0     0   0300    0300
  9266   45455     41  sub    0     0   0300    0300
  9267   45458     41  sub    0     0   0300    0300
  9268   45461     41  sub    0     0   0300    0300
  9269   45464     41  sub    0     0   0300    0300
  9270   45467     41  sub    0     0   0300    0300
  9271   45470     41  sub    0     0   0300    0300
  9272   45473     41  sub    0     0   0300    0300
  9273   45476     41  sub    0     0   0300    0300
  9274   45479     41  sub    0     0   0300    0300
  9275   45482     41  sub    0     0   0300    0300
  9276   45485     41  sub    0     0   0300    0300
  9277   45488     41  sub    0     0   0300    0300
  9278   45491     41  sub    0     0   0300    0300
  9279   45494     41  sub    0     0   0300    0300
  9280   45497     41  sub    0     0   0300    0300
  9281   45500     41  sub    0     0   0300    0300
  9282   45503     41  sub    0     0   0300    0300
  9283   45506     41  sub    0     0   0300    0300
  9284   45509     41  sub    0     0   0300    0300
  9285   45512     41  sub    0     0   0300    0300
  9286   45515     41  sub    0     0   0300    0300
  9287   45518     41  sub    0     0   0300    0300
  9288   45521     41  sub    0     0   0300    0300
  9289   45524     41  sub    0     0   0300    0300
  9290   45527     41  sub    0     0   0300    0300
  9291   45530     41  sub    0     0   0300    0300
  9292   45533     41  sub    0     0   0300    0300
  9293   45536     41  sub    0     0   0300    0300
  9294   45539     41  sub    0     0   0300    0300
  9295   45542     41  sub    0     0   0300    0300
  9296   45545     41  sub    0     0   0300    0300
  9297   45548     41  sub    0     0   0300    0300
  9298   45551     41  sub    0     0   0300    0300
  9299   45554     41  sub    0     0   0300    0300
  9300   45557     41  sub    0     0   0300    0300
  9301   45560     41  sub    0     0   0300    0300
  9302   45563     41  sub    0     0   0300    0300
  9303   45566     41  sub    0     0   0300    0300
  9304   45569     41  sub    0     0   0300    0300
  9305   45572     41  sub    0     0   0300    0300
  9306   45575     41  sub    0     0   0300    0300
  9307   45578     41  sub    0     0   0300    0300
  9308   45581     41  sub    0     0   0300    0300
  9309   45584     41  sub    0     0   0300    0300
  9310   45587     41  sub    0     0   0300    0300
  9311   45590     41  sub    0     0   0300    0300
  9312   45593     41  sub    0     0   0300    0300
  9313   45596     41  sub    0     0   0300    0300
  9314   45599     41  sub    0     0   0300    0300
  9315   45602     41  sub    0     0   0300    0300
  9316   45605     41  sub    0     0   0300    0300
  9317   45608     41  sub    0     0   0300    0300
  9318   45611     41  sub    0     0   0300    0300
  9319   45614     41  sub    0     0   0300    0300
  9320   45617     41  sub    0     0   0300    0300
  9321   45620     41  sub    0     0   0300    0300
  9322   45623     41  sub    0     0   0300    0300
  9323   45626     41  sub    0     0   0300    0300
  9324   45629     41  sub    0     0   0300    0300
  9325   45632     41  sub    0     0   0300    0300
  9326   45635     41  sub    0     0   0300    0300
  9327   45638     41  sub    0     0   0300    0300
  9328   45641     41  sub    0     0   0300    0300
  9329   45644     41  sub    0     0   0300    0300
  9330   45647     41  sub    0     0   0300    0300
  9331   45650     41  sub    0     0   0300    0300
  9332   45653     41  sub    0     0   0300    0300
  9333   45656     41  sub    0     0   0300    0300
  9334   45659     41  sub    0     0   0300    0300
  9335   45662     41  sub    0     0   0300    0300
  9336   45665     41  sub    0     0   0300    0300
  9337   45668     41  sub    0     0   0300    0300
  9338   45671     41  sub    0     0   0300    0300
  9339   45674     41  sub    0     0   0300    0300
  9340   45677     41  sub    0     0   0300    0300
  9341   45680     41  sub    0     0   0300    0300
  9342   45683     41  sub    0     0   0300    0300
  9343   45686     41  sub    0     0   0300    0300
  9344   45689     41  sub    0     0   0300    0300
  9345   45692     41  sub    0     0   0300    0300
  9346   45695     41  sub    0     0   0300    0300
  9347   45698     41  sub    0     0   0300    0300
  9348   45701     41  sub    0     0   0300    0300
  9349   45704     41  sub    0     0   0300    0300
  9350   45707     41  sub    0     0   0300    0300
  9351   45710     41  sub    0     0   0300    0300
  9352   45713     41  sub    0     0   0300    0300
  9353   45716     41  sub    0     0   0300    0300
  9354   45719     41  sub    0     0   0300    0300
  9355   45722     41  sub    0     0   0300    0300
  9356   45725     41  sub    0     0   0300    0300
  9357   45728     41  sub    0     0   0300    0300
  9358   45731     41  sub    0     0   0300    0300
  9359   45734     41  sub    0     0   0300    0300
  9360   45737     41  sub    0     0   0300    0300
  9361   45740     41  sub    0     0   0300    0300
  9362   45743     41  sub    0     0   0300    0300
  9363   45746     41  sub    0     0   0300    0300
  9364   45749     41  sub    0     0   0300    0300
  9365   45752     41  sub    0     0   0300    0300
  9366   45755     41  sub    0     0   0300    0300
  9367   45758     41  sub    0     0   0300    0300
  9368   45761     41  sub    0     0   0300    0300
  9369   45764     41  sub    0     0   0300    0300
  9370   45767     41  sub    0     0   0300    0300
  9371   45770     41  sub    0     0   0300    0300
  9372   45773     41  sub    0     0   0300    0300
  9373   45776     41  sub    0     0   0300    0300
  9374   45779     41  sub    0     0   0300    0300
  9375   45782     41  sub    0     0   0300    0300
  9376   45785     41  sub    0     0   0300    0300
  9377   45788     41  sub    0     0   0300    0300
  9378   45791     41  sub    0     0   0300    0300
  9379   45794     41  sub    0     0   0300    0300
  9380   45797     41  sub    0     0   0300    0300
  9381   45800     41  sub    0     0   0300    0300
  9382   45803     41  sub    0     0   0300    0300
  9383   45806     41  sub    0     0   0300    0300
  9384   45809     41  sub    0     0   0300    0300
  9385   45812     41  sub    0     0   0300    0300
  9386   45815     41  sub    0     0   0300    0300
  9387   45818     41  sub    0     0   0300    0300
  9388   45821     41  sub    0     0   0300    0300
  9389   45824     41  sub    0     0   0300    0300
  9390   45827     41  sub    0     0   0300    0300
  9391   45830     41  sub    0     0   0300    0300
  9392   45833     41  sub    0     0   0300    0300
  9393   45836     41  sub    0     0   0300    0300
  9394   45839     41  sub    0     0   0300    0300
  9395   45842     41  sub    0     0   0300    0300
  9396   45845     41  sub    0     0   0300    0300
  9397   45848     41  sub    0     0   0300    0300
  9398   45851     41  sub    0     0   0300    0300
  9399   45854     41  sub    0     0   0300    0300
  9400   45857     41  sub    0     0   0300    0300
  9401   45860     41  sub    0     0   0300    0300
  9402   45863     41  sub    0     0   0300    0300
  9403   45866     41  sub    0     0   0300    0300
  9404   45869     41  sub    0     0   0300    0300
  9405   45872     41  sub    0     0   0300    0300
  9406   45875     41  sub    0     0   0300    0300
  9407   45878     41  sub    0     0   0300    0300
  9408   45881     41  sub    0     0   0300    0300
  9409   45884     41  sub    0     0   0300    0300
  9410   45887     41  sub    0     0   0300    0300
  9411   45890     41  sub    0     0   0300    0300
  9412   45893     41  sub    0     0   0300    0300
  9413   45896     41  sub    0     0   0300    0300
  9414   45899     41  sub    0     0   0300    0300
  9415   45902     41  sub    0     0   0300    0300
  9416   45905     41  sub    0     0   0300    0300
  9417   45908     41  sub    0     0   0300    0300
  9418   45911     41  sub    0     0   0300    0300
  9419   45914     41  sub    0     0   0300    0300
  9420   45917     41  sub    0     0   0300    0300
  9421   45920     41  sub    0     0   0300    0300
  9422   45923     41  sub    0     0   0300    0300
  9423   45926     41  sub    0     0   0300    0300
  9424   45929     41  sub    0     0   0300    0300
  9425   45932     41  sub    0     0   0300    0300
  9426   45935     41  sub    0     0   0300    0300
  9427   45938     41  sub    0     0   0300    0300
  9428   45941     41  sub    0     0   0300    0300
  9429   45944     41  sub    0     0   0300    0300
  9430   45947     41  sub    0     0   0300    0300
  9431   45950     41  sub    0     0   0300    0300
  9432   45953     41  sub    0     0   0300    0300
  9433   45956     41  sub    0     0   0300    0300
  9434   45959     41  sub    0     0   0300    0300
  9435   45962     41  sub    0     0   0300    0300
  9436   45965     41  sub    0     0   0300    0300
  9437   45968     41  sub    0     0   0300    0300
  9438   45971     41  sub    0     0   0300    0300
  9439   45974     41  sub    0     0   0300    0300
  9440   45977     41  sub    0     0   0300    0300
  9441   45980     41  sub    0     0   0300    0300
  9442   45983     41  sub    0     0   0300    0300
  9443   45986     41  sub    0     0   0300    0300
  9444   45989     41  sub    0     0   0300    0300
  9445   45992     41  sub    0     0   0300    0300
  9446   45995     41  sub    0     0   0300    0300
  9447   45998     41  sub    0     0   0300    0300
  9448   46001     41  sub    0     0   0300    0300
  9449   46004     41  sub    0     0   0300    0300
  9450   46007     41  sub    0     0   0300    0300
  9451   46010     41  sub    0     0   0300    0300
  9452   46013     41  sub    0     0   0300    0300
  9453   46016     41  sub    0     0   0300    0300
  9454   46019     41  sub    0     0   0300    0300
  9455   46022     41  sub    0     0   0300    0300
  9456   46025     41  sub    0     0   0300    0300
  9457   46028     41  sub    0     0   0300    0300
  9458   46031     41  sub    0     0   0300    0300
  9459   46034     41  sub    0     0   0300    0300
  9460   46037     41  sub    0     0   0300    0300
  9461   46040     41  sub    0     0   0300    0300
  9462   46043     41  sub    0     0   0300    0300
  9463   46046     41  sub    0     0   0300    0300
  9464   46049     41  sub    0     0   0300    0300
  9465   46052     41  sub    0     0   0300    0300
  9466   46055     41  sub    0     0   0300    0300
  9467   46058     41  sub    0     0   0300    0300
  9468   46061     41  sub    0     0   0300    0300
  9469   46064     41  sub    0     0   0300    0300
  9470   46067     41  sub    0     0   0300    0300
  9471   46070     41  sub    0     0   0300    0300
  9472   46073     41  sub    0     0   0300    0300
  9473   46076     41  sub    0     0   0300    0300
  9474   46079     41  sub    0     0   0300    0300
  9475   46082     41  sub    0     0   0300    0300
  9476   46085     41  sub    0     0   0300    0300
  9477   46088     41  sub    0     0   0300    0300
  9478   46091     41  sub    0     0   0300    0300
  9479   46094     41  sub    0     0   0300    0300
  9480   46097     41  sub    0     0   0300    0300
  9481   46100     41  sub    0     0   0300    0300
  9482   46103     41  sub    0     0   0300    0300
  9483   46106     41  sub    0     0   0300    0300
  9484   46109     41  sub    0     0   0300    0300
  9485   46112     41  sub    0     0   0300    0300
  9486   46115     41  sub    0     0   0300    0300
  9487   46118     41  sub    0     0   0300    0300
  9488   46121     41  sub    0     0   0300    0300
  9489   46124     41  sub    0     0   0300    0300
  9490   46127     41  sub    0     0   0300    0300
  9491   46130     41  sub    0     0   0300    0300
  9492   46133     41  sub    0     0   0300    0300
  9493   46136     41  sub    0     0   0300    0300
  9494   46139     41  sub    0     0   0300    0300
  9495   46142     41  sub    0     0   0300    0300
  9496   46145     41  sub    0     0   0300    0300
  9497   46148     41  sub    0     0   0300    0300
  9498   46151     41  sub    0     0   0300    0300
  9499   46154     41  sub    0     0   0300    0300
  9500   46157     41  sub    0     0   0300    0300
  9501   46160     41  sub    0     0   0300    0300
  9502   46163     41  sub    0     0   0300    0300
  9503   46166     41  sub    0     0   0300    0300
  9504   46169     41  sub    0     0   0300    0300
  9505   46172     41  sub    0     0   0300    0300
  9506   46175     41  sub    0     0   0300    0300
  9507   46178     41  sub    0     0   0300    0300
  9508   46181     41  sub    0     0   0300    0300
  9509   46184     41  sub    0     0   0300    0300
  9510   46187     41  sub    0     0   0300    0300
  9511   46190     41  sub    0     0   0300    0300
  9512   46193     41  sub    0     0   0300    0300
  9513   46196     41  sub    0     0   0300    0300
  9514   46199     41  sub    0     0   0300    0300
  9515   46202     41  sub    0     0   0300    0300
  9516   46205     41  sub    0     0   0300    0300
  9517   46208     41  sub    0     0   0300    0300
  9518   46211     41  sub    0     0   0300    0300
  9519   46214     41  sub    0     0   0300    0300
  9520   46217     41  sub    0     0   0300    0300
  9521   46220     41  sub    0     0   0300    0300
  9522   46223     41  sub    0     0   0300    0300
  9523   46226     41  sub    0     0   0300    0300
  9524   46229     41  sub    0     0   0300    0300
  9525   46232     41  sub    0     0   0300    0300
  9526   46235     41  sub    0     0   0300    0300
  9527   46238     41  sub    0     0   0300    0300
  9528   46241     41  sub    0     0   0300    0300
  9529   46244     41  sub    0     0   0300    0300
  9530   46247     41  sub    0     0   0300    0300
  9531   46250     41  sub    0     0   0300    0300
  9532   46253     41  sub    0     0   0300    0300
  9533   46256     41  sub    0     0   0300    0300
  9534   46259     41  sub    0     0   0300    0300
  9535   46262     41  sub    0     0   0300    0300
  9536   46265     41  sub    0     0   0300    0300
  9537   46268     41  sub    0     0   0300    0300
  9538   46271     41  sub    0     0   0300    0300
  9539   46274     41  sub    0     0   0300    0300
  9540   46277     41  sub    0     0   0300    0300
  9541   46280     41  sub    0     0   0300    0300
  9542   46283     41  sub    0     0   0300    0300
  9543   46286     41  sub    0     0   0300    0300
  9544   46289     41  sub    0     0   0300    0300
  9545   46292     41  sub    0     0   0300    0300
  9546   46295     41  sub    0     0   0300    0300
  9547   46298     41  sub    0     0   0300    0300
  9548   46301     41  sub    0     0   0300    0300
  9549   46304     41  sub    0     0   0300    0300
  9550   46307     41  sub    0     0   0300    0300
  9551   46310     41  sub    0     0   0300    0300
  9552   46313     41  sub    0     0   0300    0300
  9553   46316     41  sub    0     0   0300    0300
  9554   46319     41  sub    0     0   0300    0300
  9555   46322     41  sub    0     0   0300    0300
  9556   46325     41  sub    0     0   0300    0300
  9557   46328     41  sub    0     0   0300    0300
  9558   46331     41  sub    0     0   0300    0300
  9559   46334     41  sub    0     0   0300    0300
  9560   46337     41  sub    0     0   0300    0300
  9561   46340     41  sub    0     0   0300    0300
  9562   46343     41  sub    0     0   0300    0300
  9563   46346     41  sub    0     0   0300    0300
  9564   46349     41  sub    0     0   0300    0300
  9565   46352     41  sub    0     0   0300    0300
  9566   46355     41  sub    0     0   0300    0300
  9567   46358     41  sub    0     0   0300    0300
  9568   46361     41  sub    0     0   0300    0300
  9569   46364     41  sub    0     0   0300    0300
  9570   46367     41  sub    0     0   0300    0300
  9571   46370     41  sub    0     0   0300    0300
  9572   46373     41  sub    0     0   0300    0300
  9573   46376     41  sub    0     0   0300    0300
  9574   46379     41  sub    0     0   0300    0300
  9575   46382     41  sub    0     0   0300    0300
  9576   46385     41  sub    0     0   0300    0300
  9577   46388     41  sub    0     0   0300    0300
  9578   46391     41  sub    0     0   0300    0300
  9579   46394     41  sub    0     0   0300    0300
  9580   46397     41  sub    0     0   0300    0300
  9581   46400     41  sub    0     0   0300    0300
  9582   46403     41  sub    0     0   0300    0300
  9583   46406     41  sub    0     0   0300    0300
  9584   46409     41  sub    0     0   0300    0300
  9585   46412     41  sub    0     0   0300    0300
  9586   46415     41  sub    0     0   0300    0300
  9587   46418     41  sub    0     0   0300    0300
  9588   46421     41  sub    0     0   0300    0300
  9589   46424     41  sub    0     0   0300    0300
  9590   46427     41  sub    0     0   0300    0300
  9591   46430     41  sub    0     0   0300    0300
  9592   46433     41  sub    0     0   0300    0300
  9593   46436     41  sub    0     0   0300    0300
  9594   46439     41  sub    0     0   0300    0300
  9595   46442     41  sub    0     0   0300    0300
  9596   46445     41  sub    0     0   0300    0300
  9597   46448     41  sub    0     0   0300    0300
  9598   46451     41  sub    0     0   0300    0300
  9599   46454     41  sub    0     0   0300    0300
  9600   46457     41  sub    0     0   0300    0300
  9601   46460     41  sub    0     0   0300    0300
  9602   46463     41  sub    0     0   0300    0300
  9603   46466     41  sub    0     0   0300    0300
  9604   46469     41  sub    0     0   0300    0300
  9605   46472     41  sub    0     0   0300    0300
  9606   46475     41  sub    0     0   0300    0300
  9607   46478     41  sub    0     0   0300    0300
  9608   46481     41  sub    0     0   0300    0300
  9609   46484     41  sub    0     0   0300    0300
  9610   46487     41  sub    0     0   0300    0300
  9611   46490     41  sub    0     0   0300    0300
  9612   46493     41  sub    0     0   0300    0300
  9613   46496     41  sub    0     0   0300    0300
  9614   46499     41  sub    0     0   0300    0300
  9615   46502     41  sub    0     0   0300    0300
  9616   46505     41  sub    0     0   0300    0300
  9617   46508     41  sub    0     0   0300    0300
  9618   46511     41  sub    0     0   0300    0300
  9619   46514     41  sub    0     0   0300    0300
  9620   46517     41  sub    0     0   0300    0300
  9621   46520     41  sub    0     0   0300    0300
  9622   46523     41  sub    0     0   0300    0300
  9623   46526     41  sub    0     0   0300    0300
  9624   46529     41  sub    0     0   0300    0300
  9625   46532     41  sub    0     0   0300    0300
  9626   46535     41  sub    0     0   0300    0300
  9627   46538     41  sub    0     0   0300    0300
  9628   46541     41  sub    0     0   0300    0300
  9629   46544     41  sub    0     0   0300    0300
  9630   46547     41  sub    0     0   0300    0300
  9631   46550     41  sub    0     0   0300    0300
  9632   46553     41  sub    0     0   0300    0300
  9633   46556     41  sub    0     0   0300    0300
  9634   46559     41  sub    0     0   0300    0300
  9635   46562     41  sub    0     0   0300    0300
  9636   46565     41  sub    0     0   0300    0300
  9637   46568     41  sub    0     0   0300    0300
  9638   46571     41  sub    0     0   0300    0300
  9639   46574     41  sub    0     0   0300    0300
  9640   46577     41  sub    0     0   0300    0300
  9641   46580     41  sub    0     0   0300    0300
  9642   46583     41  sub    0     0   0300    0300
  9643   46586     41  sub    0     0   0300    0300
  9644   46589     41  sub    0     0   0300    0300
  9645   46592     41  sub    0     0   0300    0300
  9646   46595     41  sub    0     0   0300    0300
  9647   46598     41  sub    0     0   0300    0300
  9648   46601     41  sub    0     0   0300    0300
  9649   46604     41  sub    0     0   0300    0300
  9650   46607     41  sub    0     0   0300    0300
  9651   46610     41  sub    0     0   0300    0300
  9652   46613     41  sub    0     0   0300    0300
  9653   46616     41  sub    0     0   0300    0300
  9654   46619     41  sub    0     0   0300    0300
  9655   46622     41  sub    0     0   0300    0300
  9656   46625     41  sub    0     0   0300    0300
  9657   46628     41  sub    0     0   0300    0300
  9658   46631     41  sub    0     0   0300    0300
  9659   46634     41  sub    0     0   0300    0300
  9660   46637     41  sub    0     0   0300    0300
  9661   46640     41  sub    0     0   0300    0300
  9662   46643     41  sub    0     0   0300    0300
  9663   46646     41  sub    0     0   0300    0300
  9664   46649     41  sub    0     0   0300    0300
  9665   46652     41  sub    0     0   0300    0300
  9666   46655     41  sub    0     0   0300    0300
  9667   46658     41  sub    0     0   0300    0300
  9668   46661     41  sub    0     0   0300    0300
  9669   46664     41  sub    0     0   0300    0300
  9670   46667     41  sub    0     0   0300    0300
  9671   46670     41  sub    0     0   0300    0300
  9672   46673     41  sub    0     0   0300    0300
  9673   46676     41  sub    0     0   0300    0300
  9674   46679     41  sub    0     0   0300    0300
  9675   46682     41  sub    0     0   0300    0300
  9676   46685     41  sub    0     0   0300    0300
  9677   46688     41  sub    0     0   0300    0300
  9678   46691     41  sub    0     0   0300    0300
  9679   46694     41  sub    0     0   0300    0300
  9680   46697     41  sub    0     0   0300    0300
  9681   46700     41  sub    0     0   0300    0300
  9682   46703     41  sub    0     0   0300    0300
  9683   46706     41  sub    0     0   0300    0300
  9684   46709     41  sub    0     0   0300    0300
  9685   46712     41  sub    0     0   0300    0300
  9686   46715     41  sub    0     0   0300    0300
  9687   46718     41  sub    0     0   0300    0300
  9688   46721     41  sub    0     0   0300    0300
  9689   46724     41  sub    0     0   0300    0300
  9690   46727     41  sub    0     0   0300    0300
  9691   46730     41  sub    0     0   0300    0300
  9692   46733     41  sub    0     0   0300    0300
  9693   46736     41  sub    0     0   0300    0300
  9694   46739     41  sub    0     0   0300    0300
  9695   46742     41  sub    0     0   0300    0300
  9696   46745     41  sub    0     0   0300    0300
  9697   46748     41  sub    0     0   0300    0300
  9698   46751     41  sub    0     0   0300    0300
  9699   46754     41  sub    0     0   0300    0300
  9700   46757     41  sub    0     0   0300    0300
  9701   46760     41  sub    0     0   0300    0300
  9702   46763     41  sub    0     0   0300    0300
  9703   46766     41  sub    0     0   0300    0300
  9704   46769     41  sub    0     0   0300    0300
  9705   46772     41  sub    0     0   0300    0300
  9706   46775     41  sub    0     0   0300    0300
  9707   46778     41  sub    0     0   0300    0300
  9708   46781     41  sub    0     0   0300    0300
  9709   46784     41  sub    0     0   0300    0300
  9710   46787     41  sub    0     0   0300    0300
  9711   46790     41  sub    0     0   0300    0300
  9712   46793     41  sub    0     0   0300    0300
  9713   46796     41  sub    0     0   0300    0300
  9714   46799     41  sub    0     0   0300    0300
  9715   46802     41  sub    0     0   0300    0300
  9716   46805     41  sub    0     0   0300    0300
  9717   46808     41  sub    0     0   0300    0300
  9718   46811     41  sub    0     0   0300    0300
  9719   46814     41  sub    0     0   0300    0300
  9720   46817     41  sub    0     0   0300    0300
  9721   46820     41  sub    0     0   0300    0300
  9722   46823     41  sub    0     0   0300    0300
  9723   46826     41  sub    0     0   0300    0300
  9724   46829     41  sub    0     0   0300    0300
  9725   46832     41  sub    0     0   0300    0300
  9726   46835     41  sub    0     0   0300    0300
  9727   46838     41  sub    0     0   0300    0300
  9728   46841     41  sub    0     0   0300    0300
  9729   46844     41  sub    0     0   0300    0300
  9730   46847     41  sub    0     0   0300    0300
  9731   46850     41  sub    0     0   0300    0300
  9732   46853     41  sub    0     0   0300    0300
  9733   46856     41  sub    0     0   0300    0300
  9734   46859     41  sub    0     0   0300    0300
  9735   46862     41  sub    0     0   0300    0300
  9736   46865     41  sub    0     0   0300    0300
  9737   46868     41  sub    0     0   0300    0300
  9738   46871     41  sub    0     0   0300    0300
  9739   46874     41  sub    0     0   0300    0300
  9740   46877     41  sub    0     0   0300    0300
  9741   46880     41  sub    0     0   0300    0300
  9742   46883     41  sub    0     0   0300    0300
  9743   46886     41  sub    0     0   0300    0300
  9744   46889     41  sub    0     0   0300    0300
  9745   46892     41  sub    0     0   0300    0300
  9746   46895     41  sub    0     0   0300    0300
  9747   46898     41  sub    0     0   0300    0300
  9748   46901     41  sub    0     0   0300    0300
  9749   46904     41  sub    0     0   0300    0300
  9750   46907     41  sub    0     0   0300    0300
  9751   46910     41  sub    0     0   0300    0300
  9752   46913     41  sub    0     0   0300    0300
  9753   46916     41  sub    0     0   0300    0300
  9754   46919     41  sub    0     0   0300    0300
  9755   46922     41  sub    0     0   0300    0300
  9756   46925     41  sub    0     0   0300    0300
  9757   46928     41  sub    0     0   0300    0300
  9758   46931     41  sub    0     0   0300    0300
  9759   46934     41  sub    0     0   0300    0300
  9760   46937     41  sub    0     0   0300    0300
  9761   46940     41  sub    0     0   0300    0300
  9762   46943     41  sub    0     0   0300    0300
  9763   46946     41  sub    0     0   0300    0300
  9764   46949     41  sub    0     0   0300    0300
  9765   46952     41  sub    0     0   0300    0300
  9766   46955     41  sub    0     0   0300    0300
  9767   46958     41  sub    0     0   0300    0300
  9768   46961     41  sub    0     0   0300    0300
  9769   46964     41  sub    0     0   0300    0300
  9770   46967     41  sub    0     0   0300    0300
  9771   46970     41  sub    0     0   0300    0300
  9772   46973     41  sub    0     0   0300    0300
  9773   46976     41  sub    0     0   0300    0300
  9774   46979     41  sub    0     0   0300    0300
  9775   46982     41  sub    0     0   0300    0300
  9776   46985     41  sub    0     0   0300    0300
  9777   46988     41  sub    0     0   0300    0300
  9778   46991     41  sub    0     0   0300    0300
  9779   46994     41  sub    0     0   0300    0300
  9780   46997     41  sub    0     0   0300    0300
  9781   47000     41  sub    0     0   0300    0300
  9782   47003     41  sub    0     0   0300    0300
  9783   47006     41  sub    0     0   0300    0300
  9784   47009     41  sub    0     0   0300    0300
  9785   47012     41  sub    0     0   0300    0300
  9786   47015     41  sub    0     0   0300    0300
  9787   47018     41  sub    0     0   0300    0300
  9788   47021     41  sub    0     0   0300    0300
  9789   47024     41  sub    0     0   0300    0300
  9790   47027     41  sub    0     0   0300    0300
  9791   47030     41  sub    0     0   0300    0300
  9792   47033     41  sub    0     0   0300    0300
  9793   47036     41  sub    0     0   0300    0300
  9794   47039     41  sub    0     0   0300    0300
  9795   47042     41  sub    0     0   0300    0300
  9796   47045     41  sub    0     0   0300    0300
  9797   47048     41  sub    0     0   0300    0300
  9798   47051     41  sub    0     0   0300    0300
  9799   47054     41  sub    0     0   0300    0300
  9800   47057     41  sub    0     0   0300    0300
  9801   47060     41  sub    0     0   0300    0300
  9802   47063     41  sub    0     0   0300    0300
  9803   47066     41  sub    0     0   0300    0300
  9804   47069     41  sub    0     0   0300    0300
  9805   47072     41  sub    0     0   0300    0300
  9806   47075     41  sub    0     0   0300    0300
  9807   47078     41  sub    0     0   0300    0300
  9808   47081     41  sub    0     0   0300    0300
  9809   47084     41  sub    0     0   0300    0300
  9810   47087     41  sub    0     0   0300    0300
  9811   47090     41  sub    0     0   0300    0300
  9812   47093     41  sub    0     0   0300    0300
  9813   47096     41  sub    0     0   0300    0300
  9814   47099     41  sub    0     0   0300    0300
  9815   47102     41  sub    0     0   0300    0300
  9816   47105     41  sub    0     0   0300    0300
  9817   47108     41  sub    0     0   0300    0300
  9818   47111     41  sub    0     0   0300    0300
  9819   47114     41  sub    0     0   0300    0300
  9820   47117     41  sub    0     0   0300    0300
  9821   47120     41  sub    0     0   0300    0300
  9822   47123     41  sub    0     0   0300    0300
  9823   47126     41  sub    0     0   0300    0300
  9824   47129     41  sub    0     0   0300    0300
  9825   47132     41  sub    0     0   0300    0300
  9826   47135     41  sub    0     0   0300    0300
  9827   47138     41  sub    0     0   0300    0300
  9828   47141     41  sub    0     0   0300    0300
  9829   47144     41  sub    0     0   0300    0300
  9830   47147     41  sub    0     0   0300    0300
  9831   47150     41  sub    0     0   0300    0300
  9832   47153     41  sub    0     0   0300    0300
  9833   47156     41  sub    0     0   0300    0300
  9834   47159     41  sub    0     0   0300    0300
  9835   47162     41  sub    0     0   0300    0300
  9836   47165     41  sub    0     0   0300    0300
  9837   47168     41  sub    0     0   0300    0300
  9838   47171     41  sub    0     0   0300    0300
  9839   47174     41  sub    0     0   0300    0300
  9840   47177     41  sub    0     0   0300    0300
  9841   47180     41  sub    0     0   0300    0300
  9842   47183     41  sub    0     0   0300    0300
  9843   47186     41  sub    0     0   0300    0300
  9844   47189     41  sub    0     0   0300    0300
  9845   47192     41  sub    0     0   0300    0300
  9846   47195     41  sub    0     0   0300    0300
  9847   47198     41  sub    0     0   0300    0300
  9848   47201     41  sub    0     0   0300    0300
  9849   47204     41  sub    0     0   0300    0300
  9850   47207     41  sub    0     0   0300    0300
  9851   47210     41  sub    0     0   0300    0300
  9852   47213     41  sub    0     0   0300    0300
  9853   47216     41  sub    0     0   0300    0300
  9854   47219     41  sub    0     0   0300    0300
  9855   47222     41  sub    0     0   0300    0300
  9856   47225     41  sub    0     0   0300    0300
  9857   47228     41  sub    0     0   0300    0300
  9858   47231     41  sub    0     0   0300    0300
  9859   47234     41  sub    0     0   0300    0300
  9860   47237     41  sub    0     0   0300    0300
  9861   47240     41  sub    0     0   0300    0300
  9862   47243     41  sub    0     0   0300    0300
  9863   47246     41  sub    0     0   0300    0300
  9864   47249     41  sub    0     0   0300    0300
  9865   47252     41  sub    0     0   0300    0300
  9866   47255     41  sub    0     0   0300    0300
  9867   47258     41  sub    0     0   0300    0300
  9868   47261     41  sub    0     0   0300    0300
  9869   47264     41  sub    0     0   0300    0300
  9870   47267     41  sub    0     0   0300    0300
  9871   47270     41  sub    0     0   0300    0300
  9872   47273     41  sub    0     0   0300    0300
  9873   47276     41  sub    0     0   0300    0300
  9874   47279     41  sub    0     0   0300    0300
  9875   47282     41  sub    0     0   0300    0300
  9876   47285     41  sub    0     0   0300    0300
  9877   47288     41  sub    0     0   0300    0300
  9878   47291     41  sub    0     0   0300    0300
  9879   47294     41  sub    0     0   0300    0300
  9880   47297     41  sub    0     0   0300    0300
  9881   47300     41  sub    0     0   0300    0300
  9882   47303     41  sub    0     0   0300    0300
  9883   47306     41  sub    0     0   0300    0300
  9884   47309     41  sub    0     0   0300    0300
  9885   47312     41  sub    0     0   0300    0300
  9886   47315     41  sub    0     0   0300    0300
  9887   47318     41  sub    0     0   0300    0300
  9888   47321     41  sub    0     0   0300    0300
  9889   47324     41  sub    0     0   0300    0300
  9890   47327     41  sub    0     0   0300    0300
  9891   47330     41  sub    0     0   0300    0300
  9892   47333     41  sub    0     0   0300    0300
  9893   47336     41  sub    0     0   0300    0300
  9894   47339     41  sub    0     0   0300    0300
  9895   47342     41  sub    0     0   0300    0300
  9896   47345     41  sub    0     0   0300    0300
  9897   47348     41  sub    0     0   0300    0300
  9898   47351     41  sub    0     0   0300    0300
  9899   47354     41  sub    0     0   0300    0300
  9900   47357     41  sub    0     0   0300    0300
  9901   47360     41  sub    0     0   0300    0300
  9902   47363     41  sub    0     0   0300    0300
  9903   47366     41  sub    0     0   0300    0300
  9904   47369     41  sub    0     0   0300    0300
  9905   47372     41  sub    0     0   0300    0300
  9906   47375     41  sub    0     0   0300    0300
  9907   47378     41  sub    0     0   0300    0300
  9908   47381     41  sub    0     0   0300    0300
  9909   47384     41  sub    0     0   0300    0300
  9910   47387     41  sub    0     0   0300    0300
  9911   47390     41  sub    0     0   0300    0300
  9912   47393     41  sub    0     0   0300    0300
  9913   47396     41  sub    0     0   0300    0300
  9914   47399     41  sub    0     0   0300    0300
  9915   47402     41  sub    0     0   0300    0300
  9916   47405     41  sub    0     0   0300    0300
  9917   47408     41  sub    0     0   0300    0300
  9918   47411     41  sub    0     0   0300    0300
  9919   47414     41  sub    0     0   0300    0300
  9920   47417     41  sub    0     0   0300    0300
  9921   47420     41  sub    0     0   0300    0300
  9922   47423     41  sub    0     0   0300    0300
  9923   47426     41  sub    0     0   0300    0300
  9924   47429     41  sub    0     0   0300    0300
  9925   47432     41  sub    0     0   0300    0300
  9926   47435     41  sub    0     0   0300    0300
  9927   47438     41  sub    0     0   0300    0300
  9928   47441     41  sub    0     0   0300    0300
  9929   47444     41  sub    0     0   0300    0300
  9930   47447     41  sub    0     0   0300    0300
  9931   47450     41  sub    0     0   0300    0300
  9932   47453     41  sub    0     0   0300    0300
  9933   47456     41  sub    0     0   0300    0300
  9934   47459     41  sub    0     0   0300    0300
  9935   47462     41  sub    0     0   0300    0300
  9936   47465     41  sub    0     0   0300    0300
  9937   47468     41  sub    0     0   0300    0300
  9938   47471     41  sub    0     0   0300    0300
  9939   47474     41  sub    0     0   0300    0300
  9940   47477     41  sub    0     0   0300    0300
  9941   47480     41  sub    0     0   0300    0300
  9942   47483     41  sub    0     0   0300    0300
  9943   47486     41  sub    0     0   0300    0300
  9944   47489     41  sub    0     0   0300    0300
  9945   47492     41  sub    0     0   0300    0300
  9946   47495     41  sub    0     0   0300    0300
  9947   47498     41  sub    0     0   0300    0300
  9948   47501     41  sub    0     0   0300    0300
  9949   47504     41  sub    0     0   0300    0300
  9950   47507     41  sub    0     0   0300    0300
  9951   47510     41  sub    0     0   0300    0300
  9952   47513     41  sub    0     0   0300    0300
  9953   47516     41  sub    0     0   0300    0300
  9954   47519     41  sub    0     0   0300    0300
  9955   47522     41  sub    0     0   0300    0300
  9956   47525     41  sub    0     0   0300    0300
  9957   47528     41  sub    0     0   0300    0300
  9958   47531     41  sub    0     0   0300    0300
  9959   47534     41  sub    0     0   0300    0300
  9960   47537     41  sub    0     0   0300    0300
  9961   47540     41  sub    0     0   0300    0300
  9962   47543     41  sub    0     0   0300    0300
  9963   47546     41  sub    0     0   0300    0300
  9964   47549     41  sub    0     0   0300    0300
  9965   47552     41  sub    0     0   0300    0300
  9966   47555     41  sub    0     0   0300    0300
  9967   47558     41  sub    0     0   0300    0300
  9968   47561     41  sub    0     0   0300    0300
  9969   47564     41  sub    0     0   0300    0300
  9970   47567     41  sub    0     0   0300    0300
  9971   47570     41  sub    0     0   0300    0300
  9972   47573     41  sub    0     0   0300    0300
  9973   47576     41  sub    0     0   0300    0300
  9974   47579     41  sub    0     0   0300    0300
  9975   47582     41  sub    0     0   0300    0300
  9976   47585     41  sub    0     0   0300    0300
  9977   47588     41  sub    0     0   0300    0300
  9978   47591     41  sub    0     0   0300    0300
  9979   47594     41  sub    0     0   0300    0300
  9980   47597     41  sub    0     0   0300    0300
  9981   47600     41  sub    0     0   0300    0300
  9982   47603     41  sub    0     0   0300    0300
  9983   47606     41  sub    0     0   0300    0300
  9984   47609     41  sub    0     0   0300    0300
  9985   47612     41  sub    0     0   0300    0300
  9986   47615     41  sub    0     0   0300    0300
  9987   47618     41  sub    0     0   0300    0300
  9988   47621     41  sub    0     0   0300    0300
  9989   47624     41  sub    0     0   0300    0300
  9990   47627     41  sub    0     0   0300    0300
  9991   47630     41  sub    0     0   0300    0300
  9992   47633     41  sub    0     0   0300    0300
  9993   47636     41  sub    0     0   0300    0300
  9994   47639     41  sub    0     0   0300    0300
  9995   47642     41  sub    0     0   0300    0300
  9996   47645     41  sub    0     0   0300    0300
  9997   47648     41  sub    0     0   0300    0300
  9998   47651     41  sub    0     0   0300    0300
  9999   47654     41  sub    0     0   0300    0300
 10000   47657     41  sub    0     0   0300    0300
 10001   47660     41  sub    0     0   0300    0300
 10002   47663     41  sub    0     0   0300    0300
 10003   47666     41  sub    0     0   0300    0300
 10004   47669     41  sub    0     0   0300    0300
 10005   47672     41  sub    0     0   0300    0300
 10006   47675     41  sub    0     0   0300    0300
 10007   47678     41  sub    0     0   0300    0300
 10008   47681     41  sub    0     0   0300    0300
 10009   47684     41  sub    0     0   0300    0300
 10010   47687     41  sub    0     0   0300    0300
 10011   47690     41  sub    0     0   0300    0300
 10012   47693     41  sub    0     0   0300    0300
 10013   47696     41  sub    0     0   0300    0300
 10014   47699     41  sub    0     0   0300    0300
 10015   47702     41  sub    0     0   0300    0300
 10016   47705     41  sub    0     0   0300    0300
 10017   47708     41  sub    0     0   0300    0300
 10018   47711     41  sub    0     0   0300    0300
 10019   47714     41  sub    0     0   0300    0300
 10020   47717     41  sub    0     0   0300    0300
 10021   47720     41  sub    0     0   0300    0300
 10022   47723     41  sub    0     0   0300    0300
 10023   47726     41  sub    0     0   0300    0300
 10024   47729     41  sub    0     0   0300    0300
 10025   47732     41  sub    0     0   0300    0300
 10026   47735     41  sub    0     0   0300    0300
 10027   47738     41  sub    0     0   0300    0300
 10028   47741     41  sub    0     0   0300    0300
 10029   47744     41  sub    0     0   0300    0300
 10030   47747     41  sub    0     0   0300    0300
 10031   47750     41  sub    0     0   0300    0300
 10032   47753     41  sub    0     0   0300    0300
 10033   47756     41  sub    0     0   0300    0300
 10034   47759     41  sub    0     0   0300    0300
 10035   47762     41  sub    0     0   0300    0300
 10036   47765     41  sub    0     0   0300    0300
 10037   47768     41  sub    0     0   0300    0300
 10038   47771     41  sub    0     0   0300    0300
 10039   47774     41  sub    0     0   0300    0300
 10040   47777     41  sub    0     0   0300    0300
 10041   47780     41  sub    0     0   0300    0300
 10042   47783     41  sub    0     0   0300    0300
 10043   47786     41  sub    0     0   0300    0300
 10044   47789     41  sub    0     0   0300    0300
 10045   47792     41  sub    0     0   0300    0300
 10046   47795     41  sub    0     0   0300    0300
 10047   47798     41  sub    0     0   0300    0300
 10048   47801     41  sub    0     0   0300    0300
 10049   47804     41  sub    0     0   0300    0300
 10050   47807     41  sub    0     0   0300    0300
 10051   47810     41  sub    0     0   0300    0300
 10052   47813     41  sub    0     0   0300    0300
 10053   47816     41  sub    0     0   0300    0300
 10054   47819     41  sub    0     0   0300    0300
 10055   47822     41  sub    0     0   0300    0300
 10056   47825     41  sub    0     0   0300    0300
 10057   47828     41  sub    0     0   0300    0300
 10058   47831     41  sub    0     0   0300    0300
 10059   47834     41  sub    0     0   0300    0300
 10060   47837     41  sub    0     0   0300    0300
 10061   47840     41  sub    0     0   0300    0300
 10062   47843     41  sub    0     0   0300    0300
 10063   47846     41  sub    0     0   0300    0300
 10064   47849     41  sub    0     0   0300    0300
 10065   47852     41  sub    0     0   0300    0300
 10066   47855     41  sub    0     0   0300    0300
 10067   47858     41  sub    0     0   0300    0300
 10068   47861     41  sub    0     0   0300    0300
 10069   47864     41  sub    0     0   0300    0300
 10070   47867     41  sub    0     0   0300    0300
 10071   47870     41  sub    0     0   0300    0300
 10072   47873     41  sub    0     0   0300    0300
 10073   47876     41  sub    0     0   0300    0300
 10074   47879     41  sub    0     0   0300    0300
 10075   47882     41  sub    0     0   0300    0300
 10076   47885     41  sub    0     0   0300    0300
 10077   47888     41  sub    0     0   0300    0300
 10078   47891     41  sub    0     0   0300    0300
 10079   47894     41  sub    0     0   0300    0300
 10080   47897     41  sub    0     0   0300    0300
 10081   47900     41  sub    0     0   0300    0300
 10082   47903     41  sub    0     0   0300    0300
 10083   47906     41  sub    0     0   0300    0300
 10084   47909     41  sub    0     0   0300    0300
 10085   47912     41  sub    0     0   0300    0300
 10086   47915     41  sub    0     0   0300    0300
 10087   47918     41  sub    0     0   0300    0300
 10088   47921     41  sub    0     0   0300    0300
 10089   47924     41  sub    0     0   0300    0300
 10090   47927     41  sub    0     0   0300    0300
 10091   47930     41  sub    0     0   0300    0300
 10092   47933     41  sub    0     0   0300    0300
 10093   47936     41  sub    0     0   0300    0300
 10094   47939     41  sub    0     0   0300    0300
 10095   47942     41  sub    0     0   0300    0300
 10096   47945     41  sub    0     0   0300    0300
 10097   47948     41  sub    0     0   0300    0300
 10098   47951     41  sub    0     0   0300    0300
 10099   47954     41  sub    0     0   0300    0300
 10100   47957     41  sub    0     0   0300    0300
 10101   47960     41  sub    0     0   0300    0300
 10102   47963     41  sub    0     0   0300    0300
 10103   47966     41  sub    0     0   0300    0300
 10104   47969     41  sub    0     0   0300    0300
 10105   47972     41  sub    0     0   0300    0300
 10106   47975     41  sub    0     0   0300    0300
 10107   47978     41  sub    0     0   0300    0300
 10108   47981     41  sub    0     0   0300    0300
 10109   47984     41  sub    0     0   0300    0300
 10110   47987     41  sub    0     0   0300    0300
 10111   47990     41  sub    0     0   0300    0300
 10112   47993     41  sub    0     0   0300    0300
 10113   47996     41  sub    0     0   0300    0300
 10114   47999     41  sub    0     0   0300    0300
 10115   48002     41  sub    0     0   0300    0300
 10116   48005     41  sub    0     0   0300    0300
 10117   48008     41  sub    0     0   0300    0300
 10118   48011     41  sub    0     0   0300    0300
 10119   48014     41  sub    0     0   0300    0300
 10120   48017     41  sub    0     0   0300    0300
 10121   48020     41  sub    0     0   0300    0300
 10122   48023     41  sub    0     0   0300    0300
 10123   48026     41  sub    0     0   0300    0300
 10124   48029     41  sub    0     0   0300    0300
 10125   48032     41  sub    0     0   0300    0300
 10126   48035     41  sub    0     0   0300    0300
 10127   48038     41  sub    0     0   0300    0300
 10128   48041     41  sub    0     0   0300    0300
 10129   48044     41  sub    0     0   0300    0300
 10130   48047     41  sub    0     0   0300    0300
 10131   48050     41  sub    0     0   0300    0300
 10132   48053     41  sub    0     0   0300    0300
 10133   48056     41  sub    0     0   0300    0300
 10134   48059     41  sub    0     0   0300    0300
 10135   48062     41  sub    0     0   0300    0300
 10136   48065     41  sub    0     0   0300    0300
 10137   48068     41  sub    0     0   0300    0300
 10138   48071     41  sub    0     0   0300    0300
 10139   48074     41  sub    0     0   0300    0300
 10140   48077     41  sub    0     0   0300    0300
 10141   48080     41  sub    0     0   0300    0300
 10142   48083     41  sub    0     0   0300    0300
 10143   48086     41  sub    0     0   0300    0300
 10144   48089     41  sub    0     0   0300    0300
 10145   48092     41  sub    0     0   0300    0300
 10146   48095     41  sub    0     0   0300    0300
 10147   48098     41  sub    0     0   0300    0300
 10148   48101     41  sub    0     0   0300    0300
 10149   48104     41  sub    0     0   0300    0300
 10150   48107     41  sub    0     0   0300    0300
 10151   48110     41  sub    0     0   0300    0300
 10152   48113     41  sub    0     0   0300    0300
 10153   48116     41  sub    0     0   0300    0300
 10154   48119     41  sub    0     0   0300    0300
 10155   48122     41  sub    0     0   0300    0300
 10156   48125     41  sub    0     0   0300    0300
 10157   48128     41  sub    0     0   0300    0300
 10158   48131     41  sub    0     0   0300    0300
 10159   48134     41  sub    0     0   0300    0300
 10160   48137     41  sub    0     0   0300    0300
 10161   48140     41  sub    0     0   0300    0300
 10162   48143     41  sub    0     0   0300    0300
 10163   48146     41  sub    0     0   0300    0300
 10164   48149     41  sub    0     0   0300    0300
 10165   48152     41  sub    0     0   0300    0300
 10166   48155     41  sub    0     0   0300    0300
 10167   48158     41  sub    0     0   0300    0300
 10168   48161     41  sub    0     0   0300    0300
 10169   48164     41  sub    0     0   0300    0300
 10170   48167     41  sub    0     0   0300    0300
 10171   48170     41  sub    0     0   0300    0300
 10172   48173     41  sub    0     0   0300    0300
 10173   48176     41  sub    0     0   0300    0300
 10174   48179     41  sub    0     0   0300    0300
 10175   48182     41  sub    0     0   0300    0300
 10176   48185     41  sub    0     0   0300    0300
 10177   48188     41  sub    0     0   0300    0300
 10178   48191     41  sub    0     0   0300    0300
 10179   48194     41  sub    0     0   0300    0300
 10180   48197     41  sub    0     0   0300    0300
 10181   48200     41  sub    0     0   0300    0300
 10182   48203     41  sub    0     0   0300    0300
 10183   48206     41  sub    0     0   0300    0300
 10184   48209     41  sub    0     0   0300    0300
 10185   48212     41  sub    0     0   0300    0300
 10186   48215     41  sub    0     0   0300    0300
 10187   48218     41  sub    0     0   0300    0300
 10188   48221     41  sub    0     0   0300    0300
 10189   48224     41  sub    0     0   0300    0300
 10190   48227     41  sub    0     0   0300    0300
 10191   48230     41  sub    0     0   0300    0300
 10192   48233     41  sub    0     0   0300    0300
 10193   48236     41  sub    0     0   0300    0300
 10194   48239     41  sub    0     0   0300    0300
 10195   48242     41  sub    0     0   0300    0300
 10196   48245     41  sub    0     0   0300    0300
 10197   48248     41  sub    0     0   0300    0300
 10198   48251     41  sub    0     0   0300    0300
 10199   48254     41  sub    0     0   0300    0300
 10200   48257     41  sub    0     0   0300    0300
 10201   48260     41  sub    0     0   0300    0300
 10202   48263     41  sub    0     0   0300    0300
 10203   48266     41  sub    0     0   0300    0300
 10204   48269     41  sub    0     0   0300    0300
 10205   48272     41  sub    0     0   0300    0300
 10206   48275     41  sub    0     0   0300    0300
 10207   48278     41  sub    0     0   0300    0300
 10208   48281     41  sub    0     0   0300    0300
 10209   48284     41  sub    0     0   0300    0300
 10210   48287     41  sub    0     0   0300    0300
 10211   48290     41  sub    0     0   0300    0300
 10212   48293     41  sub    0     0   0300    0300
 10213   48296     41  sub    0     0   0300    0300
 10214   48299     41  sub    0     0   0300    0300
 10215   48302     41  sub    0     0   0300    0300
 10216   48305     41  sub    0     0   0300    0300
 10217   48308     41  sub    0     0   0300    0300
 10218   48311     41  sub    0     0   0300    0300
 10219   48314     41  sub    0     0   0300    0300
 10220   48317     41  sub    0     0   0300    0300
 10221   48320     41  sub    0     0   0300    0300
 10222   48323     41  sub    0     0   0300    0300
 10223   48326     41  sub    0     0   0300    0300
 10224   48329     41  sub    0     0   0300    0300
 10225   48332     41  sub    0     0   0300    0300
 10226   48335     41  sub    0     0   0300    0300
 10227   48338     41  sub    0     0   0300    0300
 10228   48341     41  sub    0     0   0300    0300
 10229   48344     41  sub    0     0   0300    0300
 10230   48347     41  sub    0     0   0300    0300
 10231   48350     41  sub    0     0   0300    0300
 10232   48353     41  sub    0     0   0300    0300
 10233   48356     41  sub    0     0   0300    0300
 10234   48359     41  sub    0     0   0300    0300
 10235   48362     41  sub    0     0   0300    0300
 10236   48365     41  sub    0     0   0300    0300
 10237   48368     41  sub    0     0   0300    0300
 10238   48371     41  sub    0     0   0300    0300
 10239   48374     41  sub    0     0   0300    0300
 10240   48377     41  sub    0     0   0300    0300
 10241   48380     41  sub    0     0   0300    0300
 10242   48383     41  sub    0     0   0300    0300
 10243   48386     41  sub    0     0   0300    0300
 10244   48389     41  sub    0     0   0300    0300
 10245   48392     41  sub    0     0   0300    0300
 10246   48395     41  sub    0     0   0300    0300
 10247   48398     41  sub    0     0   0300    0300
 10248   48401     41  sub    0     0   0300    0300
 10249   48404     41  sub    0     0   0300    0300
 10250   48407     41  sub    0     0   0300    0300
 10251   48410     41  sub    0     0   0300    0300
 10252   48413     41  sub    0     0   0300    0300
 10253   48416     41  sub    0     0   0300    0300
 10254   48419     41  sub    0     0   0300    0300
 10255   48422     41  sub    0     0   0300    0300
 10256   48425     41  sub    0     0   0300    0300
 10257   48428     41  sub    0     0   0300    0300
 10258   48431     41  sub    0     0   0300    0300
 10259   48434     41  sub    0     0   0300    0300
 10260   48437     41  sub    0     0   0300    0300
 10261   48440     41  sub    0     0   0300    0300
 10262   48443     41  sub    0     0   0300    0300
 10263   48446     41  sub    0     0   0300    0300
 10264   48449     41  sub    0     0   0300    0300
 10265   48452     41  sub    0     0   0300    0300
 10266   48455     41  sub    0     0   0300    0300
 10267   48458     41  sub    0     0   0300    0300
 10268   48461     41  sub    0     0   0300    0300
 10269   48464     41  sub    0     0   0300    0300
 10270   48467     41  sub    0     0   0300    0300
 10271   48470     41  sub    0     0   0300    0300
 10272   48473     41  sub    0     0   0300    0300
 10273   48476     41  sub    0     0   0300    0300
 10274   48479     41  sub    0     0   0300    0300
 10275   48482     41  sub    0     0   0300    0300
 10276   48485     41  sub    0     0   0300    0300
 10277   48488     41  sub    0     0   0300    0300
 10278   48491     41  sub    0     0   0300    0300
 10279   48494     41  sub    0     0   0300    0300
 10280   48497     41  sub    0     0   0300    0300
 10281   48500     41  sub    0     0   0300    0300
 10282   48503     41  sub    0     0   0300    0300
 10283   48506     41  sub    0     0   0300    0300
 10284   48509     41  sub    0     0   0300    0300
 10285   48512     41  sub    0     0   0300    0300
 10286   48515     41  sub    0     0   0300    0300
 10287   48518     41  sub    0     0   0300    0300
 10288   48521     41  sub    0     0   0300    0300
 10289   48524     41  sub    0     0   0300    0300
 10290   48527     41  sub    0     0   0300    0300
 10291   48530     41  sub    0     0   0300    0300
 10292   48533     41  sub    0     0   0300    0300
 10293   48536     41  sub    0     0   0300    0300
 10294   48539     41  sub    0     0   0300    0300
 10295   48542     41  sub    0     0   0300    0300
 10296   48545     41  sub    0     0   0300    0300
 10297   48548     41  sub    0     0   0300    0300
 10298   48551     41  sub    0     0   0300    0300
 10299   48554     41  sub    0     0   0300    0300
 10300   48557     41  sub    0     0   0300    0300
 10301   48560     41  sub    0     0   0300    0300
 10302   48563     41  sub    0     0   0300    0300
 10303   48566     41  sub    0     0   0300    0300
 10304   48569     41  sub    0     0   0300    0300
 10305   48572     41  sub    0     0   0300    0300
 10306   48575     41  sub    0     0   0300    0300
 10307   48578     41  sub    0     0   0300    0300
 10308   48581     41  sub    0     0   0300    0300
 10309   48584     41  sub    0     0   0300    0300
 10310   48587     41  sub    0     0   0300    0300
 10311   48590     41  sub    0     0   0300    0300
 10312   48593     41  sub    0     0   0300    0300
 10313   48596     41  sub    0     0   0300    0300
 10314   48599     41  sub    0     0   0300    0300
 10315   48602     41  sub    0     0   0300    0300
 10316   48605     41  sub    0     0   0300    0300
 10317   48608     41  sub    0     0   0300    0300
 10318   48611     41  sub    0     0   0300    0300
 10319   48614     41  sub    0     0   0300    0300
 10320   48617     41  sub    0     0   0300    0300
 10321   48620     41  sub    0     0   0300    0300
 10322   48623     41  sub    0     0   0300    0300
 10323   48626     41  sub    0     0   0300    0300
 10324   48629     41  sub    0     0   0300    0300
 10325   48632     41  sub    0     0   0300    0300
 10326   48635     41  sub    0     0   0300    0300
 10327   48638     41  sub    0     0   0300    0300
 10328   48641     41  sub    0     0   0300    0300
 10329   48644     41  sub    0     0   0300    0300
 10330   48647     41  sub    0     0   0300    0300
 10331   48650     41  sub    0     0   0300    0300
 10332   48653     41  sub    0     0   0300    0300
 10333   48656     41  sub    0     0   0300    0300
 10334   48659     41  sub    0     0   0300    0300
 10335   48662     41  sub    0     0   0300    0300
 10336   48665     41  sub    0     0   0300    0300
 10337   48668     41  sub    0     0   0300    0300
 10338   48671     41  sub    0     0   0300    0300
 10339   48674     41  sub    0     0   0300    0300
 10340   48677     41  sub    0     0   0300    0300
 10341   48680     41  sub    0     0   0300    0300
 10342   48683     41  sub    0     0   0300    0300
 10343   48686     41  sub    0     0   0300    0300
 10344   48689     41  sub    0     0   0300    0300
 10345   48692     41  sub    0     0   0300    0300
 10346   48695     41  sub    0     0   0300    0300
 10347   48698     41  sub    0     0   0300    0300
 10348   48701     41  sub    0     0   0300    0300
 10349   48704     41  sub    0     0   0300    0300
 10350   48707     41  sub    0     0   0300    0300
 10351   48710     41  sub    0     0   0300    0300
 10352   48713     41  sub    0     0   0300    0300
 10353   48716     41  sub    0     0   0300    0300
 10354   48719     41  sub    0     0   0300    0300
 10355   48722     41  sub    0     0   0300    0300
 10356   48725     41  sub    0     0   0300    0300
 10357   48728     41  sub    0     0   0300    0300
 10358   48731     41  sub    0     0   0300    0300
 10359   48734     41  sub    0     0   0300    0300
 10360   48737     41  sub    0     0   0300    0300
 10361   48740     41  sub    0     0   0300    0300
 10362   48743     41  sub    0     0   0300    0300
 10363   48746     41  sub    0     0   0300    0300
 10364   48749     41  sub    0     0   0300    0300
 10365   48752     41  sub    0     0   0300    0300
 10366   48755     41  sub    0     0   0300    0300
 10367   48758     41  sub    0     0   0300    0300
 10368   48761     41  sub    0     0   0300    0300
 10369   48764     41  sub    0     0   0300    0300
 10370   48767     41  sub    0     0   0300    0300
 10371   48770     41  sub    0     0   0300    0300
 10372   48773     41  sub    0     0   0300    0300
 10373   48776     41  sub    0     0   0300    0300
 10374   48779     41  sub    0     0   0300    0300
 10375   48782     41  sub    0     0   0300    0300
 10376   48785     41  sub    0     0   0300    0300
 10377   48788     41  sub    0     0   0300    0300
 10378   48791     41  sub    0     0   0300    0300
 10379   48794     41  sub    0     0   0300    0300
 10380   48797     41  sub    0     0   0300    0300
 10381   48800     41  sub    0     0   0300    0300
 10382   48803     41  sub    0     0   0300    0300
 10383   48806     41  sub    0     0   0300    0300
 10384   48809     41  sub    0     0   0300    0300
 10385   48812     41  sub    0     0   0300    0300
 10386   48815     41  sub    0     0   0300    0300
 10387   48818     41  sub    0     0   0300    0300
 10388   48821     41  sub    0     0   0300    0300
 10389   48824     41  sub    0     0   0300    0300
 10390   48827     41  sub    0     0   0300    0300
 10391   48830     41  sub    0     0   0300    0300
 10392   48833     41  sub    0     0   0300    0300
 10393   48836     41  sub    0     0   0300    0300
 10394   48839     41  sub    0     0   0300    0300
 10395   48842     41  sub    0     0   0300    0300
 10396   48845     41  sub    0     0   0300    0300
 10397   48848     41  sub    0     0   0300    0300
 10398   48851     41  sub    0     0   0300    0300
 10399   48854     41  sub    0     0   0300    0300
 10400   48857     41  sub    0     0   0300    0300
 10401   48860     41  sub    0     0   0300    0300
 10402   48863     41  sub    0     0   0300    0300
 10403   48866     41  sub    0     0   0300    0300
 10404   48869     41  sub    0     0   0300    0300
 10405   48872     41  sub    0     0   0300    0300
 10406   48875     41  sub    0     0   0300    0300
 10407   48878     42  sub    0     0   0300    0300
 10408   48881     42  sub    0     0   0300    0300
 10409   48884     42  sub    0     0   0300    0300
 10410   48887     42  sub    0     0   0300    0300
 10411   48890     42  sub    0     0   0300    0300
 10412   48893     42  sub    0     0   0300    0300
 10413   48896     42  sub    0     0   0300    0300
 10414   48899     42  sub    0     0   0300    0300
 10415   48902     42  sub    0     0   0300    0300
 10416   48905     42  sub    0     0   0300    0300
 10417   48908     42  sub    0     0   0300    0300
 10418   48911     42  sub    0     0   0300    0300
 10419   48914     42  sub    0     0   0300    0300
 10420   48917     42  sub    0     0   0300    0300
 10421   48920     42  sub    0     0   0300    0300
 10422   48923     42  sub    0     0   0300    0300
 10423   48926     42  sub    0     0   0300    0300
 10424   48929     42  sub    0     0   0300    0300
 10425   48932     42  sub    0     0   0300    0300
 10426   48935     42  sub    0     0   0300    0300
 10427   48938     42  sub    0     0   0300    0300
 10428   48941     42  sub    0     0   0300    0300
 10429   48944     42  sub    0     0   0300    0300
 10430   48947     42  sub    0     0   0300    0300
 10431   48950     42  sub    0     0   0300    0300
 10432   48953     42  sub    0     0   0300    0300
 10433   48956     42  sub    0     0   0300    0300
 10434   48959     42  sub    0     0   0300    0300
 10435   48962     42  sub    0     0   0300    0300
 10436   48965     42  sub    0     0   0300    0300
 10437   48968     42  sub    0     0   0300    0300
 10438   48971     42  sub    0     0   0300    0300
 10439   48974     42  sub    0     0   0300    0300
 10440   48977     42  sub    0     0   0300    0300
 10441   48980     42  sub    0     0   0300    0300
 10442   48983     42  sub    0     0   0300    0300
 10443   48986     42  sub    0     0   0300    0300
 10444   48989     42  sub    0     0   0300    0300
 10445   48992     42  sub    0     0   0300    0300
 10446   48995     42  sub    0     0   0300    0300
 10447   48998     42  sub    0     0   0300    0300
 10448   49001     42  sub    0     0   0300    0300
 10449   49004     42  sub    0     0   0300    0300
 10450   49007     42  sub    0     0   0300    0300
 10451   49010     42  sub    0     0   0300    0300
 10452   49013     42  sub    0     0   0300    0300
 10453   49016     42  sub    0     0   0300    0300
 10454   49019     42  sub    0     0   0300    0300
 10455   49022     42  sub    0     0   0300    0300
 10456   49025     42  sub    0     0   0300    0300
 10457   49028     42  sub    0     0   0300    0300
 10458   49031     42  sub    0     0   0300    0300
 10459   49034     42  sub    0     0   0300    0300
 10460   49037     42  sub    0     0   0300    0300
 10461   49040     42  sub    0     0   0300    0300
 10462   49043     42  sub    0     0   0300    0300
 10463   49046     42  sub    0     0   0300    0300
 10464   49049     42  sub    0     0   0300    0300
 10465   49052     42  sub    0     0   0300    0300
 10466   49055     42  sub    0     0   0300    0300
 10467   49058     42  sub    0     0   0300    0300
 10468   49061     42  sub    0     0   0300    0300
 10469   49064     42  sub    0     0   0300    0300
 10470   49067     42  sub    0     0   0300    0300
 10471   49070     42  sub    0     0   0300    0300
 10472   49073     42  sub    0     0   0300    0300
 10473   49076     42  sub    0     0   0300    0300
 10474   49079     42  sub    0     0   0300    0300
 10475   49082     42  sub    0     0   0300    0300
 10476   49085     42  sub    0     0   0300    0300
 10477   49088     42  sub    0     0   0300    0300
 10478   49091     42  sub    0     0   0300    0300
 10479   49094     42  sub    0     0   0300    0300
 10480   49097     42  sub    0     0   0300    0300
 10481   49100     42  sub    0     0   0300    0300
 10482   49103     42  sub    0     0   0300    0300
 10483   49106     42  sub    0     0   0300    0300
 10484   49109     42  sub    0     0   0300    0300
 10485   49112     42  sub    0     0   0300    0300
 10486   49115     42  sub    0     0   0300    0300
 10487   49118     42  sub    0     0   0300    0300
 10488   49121     42  sub    0     0   0300    0300
 10489   49124     42  sub    0     0   0300    0300
 10490   49127     42  sub    0     0   0300    0300
 10491   49130     42  sub    0     0   0300    0300
 10492   49133     42  sub    0     0   0300    0300
 10493   49136     42  sub    0     0   0300    0300
 10494   49139     42  sub    0     0   0300    0300
 10495   49142     42  sub    0     0   0300    0300
 10496   49145     42  sub    0     0   0300    0300
 10497   49148     42  sub    0     0   0300    0300
 10498   49151     42  sub    0     0   0300    0300
 10499   49154     42  sub    0     0   0300    0300
 10500   49157     42  sub    0     0   0300    0300
 10501   49160     42  sub    0     0   0300    0300
 10502   49163     42  sub    0     0   0300    0300
 10503   49166     42  sub    0     0   0300    0300
 10504   49169     42  sub    0     0   0300    0300
 10505   49172     42  sub    0     0   0300    0300
 10506   49175     42  sub    0     0   0300    0300
 10507   49178     42  sub    0     0   0300    0300
 10508   49181     42  sub    0     0   0300    0300
 10509   49184     42  sub    0     0   0300    0300
 10510   49187     42  sub    0     0   0300    0300
 10511   49190     42  sub    0     0   0300    0300
 10512   49193     42  sub    0     0   0300    0300
 10513   49196     42  sub    0     0   0300    0300
 10514   49199     42  sub    0     0   0300    0300
 10515   49202     42  sub    0     0   0300    0300
 10516   49205     42  sub    0     0   0300    0300
 10517   49208     42  sub    0     0   0300    0300
 10518   49211     42  sub    0     0   0300    0300
 10519   49214     42  sub    0     0   0300    0300
 10520   49217     42  sub    0     0   0300    0300
 10521   49220     42  sub    0     0   0300    0300
 10522   49223     42  sub    0     0   0300    0300
 10523   49226     42  sub    0     0   0300    0300
 10524   49229     42  sub    0     0   0300    0300
 10525   49232     42  sub    0     0   0300    0300
 10526   49235     42  sub    0     0   0300    0300
 10527   49238     42  sub    0     0   0300    0300
 10528   49241     42  sub    0     0   0300    0300
 10529   49244     42  sub    0     0   0300    0300
 10530   49247     42  sub    0     0   0300    0300
 10531   49250     42  sub    0     0   0300    0300
 10532   49253     42  sub    0     0   0300    0300
 10533   49256     42  sub    0     0   0300    0300
 10534   49259     42  sub    0     0   0300    0300
 10535   49262     42  sub    0     0   0300    0300
 10536   49265     42  sub    0     0   0300    0300
 10537   49268     42  sub    0     0   0300    0300
 10538   49271     42  sub    0     0   0300    0300
 10539   49274     42  sub    0     0   0300    0300
 10540   49277     42  sub    0     0   0300    0300
 10541   49280     42  sub    0     0   0300    0300
 10542   49283     42  sub    0     0   0300    0300
 10543   49286     42  sub    0     0   0300    0300
 10544   49289     42  sub    0     0   0300    0300
 10545   49292     42  sub    0     0   0300    0300
 10546   49295     42  sub    0     0   0300    0300
 10547   49298     42  sub    0     0   0300    0300
 10548   49301     42  sub    0     0   0300    0300
 10549   49304     42  sub    0     0   0300    0300
 10550   49307     42  sub    0     0   0300    0300
 10551   49310     42  sub    0     0   0300    0300
 10552   49313     42  sub    0     0   0300    0300
 10553   49316     42  sub    0     0   0300    0300
 10554   49319     42  sub    0     0   0300    0300
 10555   49322     42  sub    0     0   0300    0300
 10556   49325     42  sub    0     0   0300    0300
 10557   49328     42  sub    0     0   0300    0300
 10558   49331     42  sub    0     0   0300    0300
 10559   49334     42  sub    0     0   0300    0300
 10560   49337     42  sub    0     0   0300    0300
 10561   49340     42  sub    0     0   0300    0300
 10562   49343     42  sub    0     0   0300    0300
 10563   49346     42  sub    0     0   0300    0300
 10564   49349     42  sub    0     0   0300    0300
 10565   49352     42  sub    0     0   0300    0300
 10566   49355     42  sub    0     0   0300    0300
 10567   49358     42  sub    0     0   0300    0300
 10568   49361     42  sub    0     0   0300    0300
 10569   49364     42  sub    0     0   0300    0300
 10570   49367     42  sub    0     0   0300    0300
 10571   49370     42  sub    0     0   0300    0300
 10572   49373     42  sub    0     0   0300    0300
 10573   49376     42  sub    0     0   0300    0300
 10574   49379     42  sub    0     0   0300    0300
 10575   49382     42  sub    0     0   0300    0300
 10576   49385     42  sub    0     0   0300    0300
 10577   49388     42  sub    0     0   0300    0300
 10578   49391     42  sub    0     0   0300    0300
 10579   49394     42  sub    0     0   0300    0300
 10580   49397     42  sub    0     0   0300    0300
 10581   49400     42  sub    0     0   0300    0300
 10582   49403     42  sub    0     0   0300    0300
 10583   49406     42  sub    0     0   0300    0300
 10584   49409     42  sub    0     0   0300    0300
 10585   49412     42  sub    0     0   0300    0300
 10586   49415     42  sub    0     0   0300    0300
 10587   49418     42  sub    0     0   0300    0300
 10588   49421     42  sub    0     0   0300    0300
 10589   49424     42  sub    0     0   0300    0300
 10590   49427     42  sub    0     0   0300    0300
 10591   49430     42  sub    0     0   0300    0300
 10592   49433     42  sub    0     0   0300    0300
 10593   49436     42  sub    0     0   0300    0300
 10594   49439     42  sub    0     0   0300    0300
 10595   49442     42  sub    0     0   0300    0300
 10596   49445     42  sub    0     0   0300    0300
 10597   49448     42  sub    0     0   0300    0300
 10598   49451     42  sub    0     0   0300    0300
 10599   49454     42  sub    0     0   0300    0300
 10600   49457     42  sub    0     0   0300    0300
 10601   49460     42  sub    0     0   0300    0300
 10602   49463     42  sub    0     0   0300    0300
 10603   49466     42  sub    0     0   0300    0300
 10604   49469     42  sub    0     0   0300    0300
 10605   49472     42  sub    0     0   0300    0300
 10606   49475     42  sub    0     0   0300    0300
 10607   49478     42  sub    0     0   0300    0300
 10608   49481     42  sub    0     0   0300    0300
 10609   49484     42  sub    0     0   0300    0300
 10610   49487     42  sub    0     0   0300    0300
 10611   49490     42  sub    0     0   0300    0300
 10612   49493     42  sub    0     0   0300    0300
 10613   49496     42  sub    0     0   0300    0300
 10614   49499     42  sub    0     0   0300    0300
 10615   49502     42  sub    0     0   0300    0300
 10616   49505     42  sub    0     0   0300    0300
 10617   49508     42  sub    0     0   0300    0300
 10618   49511     42  sub    0     0   0300    0300
 10619   49514     42  sub    0     0   0300    0300
 10620   49517     42  sub    0     0   0300    0300
 10621   49520     42  sub    0     0   0300    0300
 10622   49523     42  sub    0     0   0300    0300
 10623   49526     42  sub    0     0   0300    0300
 10624   49529     42  sub    0     0   0300    0300
 10625   49532     42  sub    0     0   0300    0300
 10626   49535     42  sub    0     0   0300    0300
 10627   49538     42  sub    0     0   0300    0300
 10628   49541     42  sub    0     0   0300    0300
 10629   49544     42  sub    0     0   0300    0300
 10630   49547     42  sub    0     0   0300    0300
 10631   49550     42  sub    0     0   0300    0300
 10632   49553     42  sub    0     0   0300    0300
 10633   49556     42  sub    0     0   0300    0300
 10634   49559     42  sub    0     0   0300    0300
 10635   49562     42  sub    0     0   0300    0300
 10636   49565     42  sub    0     0   0300    0300
 10637   49568     42  sub    0     0   0300    0300
 10638   49571     42  sub    0     0   0300    0300
 10639   49574     42  sub    0     0   0300    0300
 10640   49577     42  sub    0     0   0300    0300
 10641   49580     42  sub    0     0   0300    0300
 10642   49583     42  sub    0     0   0300    0300
 10643   49586     42  sub    0     0   0300    0300
 10644   49589     42  sub    0     0   0300    0300
 10645   49592     42  sub    0     0   0300    0300
 10646   49595     42  sub    0     0   0300    0300
 10647   49598     42  sub    0     0   0300    0300
 10648   49601     42  sub    0     0   0300    0300
 10649   49604     42  sub    0     0   0300    0300
 10650   49607     42  sub    0     0   0300    0300
 10651   49610     42  sub    0     0   0300    0300
 10652   49613     42  sub    0     0   0300    0300
 10653   49616     42  sub    0     0   0300    0300
 10654   49619     42  sub    0     0   0300    0300
 10655   49622     42  sub    0     0   0300    0300
 10656   49625     42  sub    0     0   0300    0300
 10657   49628     42  sub    0     0   0300    0300
 10658   49631     42  sub    0     0   0300    0300
 10659   49634     42  sub    0     0   0300    0300
 10660   49637     42  sub    0     0   0300    0300
 10661   49640     42  sub    0     0   0300    0300
 10662   49643     42  sub    0     0   0300    0300
 10663   49646     42  sub    0     0   0300    0300
 10664   49649     42  sub    0     0   0300    0300
 10665   49652     42  sub    0     0   0300    0300
 10666   49655     42  sub    0     0   0300    0300
 10667   49658     42  sub    0     0   0300    0300
 10668   49661     42  sub    0     0   0300    0300
 10669   49664     42  sub    0     0   0300    0300
 10670   49667     42  sub    0     0   0300    0300
 10671   49670     42  sub    0     0   0300    0300
 10672   49673     42  sub    0     0   0300    0300
 10673   49676     42  sub    0     0   0300    0300
 10674   49679     42  sub    0     0   0300    0300
 10675   49682     42  sub    0     0   0300    0300
 10676   49685     42  sub    0     0   0300    0300
 10677   49688     42  sub    0     0   0300    0300
 10678   49691     42  sub    0     0   0300    0300
 10679   49694     42  sub    0     0   0300    0300
 10680   49697     42  sub    0     0   0300    0300
 10681   49700     42  sub    0     0   0300    0300
 10682   49703     42  sub    0     0   0300    0300
 10683   49706     42  sub    0     0   0300    0300
 10684   49709     42  sub    0     0   0300    0300
 10685   49712     42  sub    0     0   0300    0300
 10686   49715     42  sub    0     0   0300    0300
 10687   49718     42  sub    0     0   0300    0300
 10688   49721     42  sub    0     0   0300    0300
 10689   49724     42  sub    0     0   0300    0300
 10690   49727     42  sub    0     0   0300    0300
 10691   49730     42  sub    0     0   0300    0300
 10692   49733     42  sub    0     0   0300    0300
 10693   49736     42  sub    0     0   0300    0300
 10694   49739     42  sub    0     0   0300    0300
 10695   49742     42  sub    0     0   0300    0300
 10696   49745     42  sub    0     0   0300    0300
 10697   49748     42  sub    0     0   0300    0300
 10698   49751     42  sub    0     0   0300    0300
 10699   49754     42  sub    0     0   0300    0300
 10700   49757     42  sub    0     0   0300    0300
 10701   49760     42  sub    0     0   0300    0300
 10702   49763     42  sub    0     0   0300    0300
 10703   49766     42  sub    0     0   0300    0300
 10704   49769     42  sub    0     0   0300    0300
 10705   49772     42  sub    0     0   0300    0300
 10706   49775     42  sub    0     0   0300    0300
 10707   49778     42  sub    0     0   0300    0300
 10708   49781     42  sub    0     0   0300    0300
 10709   49784     42  sub    0     0   0300    0300
 10710   49787     42  sub    0     0   0300    0300
 10711   49790     42  sub    0     0   0300    0300
 10712   49793     42  sub    0     0   0300    0300
 10713   49796     42  sub    0     0   0300    0300
 10714   49799     42  sub    0     0   0300    0300
 10715   49802     42  sub    0     0   0300    0300
 10716   49805     42  sub    0     0   0300    0300
 10717   49808     42  sub    0     0   0300    0300
 10718   49811     42  sub    0     0   0300    0300
 10719   49814     42  sub    0     0   0300    0300
 10720   49817     42  sub    0     0   0300    0300
 10721   49820     42  sub    0     0   0300    0300
 10722   49823     42  sub    0     0   0300    0300
 10723   49826     42  sub    0     0   0300    0300
 10724   49829     42  sub    0     0   0300    0300
 10725   49832     42  sub    0     0   0300    0300
 10726   49835     42  sub    0     0   0300    0300
 10727   49838     42  sub    0     0   0300    0300
 10728   49841     42  sub    0     0   0300    0300
 10729   49844     42  sub    0     0   0300    0300
 10730   49847     42  sub    0     0   0300    0300
 10731   49850     42  sub    0     0   0300    0300
 10732   49853     42  sub    0     0   0300    0300
 10733   49856     42  sub    0     0   0300    0300
 10734   49859     42  sub    0     0   0300    0300
 10735   49862     42  sub    0     0   0300    0300
 10736   49865     42  sub    0     0   0300    0300
 10737   49868     42  sub    0     0   0300    0300
 10738   49871     42  sub    0     0   0300    0300
 10739   49874     42  sub    0     0   0300    0300
 10740   49877     42  sub    0     0   0300    0300
 10741   49880     42  sub    0     0   0300    0300
 10742   49883     42  sub    0     0   0300    0300
 10743   49886     42  sub    0     0   0300    0300
 10744   49889     42  sub    0     0   0300    0300
 10745   49892     42  sub    0     0   0300    0300
 10746   49895     42  sub    0     0   0300    0300
 10747   49898     42  sub    0     0   0300    0300
 10748   49901     42  sub    0     0   0300    0300
 10749   49904     42  sub    0     0   0300    0300
 10750   49907     42  sub    0     0   0300    0300
 10751   49910     42  sub    0     0   0300    0300
 10752   49913     42  sub    0     0   0300    0300
 10753   49916     42  sub    0     0   0300    0300
 10754   49919     42  sub    0     0   0300    0300
 10755   49922     42  sub    0     0   0300    0300
 10756   49925     42  sub    0     0   0300    0300
 10757   49928     42  sub    0     0   0300    0300
 10758   49931     42  sub    0     0   0300    0300
 10759   49934     42  sub    0     0   0300    0300
 10760   49937     42  sub    0     0   0300    0300
 10761   49940     42  sub    0     0   0300    0300
 10762   49943     42  sub    0     0   0300    0300
 10763   49946     42  sub    0     0   0300    0300
 10764   49949     42  sub    0     0   0300    0300
 10765   49952     42  sub    0     0   0300    0300
 10766   49955     42  sub    0     0   0300    0300
 10767   49958     42  sub    0     0   0300    0300
 10768   49961     42  sub    0     0   0300    0300
 10769   49964     42  sub    0     0   0300    0300
 10770   49967     42  sub    0     0   0300    0300
 10771   49970     42  sub    0     0   0300    0300
 10772   49973     42  sub    0     0   0300    0300
 10773   49976     42  sub    0     0   0300    0300
 10774   49979     42  sub    0     0   0300    0300
 10775   49982     42  sub    0     0   0300    0300
 10776   49985     42  sub    0     0   0300    0300
 10777   49988     42  sub    0     0   0300    0300
 10778   49991     42  sub    0     0   0300    0300
 10779   49994     42  sub    0     0   0300    0300
 10780   49997     42  sub    0     0   0300    0300
 10781   50000     42  sub    0     0   0300    0300
 10782   50003     42  sub    0     0   0300    0300
 10783   50006     42  sub    0     0   0300    0300
 10784   50009     42  sub    0     0   0300    0300
 10785   50012     42  sub    0     0   0300    0300
 10786   50015     42  sub    0     0   0300    0300
 10787   50018     42  sub    0     0   0300    0300
 10788   50021     42  sub    0     0   0300    0300
 10789   50024     42  sub    0     0   0300    0300
 10790   50027     42  sub    0     0   0300    0300
 10791   50030     42  sub    0     0   0300    0300
 10792   50033     42  sub    0     0   0300    0300
 10793   50036     42  sub    0     0   0300    0300
 10794   50039     42  sub    0     0   0300    0300
 10795   50042     42  sub    0     0   0300    0300
 10796   50045     42  sub    0     0   0300    0300
 10797   50048     42  sub    0     0   0300    0300
 10798   50051     42  sub    0     0   0300    0300
 10799   50054     42  sub    0     0   0300    0300
 10800   50057     42  sub    0     0   0300    0300
 10801   50060     42  sub    0     0   0300    0300
 10802   50063     42  sub    0     0   0300    0300
 10803   50066     42  sub    0     0   0300    0300
 10804   50069     42  sub    0     0   0300    0300
 10805   50072     42  sub    0     0   0300    0300
 10806   50075     42  sub    0     0   0300    0300
 10807   50078     42  sub    0     0   0300    0300
 10808   50081     42  sub    0     0   0300    0300
 10809   50084     42  sub    0     0   0300    0300
 10810   50087     42  sub    0     0   0300    0300
 10811   50090     42  sub    0     0   0300    0300
 10812   50093     42  sub    0     0   0300    0300
 10813   50096     42  sub    0     0   0300    0300
 10814   50099     42  sub    0     0   0300    0300
 10815   50102     42  sub    0     0   0300    0300
 10816   50105     42  sub    0     0   0300    0300
 10817   50108     42  sub    0     0   0300    0300
 10818   50111     42  sub    0     0   0300    0300
 10819   50114     42  sub    0     0   0300    0300
 10820   50117     42  sub    0     0   0300    0300
 10821   50120     42  sub    0     0   0300    0300
 10822   50123     42  sub    0     0   0300    0300
 10823   50126     42  sub    0     0   0300    0300
 10824   50129     42  sub    0     0   0300    0300
 10825   50132     42  sub    0     0   0300    0300
 10826   50135     42  sub    0     0   0300    0300
 10827   50138     42  sub    0     0   0300    0300
 10828   50141     42  sub    0     0   0300    0300
 10829   50144     42  sub    0     0   0300    0300
 10830   50147     42  sub    0     0   0300    0300
 10831   50150     42  sub    0     0   0300    0300
 10832   50153     42  sub    0     0   0300    0300
 10833   50156     42  sub    0     0   0300    0300
 10834   50159     42  sub    0     0   0300    0300
 10835   50162     42  sub    0     0   0300    0300
 10836   50165     42  sub    0     0   0300    0300
 10837   50168     42  sub    0     0   0300    0300
 10838   50171     42  sub    0     0   0300    0300
 10839   50174     42  sub    0     0   0300    0300
 10840   50177     42  sub    0     0   0300    0300
 10841   50180     42  sub    0     0   0300    0300
 10842   50183     42  sub    0     0   0300    0300
 10843   50186     42  sub    0     0   0300    0300
 10844   50189     42  sub    0     0   0300    0300
 10845   50192     42  sub    0     0   0300    0300
 10846   50195     42  sub    0     0   0300    0300
 10847   50198     42  sub    0     0   0300    0300
 10848   50201     42  sub    0     0   0300    0300
 10849   50204     42  sub    0     0   0300    0300
 10850   50207     42  sub    0     0   0300    0300
 10851   50210     42  sub    0     0   0300    0300
 10852   50213     42  sub    0     0   0300    0300
 10853   50216     42  sub    0     0   0300    0300
 10854   50219     42  sub    0     0   0300    0300
 10855   50222     42  sub    0     0   0300    0300
 10856   50225     42  sub    0     0   0300    0300
 10857   50228     42  sub    0     0   0300    0300
 10858   50231     42  sub    0     0   0300    0300
 10859   50234     42  sub    0     0   0300    0300
 10860   50237     42  sub    0     0   0300    0300
 10861   50240     42  sub    0     0   0300    0300
 10862   50243     42  sub    0     0   0300    0300
 10863   50246     42  sub    0     0   0300    0300
 10864   50249     42  sub    0     0   0300    0300
 10865   50252     42  sub    0     0   0300    0300
 10866   50255     42  sub    0     0   0300    0300
 10867   50258     42  sub    0     0   0300    0300
 10868   50261     42  sub    0     0   0300    0300
 10869   50264     42  sub    0     0   0300    0300
 10870   50267     42  sub    0     0   0300    0300
 10871   50270     42  sub    0     0   0300    0300
 10872   50273     42  sub    0     0   0300    0300
 10873   50276     42  sub    0     0   0300    0300
 10874   50279     42  sub    0     0   0300    0300
 10875   50282     42  sub    0     0   0300    0300
 10876   50285     42  sub    0     0   0300    0300
 10877   50288     42  sub    0     0   0300    0300
 10878   50291     42  sub    0     0   0300    0300
 10879   50294     42  sub    0     0   0300    0300
 10880   50297     42  sub    0     0   0300    0300
 10881   50300     42  sub    0     0   0300    0300
 10882   50303     42  sub    0     0   0300    0300
 10883   50306     42  sub    0     0   0300    0300
 10884   50309     42  sub    0     0   0300    0300
 10885   50312     42  sub    0     0   0300    0300
 10886   50315     42  sub    0     0   0300    0300
 10887   50318     42  sub    0     0   0300    0300
 10888   50321     42  sub    0     0   0300    0300
 10889   50324     42  sub    0     0   0300    0300
 10890   50327     42  sub    0     0   0300    0300
 10891   50330     42  sub    0     0   0300    0300
 10892   50333     42  sub    0     0   0300    0300
 10893   50336     42  sub    0     0   0300    0300
 10894   50339     42  sub    0     0   0300    0300
 10895   50342     42  sub    0     0   0300    0300
 10896   50345     42  sub    0     0   0300    0300
 10897   50348     42  sub    0     0   0300    0300
 10898   50351     42  sub    0     0   0300    0300
 10899   50354     42  sub    0     0   0300    0300
 10900   50357     42  sub    0     0   0300    0300
 10901   50360     42  sub    0     0   0300    0300
 10902   50363     42  sub    0     0   0300    0300
 10903   50366     42  sub    0     0   0300    0300
 10904   50369     42  sub    0     0   0300    0300
 10905   50372     42  sub    0     0   0300    0300
 10906   50375     42  sub    0     0   0300    0300
 10907   50378     42  sub    0     0   0300    0300
 10908   50381     42  sub    0     0   0300    0300
 10909   50384     42  sub    0     0   0300    0300
 10910   50387     42  sub    0     0   0300    0300
 10911   50390     42  sub    0     0   0300    0300
 10912   50393     42  sub    0     0   0300    0300
 10913   50396     42  sub    0     0   0300    0300
 10914   50399     42  sub    0     0   0300    0300
 10915   50402     42  sub    0     0   0300    0300
 10916   50405     42  sub    0     0   0300    0300
 10917   50408     42  sub    0     0   0300    0300
 10918   50411     42  sub    0     0   0300    0300
 10919   50414     42  sub    0     0   0300    0300
 10920   50417     42  sub    0     0   0300    0300
 10921   50420     42  sub    0     0   0300    0300
 10922   50423     42  sub    0     0   0300    0300
 10923   50426     42  sub    0     0   0300    0300
 10924   50429     42  sub    0     0   0300    0300
 10925   50432     42  sub    0     0   0300    0300
 10926   50435     42  sub    0     0   0300    0300
 10927   50438     42  sub    0     0   0300    0300
 10928   50441     42  sub    0     0   0300    0300
 10929   50444     42  sub    0     0   0300    0300
 10930   50447     42  sub    0     0   0300    0300
 10931   50450     42  sub    0     0   0300    0300
 10932   50453     42  sub    0     0   0300    0300
 10933   50456     42  sub    0     0   0300    0300
 10934   50459     42  sub    0     0   0300    0300
 10935   50462     42  sub    0     0   0300    0300
 10936   50465     42  sub    0     0   0300    0300
 10937   50468     42  sub    0     0   0300    0300
 10938   50471     42  sub    0     0   0300    0300
 10939   50474     42  sub    0     0   0300    0300
 10940   50477     42  sub    0     0   0300    0300
 10941   50480     42  sub    0     0   0300    0300
 10942   50483     42  sub    0     0   0300    0300
 10943   50486     42  sub    0     0   0300    0300
 10944   50489     42  sub    0     0   0300    0300
 10945   50492     42  sub    0     0   0300    0300
 10946   50495     42  sub    0     0   0300    0300
 10947   50498     42  sub    0     0   0300    0300
 10948   50501     42  sub    0     0   0300    0300
 10949   50504     42  sub    0     0   0300    0300
 10950   50507     42  sub    0     0   0300    0300
 10951   50510     42  sub    0     0   0300    0300
 10952   50513     42  sub    0     0   0300    0300
 10953   50516     42  sub    0     0   0300    0300
 10954   50519     42  sub    0     0   0300    0300
 10955   50522     42  sub    0     0   0300    0300
 10956   50525     42  sub    0     0   0300    0300
 10957   50528     42  sub    0     0   0300    0300
 10958   50531     42  sub    0     0   0300    0300
 10959   50534     42  sub    0     0   0300    0300
 10960   50537     42  sub    0     0   0300    0300
 10961   50540     42  sub    0     0   0300    0300
 10962   50543     42  sub    0     0   0300    0300
 10963   50546     42  sub    0     0   0300    0300
 10964   50549     42  sub    0     0   0300    0300
 10965   50552     42  sub    0     0   0300    0300
 10966   50555     42  sub    0     0   0300    0300
 10967   50558     42  sub    0     0   0300    0300
 10968   50561     42  sub    0     0   0300    0300
 10969   50564     42  sub    0     0   0300    0300
 10970   50567     42  sub    0     0   0300    0300
 10971   50570     42  sub    0     0   0300    0300
 10972   50573     42  sub    0     0   0300    0300
 10973   50576     42  sub    0     0   0300    0300
 10974   50579     42  sub    0     0   0300    0300
 10975   50582     42  sub    0     0   0300    0300
 10976   50585     42  sub    0     0   0300    0300
 10977   50588     42  sub    0     0   0300    0300
 10978   50591     42  sub    0     0   0300    0300
 10979   50594     42  sub    0     0   0300    0300
 10980   50597     42  sub    0     0   0300    0300
 10981   50600     42  sub    0     0   0300    0300
 10982   50603     42  sub    0     0   0300    0300
 10983   50606     42  sub    0     0   0300    0300
 10984   50609     42  sub    0     0   0300    0300
 10985   50612     42  sub    0     0   0300    0300
 10986   50615     42  sub    0     0   0300    0300
 10987   50618     42  sub    0     0   0300    0300
 10988   50621     42  sub    0     0   0300    0300
 10989   50624     42  sub    0     0   0300    0300
 10990   50627     42  sub    0     0   0300    0300
 10991   50630     42  sub    0     0   0300    0300
 10992   50633     42  sub    0     0   0300    0300
 10993   50636     42  sub    0     0   0300    0300
 10994   50639     42  sub    0     0   0300    0300
 10995   50642     42  sub    0     0   0300    0300
 10996   50645     42  sub    0     0   0300    0300
 10997   50648     42  sub    0     0   0300    0300
 10998   50651     42  sub    0     0   0300    0300
 10999   50654     42  sub    0     0   0300    0300
 11000   50657     42  sub    0     0   0300    0300
 11001   50660     42  sub    0     0   0300    0300
 11002   50663     42  sub    0     0   0300    0300
 11003   50666     42  sub    0     0   0300    0300
 11004   50669     42  sub    0     0   0300    0300
 11005   50672     42  sub    0     0   0300    0300
 11006   50675     42  sub    0     0   0300    0300
 11007   50678     42  sub    0     0   0300    0300
 11008   50681     42  sub    0     0   0300    0300
 11009   50684     42  sub    0     0   0300    0300
 11010   50687     42  sub    0     0   0300    0300
 11011   50690     42  sub    0     0   0300    0300
 11012   50693     42  sub    0     0   0300    0300
 11013   50696     42  sub    0     0   0300    0300
 11014   50699     42  sub    0     0   0300    0300
 11015   50702     42  sub    0     0   0300    0300
 11016   50705     42  sub    0     0   0300    0300
 11017   50708     42  sub    0     0   0300    0300
 11018   50711     42  sub    0     0   0300    0300
 11019   50714     42  sub    0     0   0300    0300
 11020   50717     42  sub    0     0   0300    0300
 11021   50720     42  sub    0     0   0300    0300
 11022   50723     42  sub    0     0   0300    0300
 11023   50726     42  sub    0     0   0300    0300
 11024   50729     42  sub    0     0   0300    0300
 11025   50732     42  sub    0     0   0300    0300
 11026   50735     42  sub    0     0   0300    0300
 11027   50738     42  sub    0     0   0300    0300
 11028   50741     42  sub    0     0   0300    0300
 11029   50744     42  sub    0     0   0300    0300
 11030   50747     42  sub    0     0   0300    0300
 11031   50750     42  sub    0     0   0300    0300
 11032   50753     42  sub    0     0   0300    0300
 11033   50756     42  sub    0     0   0300    0300
 11034   50759     42  sub    0     0   0300    0300
 11035   50762     42  sub    0     0   0300    0300
 11036   50765     42  sub    0     0   0300    0300
 11037   50768     42  sub    0     0   0300    0300
 11038   50771     42  sub    0     0   0300    0300
 11039   50774     42  sub    0     0   0300    0300
 11040   50777     42  sub    0     0   0300    0300
 11041   50780     42  sub    0     0   0300    0300
 11042   50783     42  sub    0     0   0300    0300
 11043   50786     42  sub    0     0   0300    0300
 11044   50789     42  sub    0     0   0300    0300
 11045   50792     42  sub    0     0   0300    0300
 11046   50795     42  sub    0     0   0300    0300
 11047   50798     42  sub    0     0   0300    0300
 11048   50801     42  sub    0     0   0300    0300
 11049   50804     42  sub    0     0   0300    0300
 11050   50807     42  sub    0     0   0300    0300
 11051   50810     42  sub    0     0   0300    0300
 11052   50813     42  sub    0     0   0300    0300
 11053   50816     42  sub    0     0   0300    0300
 11054   50819     42  sub    0     0   0300    0300
 11055   50822     42  sub    0     0   0300    0300
 11056   50825     42  sub    0     0   0300    0300
 11057   50828     42  sub    0     0   0300    0300
 11058   50831     42  sub    0     0   0300    0300
 11059   50834     42  sub    0     0   0300    0300
 11060   50837     42  sub    0     0   0300    0300
 11061   50840     42  sub    0     0   0300    0300
 11062   50843     42  sub    0     0   0300    0300
 11063   50846     42  sub    0     0   0300    0300
 11064   50849     42  sub    0     0   0300    0300
 11065   50852     42  sub    0     0   0300    0300
 11066   50855     42  sub    0     0   0300    0300
 11067   50858     42  sub    0     0   0300    0300
 11068   50861     42  sub    0     0   0300    0300
 11069   50864     42  sub    0     0   0300    0300
 11070   50867     42  sub    0     0   0300    0300
 11071   50870     42  sub    0     0   0300    0300
 11072   50873     42  sub    0     0   0300    0300
 11073   50876     42  sub    0     0   0300    0300
 11074   50879     42  sub    0     0   0300    0300
 11075   50882     42  sub    0     0   0300    0300
 11076   50885     42  sub    0     0   0300    0300
 11077   50888     42  sub    0     0   0300    0300
 11078   50891     42  sub    0     0   0300    0300
 11079   50894     42  sub    0     0   0300    0300
 11080   50897     42  sub    0     0   0300    0300
 11081   50900     42  sub    0     0   0300    0300
 11082   50903     42  sub    0     0   0300    0300
 11083   50906     42  sub    0     0   0300    0300
 11084   50909     42  sub    0     0   0300    0300
 11085   50912     42  sub    0     0   0300    0300
 11086   50915     42  sub    0     0   0300    0300
 11087   50918     42  sub    0     0   0300    0300
 11088   50921     42  sub    0     0   0300    0300
 11089   50924     42  sub    0     0   0300    0300
 11090   50927     42  sub    0     0   0300    0300
 11091   50930     42  sub    0     0   0300    0300
 11092   50933     42  sub    0     0   0300    0300
 11093   50936     42  sub    0     0   0300    0300
 11094   50939     42  sub    0     0   0300    0300
 11095   50942     42  sub    0     0   0300    0300
 11096   50945     42  sub    0     0   0300    0300
 11097   50948     42  sub    0     0   0300    0300
 11098   50951     42  sub    0     0   0300    0300
 11099   50954     42  sub    0     0   0300    0300
 11100   50957     42  sub    0     0   0300    0300
 11101   50960     42  sub    0     0   0300    0300
 11102   50963     42  sub    0     0   0300    0300
 11103   50966     42  sub    0     0   0300    0300
 11104   50969     42  sub    0     0   0300    0300
 11105   50972     42  sub    0     0   0300    0300
 11106   50975     42  sub    0     0   0300    0300
 11107   50978     42  sub    0     0   0300    0300
 11108   50981     42  sub    0     0   0300    0300
 11109   50984     42  sub    0     0   0300    0300
 11110   50987     42  sub    0     0   0300    0300
 11111   50990     42  sub    0     0   0300    0300
 11112   50993     42  sub    0     0   0300    0300
 11113   50996     42  sub    0     0   0300    0300
 11114   50999     42  sub    0     0   0300    0300
 11115   51002     42  sub    0     0   0300    0300
 11116   51005     42  sub    0     0   0300    0300
 11117   51008     42  sub    0     0   0300    0300
 11118   51011     42  sub    0     0   0300    0300
 11119   51014     42  sub    0     0   0300    0300
 11120   51017     42  sub    0     0   0300    0300
 11121   51020     42  sub    0     0   0300    0300
 11122   51023     42  sub    0     0   0300    0300
 11123   51026     42  sub    0     0   0300    0300
 11124   51029     42  sub    0     0   0300    0300
 11125   51032     42  sub    0     0   0300    0300
 11126   51035     42  sub    0     0   0300    0300
 11127   51038     42  sub    0     0   0300    0300
 11128   51041     42  sub    0     0   0300    0300
 11129   51044     42  sub    0     0   0300    0300
 11130   51047     42  sub    0     0   0300    0300
 11131   51050     42  sub    0     0   0300    0300
 11132   51053     42  sub    0     0   0300    0300
 11133   51056     42  sub    0     0   0300    0300
 11134   51059     42  sub    0     0   0300    0300
 11135   51062     42  sub    0     0   0300    0300
 11136   51065     42  sub    0     0   0300    0300
 11137   51068     42  sub    0     0   0300    0300
 11138   51071     42  sub    0     0   0300    0300
 11139   51074     42  sub    0     0   0300    0300
 11140   51077     42  sub    0     0   0300    0300
 11141   51080     42  sub    0     0   0300    0300
 11142   51083     42  sub    0     0   0300    0300
 11143   51086     42  sub    0     0   0300    0300
 11144   51089     42  sub    0     0   0300    0300
 11145   51092     42  sub    0     0   0300    0300
 11146   51095     42  sub    0     0   0300    0300
 11147   51098     42  sub    0     0   0300    0300
 11148   51101     42  sub    0     0   0300    0300
 11149   51104     42  sub    0     0   0300    0300
 11150   51107     42  sub    0     0   0300    0300
 11151   51110     42  sub    0     0   0300    0300
 11152   51113     42  sub    0     0   0300    0300
 11153   51116     42  sub    0     0   0300    0300
 11154   51119     42  sub    0     0   0300    0300
 11155   51122     42  sub    0     0   0300    0300
 11156   51125     42  sub    0     0   0300    0300
 11157   51128     42  sub    0     0   0300    0300
 11158   51131     42  sub    0     0   0300    0300
 11159   51134     42  sub    0     0   0300    0300
 11160   51137     42  sub    0     0   0300    0300
 11161   51140     42  sub    0     0   0300    0300
 11162   51143     42  sub    0     0   0300    0300
 11163   51146     42  sub    0     0   0300    0300
 11164   51149     42  sub    0     0   0300    0300
 11165   51152     42  sub    0     0   0300    0300
 11166   51155     42  sub    0     0   0300    0300
 11167   51158     42  sub    0     0   0300    0300
 11168   51161     42  sub    0     0   0300    0300
 11169   51164     42  sub    0     0   0300    0300
 11170   51167     42  sub    0     0   0300    0300
 11171   51170     42  sub    0     0   0300    0300
 11172   51173     42  sub    0     0   0300    0300
 11173   51176     42  sub    0     0   0300    0300
 11174   51179     42  sub    0     0   0300    0300
 11175   51182     42  sub    0     0   0300    0300
 11176   51185     42  sub    0     0   0300    0300
 11177   51188     42  sub    0     0   0300    0300
 11178   51191     42  sub    0     0   0300    0300
 11179   51194     42  sub    0     0   0300    0300
 11180   51197     42  sub    0     0   0300    0300
 11181   51200     42  sub    0     0   0300    0300
 11182   51203     42  sub    0     0   0300    0300
 11183   51206     42  sub    0     0   0300    0300
 11184   51209     42  sub    0     0   0300    0300
 11185   51212     42  sub    0     0   0300    0300
 11186   51215     42  sub    0     0   0300    0300
 11187   51218     42  sub    0     0   0300    0300
 11188   51221     42  sub    0     0   0300    0300
 11189   51224     42  sub    0     0   0300    0300
 11190   51227     42  sub    0     0   0300    0300
 11191   51230     42  sub    0     0   0300    0300
 11192   51233     42  sub    0     0   0300    0300
 11193   51236     42  sub    0     0   0300    0300
 11194   51239     42  sub    0     0   0300    0300
 11195   51242     42  sub    0     0   0300    0300
 11196   51245     42  sub    0     0   0300    0300
 11197   51248     42  sub    0     0   0300    0300
 11198   51251     42  sub    0     0   0300    0300
 11199   51254     42  sub    0     0   0300    0300
 11200   51257     42  sub    0     0   0300    0300
 11201   51260     42  sub    0     0   0300    0300
 11202   51263     42  sub    0     0   0300    0300
 11203   51266     42  sub    0     0   0300    0300
 11204   51269     42  sub    0     0   0300    0300
 11205   51272     42  sub    0     0   0300    0300
 11206   51275     42  sub    0     0   0300    0300
 11207   51278     42  sub    0     0   0300    0300
 11208   51281     42  sub    0     0   0300    0300
 11209   51284     42  sub    0     0   0300    0300
 11210   51287     42  sub    0     0   0300    0300
 11211   51290     42  sub    0     0   0300    0300
 11212   51293     42  sub    0     0   0300    0300
 11213   51296     42  sub    0     0   0300    0300
 11214   51299     42  sub    0     0   0300    0300
 11215   51302     42  sub    0     0   0300    0300
 11216   51305     42  sub    0     0   0300    0300
 11217   51308     42  sub    0     0   0300    0300
 11218   51311     42  sub    0     0   0300    0300
 11219   51314     42  sub    0     0   0300    0300
 11220   51317     42  sub    0     0   0300    0300
 11221   51320     42  sub    0     0   0300    0300
 11222   51323     42  sub    0     0   0300    0300
 11223   51326     42  sub    0     0   0300    0300
 11224   51329     42  sub    0     0   0300    0300
 11225   51332     42  sub    0     0   0300    0300
 11226   51335     42  sub    0     0   0300    0300
 11227   51338     42  sub    0     0   0300    0300
 11228   51341     42  sub    0     0   0300    0300
 11229   51344     42  sub    0     0   0300    0300
 11230   51347     42  sub    0     0   0300    0300
 11231   51350     42  sub    0     0   0300    0300
 11232   51353     42  sub    0     0   0300    0300
 11233   51356     42  sub    0     0   0300    0300
 11234   51359     42  sub    0     0   0300    0300
 11235   51362     42  sub    0     0   0300    0300
 11236   51365     42  sub    0     0   0300    0300
 11237   51368     42  sub    0     0   0300    0300
 11238   51371     42  sub    0     0   0300    0300
 11239   51374     42  sub    0     0   0300    0300
 11240   51377     42  sub    0     0   0300    0300
 11241   51380     42  sub    0     0   0300    0300
 11242   51383     42  sub    0     0   0300    0300
 11243   51386     42  sub    0     0   0300    0300
 11244   51389     42  sub    0     0   0300    0300
 11245   51392     42  sub    0     0   0300    0300
 11246   51395     42  sub    0     0   0300    0300
 11247   51398     42  sub    0     0   0300    0300
 11248   51401     42  sub    0     0   0300    0300
 11249   51404     42  sub    0     0   0300    0300
 11250   51407     42  sub    0     0   0300    0300
 11251   51410     42  sub    0     0   0300    0300
 11252   51413     42  sub    0     0   0300    0300
 11253   51416     42  sub    0     0   0300    0300
 11254   51419     42  sub    0     0   0300    0300
 11255   51422     42  sub    0     0   0300    0300
 11256   51425     42  sub    0     0   0300    0300
 11257   51428     42  sub    0     0   0300    0300
 11258   51431     42  sub    0     0   0300    0300
 11259   51434     42  sub    0     0   0300    0300
 11260   51437     42  sub    0     0   0300    0300
 11261   51440     42  sub    0     0   0300    0300
 11262   51443     42  sub    0     0   0300    0300
 11263   51446     42  sub    0     0   0300    0300
 11264   51449     42  sub    0     0   0300    0300
 11265   51452     42  sub    0     0   0300    0300
 11266   51455     42  sub    0     0   0300    0300
 11267   51458     42  sub    0     0   0300    0300
 11268   51461     42  sub    0     0   0300    0300
 11269   51464     42  sub    0     0   0300    0300
 11270   51467     42  sub    0     0   0300    0300
 11271   51470     42  sub    0     0   0300    0300
 11272   51473     42  sub    0     0   0300    0300
 11273   51476     42  sub    0     0   0300    0300
 11274   51479     42  sub    0     0   0300    0300
 11275   51482     42  sub    0     0   0300    0300
 11276   51485     42  sub    0     0   0300    0300
 11277   51488     42  sub    0     0   0300    0300
 11278   51491     42  sub    0     0   0300    0300
 11279   51494     42  sub    0     0   0300    0300
 11280   51497     42  sub    0     0   0300    0300
 11281   51500     42  sub    0     0   0300    0300
 11282   51503     42  sub    0     0   0300    0300
 11283   51506     42  sub    0     0   0300    0300
 11284   51509     42  sub    0     0   0300    0300
 11285   51512     42  sub    0     0   0300    0300
 11286   51515     42  sub    0     0   0300    0300
 11287   51518     42  sub    0     0   0300    0300
 11288   51521     42  sub    0     0   0300    0300
 11289   51524     42  sub    0     0   0300    0300
 11290   51527     42  sub    0     0   0300    0300
 11291   51530     42  sub    0     0   0300    0300
 11292   51533     42  sub    0     0   0300    0300
 11293   51536     42  sub    0     0   0300    0300
 11294   51539     42  sub    0     0   0300    0300
 11295   51542     42  sub    0     0   0300    0300
 11296   51545     42  sub    0     0   0300    0300
 11297   51548     42  sub    0     0   0300    0300
 11298   51551     42  sub    0     0   0300    0300
 11299   51554     42  sub    0     0   0300    0300
 11300   51557     42  sub    0     0   0300    0300
 11301   51560     42  sub    0     0   0300    0300
 11302   51563     42  sub    0     0   0300    0300
 11303   51566     42  sub    0     0   0300    0300
 11304   51569     42  sub    0     0   0300    0300
 11305   51572     42  sub    0     0   0300    0300
 11306   51575     42  sub    0     0   0300    0300
 11307   51578     42  sub    0     0   0300    0300
 11308   51581     42  sub    0     0   0300    0300
 11309   51584     42  sub    0     0   0300    0300
 11310   51587     42  sub    0     0   0300    0300
 11311   51590     42  sub    0     0   0300    0300
 11312   51593     42  sub    0     0   0300    0300
 11313   51596     42  sub    0     0   0300    0300
 11314   51599     42  sub    0     0   0300    0300
 11315   51602     42  sub    0     0   0300    0300
 11316   51605     42  sub    0     0   0300    0300
 11317   51608     42  sub    0     0   0300    0300
 11318   51611     42  sub    0     0   0300    0300
 11319   51614     42  sub    0     0   0300    0300
 11320   51617     42  sub    0     0   0300    0300
 11321   51620     42  sub    0     0   0300    0300
 11322   51623     42  sub    0     0   0300    0300
 11323   51626     42  sub    0     0   0300    0300
 11324   51629     42  sub    0     0   0300    0300
 11325   51632     42  sub    0     0   0300    0300
 11326   51635     42  sub    0     0   0300    0300
 11327   51638     42  sub    0     0   0300    0300
 11328   51641     42  sub    0     0   0300    0300
 11329   51644     42  sub    0     0   0300    0300
 11330   51647     42  sub    0     0   0300    0300
 11331   51650     42  sub    0     0   0300    0300
 11332   51653     42  sub    0     0   0300    0300
 11333   51656     42  sub    0     0   0300    0300
 11334   51659     42  sub    0     0   0300    0300
 11335   51662     42  sub    0     0   0300    0300
 11336   51665     42  sub    0     0   0300    0300
 11337   51668     42  sub    0     0   0300    0300
 11338   51671     42  sub    0     0   0300    0300
 11339   51674     42  sub    0     0   0300    0300
 11340   51677     42  sub    0     0   0300    0300
 11341   51680     42  sub    0     0   0300    0300
 11342   51683     42  sub    0     0   0300    0300
 11343   51686     42  sub    0     0   0300    0300
 11344   51689     42  sub    0     0   0300    0300
 11345   51692     42  sub    0     0   0300    0300
 11346   51695     42  sub    0     0   0300    0300
 11347   51698     42  sub    0     0   0300    0300
 11348   51701     42  sub    0     0   0300    0300
 11349   51704     42  sub    0     0   0300    0300
 11350   51707     42  sub    0     0   0300    0300
 11351   51710     42  sub    0     0   0300    0300
 11352   51713     42  sub    0     0   0300    0300
 11353   51716     42  sub    0     0   0300    0300
 11354   51719     42  sub    0     0   0300    0300
 11355   51722     42  sub    0     0   0300    0300
 11356   51725     42  sub    0     0   0300    0300
 11357   51728     42  sub    0     0   0300    0300
 11358   51731     42  sub    0     0   0300    0300
 11359   51734     42  sub    0     0   0300    0300
 11360   51737     42  sub    0     0   0300    0300
 11361   51740     42  sub    0     0   0300    0300
 11362   51743     42  sub    0     0   0300    0300
 11363   51746     42  sub    0     0   0300    0300
 11364   51749     42  sub    0     0   0300    0300
 11365   51752     42  sub    0     0   0300    0300
 11366   51755     42  sub    0     0   0300    0300
 11367   51758     42  sub    0     0   0300    0300
 11368   51761     42  sub    0     0   0300    0300
 11369   51764     42  sub    0     0   0300    0300
 11370   51767     42  sub    0     0   0300    0300
 11371   51770     42  sub    0     0   0300    0300
 11372   51773     42  sub    0     0   0300    0300
 11373   51776     42  sub    0     0   0300    0300
 11374   51779     42  sub    0     0   0300    0300
 11375   51782     42  sub    0     0   0300    0300
 11376   51785     42  sub    0     0   0300    0300
 11377   51788     42  sub    0     0   0300    0300
 11378   51791     42  sub    0     0   0300    0300
 11379   51794     42  sub    0     0   0300    0300
 11380   51797     42  sub    0     0   0300    0300
 11381   51800     42  sub    0     0   0300    0300
 11382   51803     42  sub    0     0   0300    0300
 11383   51806     42  sub    0     0   0300    0300
 11384   51809     42  sub    0     0   0300    0300
 11385   51812     42  sub    0     0   0300    0300
 11386   51815     42  sub    0     0   0300    0300
 11387   51818     42  sub    0     0   0300    0300
 11388   51821     42  sub    0     0   0300    0300
 11389   51824     42  sub    0     0   0300    0300
 11390   51827     42  sub    0     0   0300    0300
 11391   51830     42  sub    0     0   0300    0300
 11392   51833     42  sub    0     0   0300    0300
 11393   51836     42  sub    0     0   0300    0300
 11394   51839     42  sub    0     0   0300    0300
 11395   51842     42  sub    0     0   0300    0300
 11396   51845     42  sub    0     0   0300    0300
 11397   51848     42  sub    0     0   0300    0300
 11398   51851     42  sub    0     0   0300    0300
 11399   51854     42  sub    0     0   0300    0300
 11400   51857     42  sub    0     0   0300    0300
 11401   51860     42  sub    0     0   0300    0300
 11402   51863     42  sub    0     0   0300    0300
 11403   51866     42  sub    0     0   0300    0300
 11404   51869     42  sub    0     0   0300    0300
 11405   51872     42  sub    0     0   0300    0300
 11406   51875     42  sub    0     0   0300    0300
 11407   51878     42  sub    0     0   0300    0300
 11408   51881     42  sub    0     0   0300    0300
 11409   51884     42  sub    0     0   0300    0300
 11410   51887     42  sub    0     0   0300    0300
 11411   51890     42  sub    0     0   0300    0300
 11412   51893     42  sub    0     0   0300    0300
 11413   51896     42  sub    0     0   0300    0300
 11414   51899     42  sub    0     0   0300    0300
 11415   51902     42  sub    0     0   0300    0300
 11416   51905     42  sub    0     0   0300    0300
 11417   51908     42  sub    0     0   0300    0300
 11418   51911     42  sub    0     0   0300    0300
 11419   51914     42  sub    0     0   0300    0300
 11420   51917     42  sub    0     0   0300    0300
 11421   51920     42  sub    0     0   0300    0300
 11422   51923     42  sub    0     0   0300    0300
 11423   51926     42  sub    0     0   0300    0300
 11424   51929     42  sub    0     0   0300    0300
 11425   51932     42  sub    0     0   0300    0300
 11426   51935     42  sub    0     0   0300    0300
 11427   51938     42  sub    0     0   0300    0300
 11428   51941     42  sub    0     0   0300    0300
 11429   51944     42  sub    0     0   0300    0300
 11430   51947     42  sub    0     0   0300    0300
 11431   51950     42  sub    0     0   0300    0300
 11432   51953     42  sub    0     0   0300    0300
 11433   51956     42  sub    0     0   0300    0300
 11434   51959     42  sub    0     0   0300    0300
 11435   51962     42  sub    0     0   0300    0300
 11436   51965     42  sub    0     0   0300    0300
 11437   51968     42  sub    0     0   0300    0300
 11438   51971     42  sub    0     0   0300    0300
 11439   51974     42  sub    0     0   0300    0300
 11440   51977     42  sub    0     0   0300    0300
 11441   51980     42  sub    0     0   0300    0300
 11442   51983     42  sub    0     0   0300    0300
 11443   51986     42  sub    0     0   0300    0300
 11444   51989     42  sub    0     0   0300    0300
 11445   51992     42  sub    0     0   0300    0300
 11446   51995     42  sub    0     0   0300    0300
 11447   51998     42  sub    0     0   0300    0300
 11448   52001     42  sub    0     0   0300    0300
 11449   52004     42  sub    0     0   0300    0300
 11450   52007     42  sub    0     0   0300    0300
 11451   52010     42  sub    0     0   0300    0300
 11452   52013     42  sub    0     0   0300    0300
 11453   52016     42  sub    0     0   0300    0300
 11454   52019     42  sub    0     0   0300    0300
 11455   52022     42  sub    0     0   0300    0300
 11456   52025     42  sub    0     0   0300    0300
 11457   52028     42  sub    0     0   0300    0300
 11458   52031     42  sub    0     0   0300    0300
 11459   52034     42  sub    0     0   0300    0300
 11460   52037     42  sub    0     0   0300    0300
 11461   52040     42  sub    0     0   0300    0300
 11462   52043     42  sub    0     0   0300    0300
 11463   52046     42  sub    0     0   0300    0300
 11464   52049     42  sub    0     0   0300    0300
 11465   52052     42  sub    0     0   0300    0300
 11466   52055     42  sub    0     0   0300    0300
 11467   52058     42  sub    0     0   0300    0300
 11468   52061     42  sub    0     0   0300    0300
 11469   52064     42  sub    0     0   0300    0300
 11470   52067     42  sub    0     0   0300    0300
 11471   52070     42  sub    0     0   0300    0300
 11472   52073     42  sub    0     0   0300    0300
 11473   52076     42  sub    0     0   0300    0300
 11474   52079     42  sub    0     0   0300    0300
 11475   52082     42  sub    0     0   0300    0300
 11476   52085     42  sub    0     0   0300    0300
 11477   52088     42  sub    0     0   0300    0300
 11478   52091     42  sub    0     0   0300    0300
 11479   52094     42  sub    0     0   0300    0300
 11480   52097     42  sub    0     0   0300    0300
 11481   52100     42  sub    0     0   0300    0300
 11482   52103     42  sub    0     0   0300    0300
 11483   52106     42  sub    0     0   0300    0300
 11484   52109     42  sub    0     0   0300    0300
 11485   52112     42  sub    0     0   0300    0300
 11486   52115     42  sub    0     0   0300    0300
 11487   52118     42  sub    0     0   0300    0300
 11488   52121     42  sub    0     0   0300    0300
 11489   52124     42  sub    0     0   0300    0300
 11490   52127     42  sub    0     0   0300    0300
 11491   52130     42  sub    0     0   0300    0300
 11492   52133     42  sub    0     0   0300    0300
 11493   52136     42  sub    0     0   0300    0300
 11494   52139     42  sub    0     0   0300    0300
 11495   52142     42  sub    0     0   0300    0300
 11496   52145     42  sub    0     0   0300    0300
 11497   52148     42  sub    0     0   0300    0300
 11498   52151     42  sub    0     0   0300    0300
 11499   52154     42  sub    0     0   0300    0300
 11500   52157     42  sub    0     0   0300    0300
 11501   52160     42  sub    0     0   0300    0300
 11502   52163     42  sub    0     0   0300    0300
 11503   52166     42  sub    0     0   0300    0300
 11504   52169     42  sub    0     0   0300    0300
 11505   52172     42  sub    0     0   0300    0300
 11506   52175     42  sub    0     0   0300    0300
 11507   52178     42  sub    0     0   0300    0300
 11508   52181     42  sub    0     0   0300    0300
 11509   52184     42  sub    0     0   0300    0300
 11510   52187     42  sub    0     0   0300    0300
 11511   52190     42  sub    0     0   0300    0300
 11512   52193     42  sub    0     0   0300    0300
 11513   52196     42  sub    0     0   0300    0300
 11514   52199     42  sub    0     0   0300    0300
 11515   52202     42  sub    0     0   0300    0300
 11516   52205     42  sub    0     0   0300    0300
 11517   52208     42  sub    0     0   0300    0300
 11518   52211     42  sub    0     0   0300    0300
 11519   52214     42  sub    0     0   0300    0300
 11520   52217     42  sub    0     0   0300    0300
 11521   52220     42  sub    0     0   0300    0300
 11522   52223     42  sub    0     0   0300    0300
 11523   52226     42  sub    0     0   0300    0300
 11524   52229     42  sub    0     0   0300    0300
 11525   52232     42  sub    0     0   0300    0300
 11526   52235     42  sub    0     0   0300    0300
 11527   52238     42  sub    0     0   0300    0300
 11528   52241     42  sub    0     0   0300    0300
 11529   52244     42  sub    0     0   0300    0300
 11530   52247     42  sub    0     0   0300    0300
 11531   52250     42  sub    0     0   0300    0300
 11532   52253     42  sub    0     0   0300    0300
 11533   52256     42  sub    0     0   0300    0300
 11534   52259     42  sub    0     0   0300    0300
 11535   52262     42  sub    0     0   0300    0300
 11536   52265     42  sub    0     0   0300    0300
 11537   52268     42  sub    0     0   0300    0300
 11538   52271     42  sub    0     0   0300    0300
 11539   52274     42  sub    0     0   0300    0300
 11540   52277     42  sub    0     0   0300    0300
 11541   52280     42  sub    0     0   0300    0300
 11542   52283     42  sub    0     0   0300    0300
 11543   52286     42  sub    0     0   0300    0300
 11544   52289     42  sub    0     0   0300    0300
 11545   52292     42  sub    0     0   0300    0300
 11546   52295     42  sub    0     0   0300    0300
 11547   52298     42  sub    0     0   0300    0300
 11548   52301     42  sub    0     0   0300    0300
 11549   52304     42  sub    0     0   0300    0300
 11550   52307     42  sub    0     0   0300    0300
 11551   52310     42  sub    0     0   0300    0300
 11552   52313     42  sub    0     0   0300    0300
 11553   52316     42  sub    0     0   0300    0300
 11554   52319     42  sub    0     0   0300    0300
 11555   52322     42  sub    0     0   0300    0300
 11556   52325     42  sub    0     0   0300    0300
 11557   52328     42  sub    0     0   0300    0300
 11558   52331     42  sub    0     0   0300    0300
 11559   52334     42  sub    0     0   0300    0300
 11560   52337     42  sub    0     0   0300    0300
 11561   52340     42  sub    0     0   0300    0300
 11562   52343     42  sub    0     0   0300    0300
 11563   52346     42  sub    0     0   0300    0300
 11564   52349     42  sub    0     0   0300    0300
 11565   52352     42  sub    0     0   0300    0300
 11566   52355     42  sub    0     0   0300    0300
 11567   52358     42  sub    0     0   0300    0300
 11568   52361     42  sub    0     0   0300    0300
 11569   52364     42  sub    0     0   0300    0300
 11570   52367     42  sub    0     0   0300    0300
 11571   52370     42  sub    0     0   0300    0300
 11572   52373     42  sub    0     0   0300    0300
 11573   52376     42  sub    0     0   0300    0300
 11574   52379     42  sub    0     0   0300    0300
 11575   52382     42  sub    0     0   0300    0300
 11576   52385     42  sub    0     0   0300    0300
 11577   52388     42  sub    0     0   0300    0300
 11578   52391     42  sub    0     0   0300    0300
 11579   52394     42  sub    0     0   0300    0300
 11580   52397     42  sub    0     0   0300    0300
 11581   52400     42  sub    0     0   0300    0300
 11582   52403     42  sub    0     0   0300    0300
 11583   52406     42  sub    0     0   0300    0300
 11584   52409     42  sub    0     0   0300    0300
 11585   52412     42  sub    0     0   0300    0300
 11586   52415     42  sub    0     0   0300    0300
 11587   52418     42  sub    0     0   0300    0300
 11588   52421     42  sub    0     0   0300    0300
 11589   52424     42  sub    0     0   0300    0300
 11590   52427     42  sub    0     0   0300    0300
 11591   52430     42  sub    0     0   0300    0300
 11592   52433     42  sub    0     0   0300    0300
 11593   52436     42  sub    0     0   0300    0300
 11594   52439     42  sub    0     0   0300    0300
 11595   52442     42  sub    0     0   0300    0300
 11596   52445     42  sub    0     0   0300    0300
 11597   52448     42  sub    0     0   0300    0300
 11598   52451     42  sub    0     0   0300    0300
 11599   52454     42  sub    0     0   0300    0300
 11600   52457     42  sub    0     0   0300    0300
 11601   52460     42  sub    0     0   0300    0300
 11602   52463     42  sub    0     0   0300    0300
 11603   52466     42  sub    0     0   0300    0300
 11604   52469     42  sub    0     0   0300    0300
 11605   52472     42  sub    0     0   0300    0300
 11606   52475     42  sub    0     0   0300    0300
 11607   52478     42  sub    0     0   0300    0300
 11608   52481     42  sub    0     0   0300    0300
 11609   52484     42  sub    0     0   0300    0300
 11610   52487     42  sub    0     0   0300    0300
 11611   52490     42  sub    0     0   0300    0300
 11612   52493     42  sub    0     0   0300    0300
 11613   52496     42  sub    0     0   0300    0300
 11614   52499     42  sub    0     0   0300    0300
 11615   52502     42  sub    0     0   0300    0300
 11616   52505     42  sub    0     0   0300    0300
 11617   52508     42  sub    0     0   0300    0300
 11618   52511     42  sub    0     0   0300    0300
 11619   52514     42  sub    0     0   0300    0300
 11620   52517     42  sub    0     0   0300    0300
 11621   52520     42  sub    0     0   0300    0300
 11622   52523     42  sub    0     0   0300    0300
 11623   52526     42  sub    0     0   0300    0300
 11624   52529     42  sub    0     0   0300    0300
 11625   52532     42  sub    0     0   0300    0300
 11626   52535     42  sub    0     0   0300    0300
 11627   52538     42  sub    0     0   0300    0300
 11628   52541     42  sub    0     0   0300    0300
 11629   52544     42  sub    0     0   0300    0300
 11630   52547     42  sub    0     0   0300    0300
 11631   52550     42  sub    0     0   0300    0300
 11632   52553     42  sub    0     0   0300    0300
 11633   52556     42  sub    0     0   0300    0300
 11634   52559     42  sub    0     0   0300    0300
 11635   52562     42  sub    0     0   0300    0300
 11636   52565     42  sub    0     0   0300    0300
 11637   52568     42  sub    0     0   0300    0300
 11638   52571     42  sub    0     0   0300    0300
 11639   52574     42  sub    0     0   0300    0300
 11640   52577     42  sub    0     0   0300    0300
 11641   52580     42  sub    0     0   0300    0300
 11642   52583     42  sub    0     0   0300    0300
 11643   52586     42  sub    0     0   0300    0300
 11644   52589     42  sub    0     0   0300    0300
 11645   52592     42  sub    0     0   0300    0300
 11646   52595     42  sub    0     0   0300    0300
 11647   52598     42  sub    0     0   0300    0300
 11648   52601     42  sub    0     0   0300    0300
 11649   52604     42  sub    0     0   0300    0300
 11650   52607     42  sub    0     0   0300    0300
 11651   52610     42  sub    0     0   0300    0300
 11652   52613     42  sub    0     0   0300    0300
 11653   52616     42  sub    0     0   0300    0300
 11654   52619     42  sub    0     0   0300    0300
 11655   52622     42  sub    0     0   0300    0300
 11656   52625     42  sub    0     0   0300    0300
 11657   52628     42  sub    0     0   0300    0300
 11658   52631     42  sub    0     0   0300    0300
 11659   52634     42  sub    0     0   0300    0300
 11660   52637     42  sub    0     0   0300    0300
 11661   52640     42  sub    0     0   0300    0300
 11662   52643     42  sub    0     0   0300    0300
 11663   52646     42  sub    0     0   0300    0300
 11664   52649     42  sub    0     0   0300    0300
 11665   52652     42  sub    0     0   0300    0300
 11666   52655     42  sub    0     0   0300    0300
 11667   52658     42  sub    0     0   0300    0300
 11668   52661     42  sub    0     0   0300    0300
 11669   52664     42  sub    0     0   0300    0300
 11670   52667     42  sub    0     0   0300    0300
 11671   52670     42  sub    0     0   0300    0300
 11672   52673     42  sub    0     0   0300    0300
 11673   52676     42  sub    0     0   0300    0300
 11674   52679     42  sub    0     0   0300    0300
 11675   52682     42  sub    0     0   0300    0300
 11676   52685     42  sub    0     0   0300    0300
 11677   52688     42  sub    0     0   0300    0300
 11678   52691     42  sub    0     0   0300    0300
 11679   52694     42  sub    0     0   0300    0300
 11680   52697     42  sub    0     0   0300    0300
 11681   52700     42  sub    0     0   0300    0300
 11682   52703     42  sub    0     0   0300    0300
 11683   52706     42  sub    0     0   0300    0300
 11684   52709     42  sub    0     0   0300    0300
 11685   52712     42  sub    0     0   0300    0300
 11686   52715     42  sub    0     0   0300    0300
 11687   52718     42  sub    0     0   0300    0300
 11688   52721     42  sub    0     0   0300    0300
 11689   52724     42  sub    0     0   0300    0300
 11690   52727     42  sub    0     0   0300    0300
 11691   52730     42  sub    0     0   0300    0300
 11692   52733     42  sub    0     0   0300    0300
 11693   52736     42  sub    0     0   0300    0300
 11694   52739     42  sub    0     0   0300    0300
 11695   52742     42  sub    0     0   0300    0300
 11696   52745     42  sub    0     0   0300    0300
 11697   52748     42  sub    0     0   0300    0300
 11698   52751     42  sub    0     0   0300    0300
 11699   52754     42  sub    0     0   0300    0300
 11700   52757     42  sub    0     0   0300    0300
 11701   52760     42  sub    0     0   0300    0300
 11702   52763     42  sub    0     0   0300    0300
 11703   52766     42  sub    0     0   0300    0300
 11704   52769     42  sub    0     0   0300    0300
 11705   52772     42  sub    0     0   0300    0300
 11706   52775     42  sub    0     0   0300    0300
 11707   52778     42  sub    0     0   0300    0300
 11708   52781     42  sub    0     0   0300    0300
 11709   52784     42  sub    0     0   0300    0300
 11710   52787     42  sub    0     0   0300    0300
 11711   52790     42  sub    0     0   0300    0300
 11712   52793     42  sub    0     0   0300    0300
 11713   52796     42  sub    0     0   0300    0300
 11714   52799     42  sub    0     0   0300    0300
 11715   52802     42  sub    0     0   0300    0300
 11716   52805     42  sub    0     0   0300    0300
 11717   52808     42  sub    0     0   0300    0300
 11718   52811     42  sub    0     0   0300    0300
 11719   52814     42  sub    0     0   0300    0300
 11720   52817     42  sub    0     0   0300    0300
 11721   52820     42  sub    0     0   0300    0300
 11722   52823     42  sub    0     0   0300    0300
 11723   52826     42  sub    0     0   0300    0300
 11724   52829     42  sub    0     0   0300    0300
 11725   52832     42  sub    0     0   0300    0300
 11726   52835     42  sub    0     0   0300    0300
 11727   52838     42  sub    0     0   0300    0300
 11728   52841     42  sub    0     0   0300    0300
 11729   52844     42  sub    0     0   0300    0300
 11730   52847     42  sub    0     0   0300    0300
 11731   52850     42  sub    0     0   0300    0300
 11732   52853     42  sub    0     0   0300    0300
 11733   52856     42  sub    0     0   0300    0300
 11734   52859     42  sub    0     0   0300    0300
 11735   52862     42  sub    0     0   0300    0300
 11736   52865     42  sub    0     0   0300    0300
 11737   52868     42  sub    0     0   0300    0300
 11738   52871     42  sub    0     0   0300    0300
 11739   52874     42  sub    0     0   0300    0300
 11740   52877     42  sub    0     0   0300    0300
 11741   52880     42  sub    0     0   0300    0300
 11742   52883     42  sub    0     0   0300    0300
 11743   52886     42  sub    0     0   0300    0300
 11744   52889     42  sub    0     0   0300    0300
 11745   52892     42  sub    0     0   0300    0300
 11746   52895     42  sub    0     0   0300    0300
 11747   52898     42  sub    0     0   0300    0300
 11748   52901     42  sub    0     0   0300    0300
 11749   52904     42  sub    0     0   0300    0300
 11750   52907     42  sub    0     0   0300    0300
 11751   52910     42  sub    0     0   0300    0300
 11752   52913     42  sub    0     0   0300    0300
 11753   52916     42  sub    0     0   0300    0300
 11754   52919     42  sub    0     0   0300    0300
 11755   52922     42  sub    0     0   0300    0300
 11756   52925     42  sub    0     0   0300    0300
 11757   52928     42  sub    0     0   0300    0300
 11758   52931     42  sub    0     0   0300    0300
 11759   52934     42  sub    0     0   0300    0300
 11760   52937     42  sub    0     0   0300    0300
 11761   52940     42  sub    0     0   0300    0300
 11762   52943     42  sub    0     0   0300    0300
 11763   52946     42  sub    0     0   0300    0300
 11764   52949     42  sub    0     0   0300    0300
 11765   52952     42  sub    0     0   0300    0300
 11766   52955     42  sub    0     0   0300    0300
 11767   52958     42  sub    0     0   0300    0300
 11768   52961     42  sub    0     0   0300    0300
 11769   52964     42  sub    0     0   0300    0300
 11770   52967     42  sub    0     0   0300    0300
 11771   52970     42  sub    0     0   0300    0300
 11772   52973     42  sub    0     0   0300    0300
 11773   52976     42  sub    0     0   0300    0300
 11774   52979     42  sub    0     0   0300    0300
 11775   52982     42  sub    0     0   0300    0300
 11776   52985     42  sub    0     0   0300    0300
 11777   52988     42  sub    0     0   0300    0300
 11778   52991     42  sub    0     0   0300    0300
 11779   52994     42  sub    0     0   0300    0300
 11780   52997     42  sub    0     0   0300    0300
 11781   53000     42  sub    0     0   0300    0300
 11782   53003     42  sub    0     0   0300    0300
 11783   53006     42  sub    0     0   0300    0300
 11784   53009     42  sub    0     0   0300    0300
 11785   53012     42  sub    0     0   0300    0300
 11786   53015     42  sub    0     0   0300    0300
 11787   53018     42  sub    0     0   0300    0300
 11788   53021     42  sub    0     0   0300    0300
 11789   53024     42  sub    0     0   0300    0300
 11790   53027     42  sub    0     0   0300    0300
 11791   53030     42  sub    0     0   0300    0300
 11792   53033     42  sub    0     0   0300    0300
 11793   53036     42  sub    0     0   0300    0300
 11794   53039     42  sub    0     0   0300    0300
 11795   53042     42  sub    0     0   0300    0300
 11796   53045     42  sub    0     0   0300    0300
 11797   53048     42  sub    0     0   0300    0300
 11798   53051     42  sub    0     0   0300    0300
 11799   53054     42  sub    0     0   0300    0300
 11800   53057     42  sub    0     0   0300    0300
 11801   53060     42  sub    0     0   0300    0300
 11802   53063     42  sub    0     0   0300    0300
 11803   53066     42  sub    0     0   0300    0300
 11804   53069     42  sub    0     0   0300    0300
 11805   53072     42  sub    0     0   0300    0300
 11806   53075     42  sub    0     0   0300    0300
 11807   53078     42  sub    0     0   0300    0300
 11808   53081     42  sub    0     0   0300    0300
 11809   53084     42  sub    0     0   0300    0300
 11810   53087     42  sub    0     0   0300    0300
 11811   53090     42  sub    0     0   0300    0300
 11812   53093     42  sub    0     0   0300    0300
 11813   53096     42  sub    0     0   0300    0300
 11814   53099     42  sub    0     0   0300    0300
 11815   53102     42  sub    0     0   0300    0300
 11816   53105     42  sub    0     0   0300    0300
 11817   53108     42  sub    0     0   0300    0300
 11818   53111     42  sub    0     0   0300    0300
 11819   53114     42  sub    0     0   0300    0300
 11820   53117     42  sub    0     0   0300    0300
 11821   53120     42  sub    0     0   0300    0300
 11822   53123     42  sub    0     0   0300    0300
 11823   53126     42  sub    0     0   0300    0300
 11824   53129     42  sub    0     0   0300    0300
 11825   53132     42  sub    0     0   0300    0300
 11826   53135     42  sub    0     0   0300    0300
 11827   53138     42  sub    0     0   0300    0300
 11828   53141     42  sub    0     0   0300    0300
 11829   53144     42  sub    0     0   0300    0300
 11830   53147     42  sub    0     0   0300    0300
 11831   53150     42  sub    0     0   0300    0300
 11832   53153     42  sub    0     0   0300    0300
 11833   53156     42  sub    0     0   0300    0300
 11834   53159     42  sub    0     0   0300    0300
 11835   53162     42  sub    0     0   0300    0300
 11836   53165     42  sub    0     0   0300    0300
 11837   53168     42  sub    0     0   0300    0300
 11838   53171     42  sub    0     0   0300    0300
 11839   53174     42  sub    0     0   0300    0300
 11840   53177     42  sub    0     0   0300    0300
 11841   53180     42  sub    0     0   0300    0300
 11842   53183     42  sub    0     0   0300    0300
 11843   53186     42  sub    0     0   0300    0300
 11844   53189     42  sub    0     0   0300    0300
 11845   53192     42  sub    0     0   0300    0300
 11846   53195     42  sub    0     0   0300    0300
 11847   53198     42  sub    0     0   0300    0300
 11848   53201     42  sub    0     0   0300    0300
 11849   53204     42  sub    0     0   0300    0300
 11850   53207     42  sub    0     0   0300    0300
 11851   53210     42  sub    0     0   0300    0300
 11852   53213     42  sub    0     0   0300    0300
 11853   53216     42  sub    0     0   0300    0300
 11854   53219     42  sub    0     0   0300    0300
 11855   53222     42  sub    0     0   0300    0300
 11856   53225     42  sub    0     0   0300    0300
 11857   53228     42  sub    0     0   0300    0300
 11858   53231     42  sub    0     0   0300    0300
 11859   53234     42  sub    0     0   0300    0300
 11860   53237     42  sub    0     0   0300    0300
 11861   53240     42  sub    0     0   0300    0300
 11862   53243     42  sub    0     0   0300    0300
 11863   53246     42  sub    0     0   0300    0300
 11864   53249     42  sub    0     0   0300    0300
 11865   53252     42  sub    0     0   0300    0300
 11866   53255     42  sub    0     0   0300    0300
 11867   53258     42  sub    0     0   0300    0300
 11868   53261     42  sub    0     0   0300    0300
 11869   53264     42  sub    0     0   0300    0300
 11870   53267     42  sub    0     0   0300    0300
 11871   53270     42  sub    0     0   0300    0300
 11872   53273     42  sub    0     0   0300    0300
 11873   53276     42  sub    0     0   0300    0300
 11874   53279     42  sub    0     0   0300    0300
 11875   53282     42  sub    0     0   0300    0300
 11876   53285     42  sub    0     0   0300    0300
 11877   53288     42  sub    0     0   0300    0300
 11878   53291     42  sub    0     0   0300    0300
 11879   53294     42  sub    0     0   0300    0300
 11880   53297     42  sub    0     0   0300    0300
 11881   53300     42  sub    0     0   0300    0300
 11882   53303     42  sub    0     0   0300    0300
 11883   53306     42  sub    0     0   0300    0300
 11884   53309     42  sub    0     0   0300    0300
 11885   53312     42  sub    0     0   0300    0300
 11886   53315     42  sub    0     0   0300    0300
 11887   53318     42  sub    0     0   0300    0300
 11888   53321     42  sub    0     0   0300    0300
 11889   53324     42  sub    0     0   0300    0300
 11890   53327     42  sub    0     0   0300    0300
 11891   53330     42  sub    0     0   0300    0300
 11892   53333     42  sub    0     0   0300    0300
 11893   53336     42  sub    0     0   0300    0300
 11894   53339     42  sub    0     0   0300    0300
 11895   53342     42  sub    0     0   0300    0300
 11896   53345     42  sub    0     0   0300    0300
 11897   53348     42  sub    0     0   0300    0300
 11898   53351     42  sub    0     0   0300    0300
 11899   53354     42  sub    0     0   0300    0300
 11900   53357     42  sub    0     0   0300    0300
 11901   53360     42  sub    0     0   0300    0300
 11902   53363     42  sub    0     0   0300    0300
 11903   53366     42  sub    0     0   0300    0300
 11904   53369     42  sub    0     0   0300    0300
 11905   53372     42  sub    0     0   0300    0300
 11906   53375     42  sub    0     0   0300    0300
 11907   53378     42  sub    0     0   0300    0300
 11908   53381     42  sub    0     0   0300    0300
 11909   53384     42  sub    0     0   0300    0300
 11910   53387     42  sub    0     0   0300    0300
 11911   53390     42  sub    0     0   0300    0300
 11912   53393     42  sub    0     0   0300    0300
 11913   53396     42  sub    0     0   0300    0300
 11914   53399     42  sub    0     0   0300    0300
 11915   53402     42  sub    0     0   0300    0300
 11916   53405     42  sub    0     0   0300    0300
 11917   53408     42  sub    0     0   0300    0300
 11918   53411     42  sub    0     0   0300    0300
 11919   53414     42  sub    0     0   0300    0300
 11920   53417     42  sub    0     0   0300    0300
 11921   53420     42  sub    0     0   0300    0300
 11922   53423     42  sub    0     0   0300    0300
 11923   53426     42  sub    0     0   0300    0300
 11924   53429     42  sub    0     0   0300    0300
 11925   53432     42  sub    0     0   0300    0300
 11926   53435     42  sub    0     0   0300    0300
 11927   53438     42  sub    0     0   0300    0300
 11928   53441     42  sub    0     0   0300    0300
 11929   53444     42  sub    0     0   0300    0300
 11930   53447     42  sub    0     0   0300    0300
 11931   53450     42  sub    0     0   0300    0300
 11932   53453     42  sub    0     0   0300    0300
 11933   53456     42  sub    0     0   0300    0300
 11934   53459     42  sub    0     0   0300    0300
 11935   53462     42  sub    0     0   0300    0300
 11936   53465     42  sub    0     0   0300    0300
 11937   53468     42  sub    0     0   0300    0300
 11938   53471     42  sub    0     0   0300    0300
 11939   53474     42  sub    0     0   0300    0300
 11940   53477     42  sub    0     0   0300    0300
 11941   53480     42  sub    0     0   0300    0300
 11942   53483     42  sub    0     0   0300    0300
 11943   53486     42  sub    0     0   0300    0300
 11944   53489     42  sub    0     0   0300    0300
 11945   53492     42  sub    0     0   0300    0300
 11946   53495     42  sub    0     0   0300    0300
 11947   53498     42  sub    0     0   0300    0300
 11948   53501     42  sub    0     0   0300    0300
 11949   53504     42  sub    0     0   0300    0300
 11950   53507     42  sub    0     0   0300    0300
 11951   53510     42  sub    0     0   0300    0300
 11952   53513     42  sub    0     0   0300    0300
 11953   53516     42  sub    0     0   0300    0300
 11954   53519     42  sub    0     0   0300    0300
 11955   53522     42  sub    0     0   0300    0300
 11956   53525     42  sub    0     0   0300    0300
 11957   53528     42  sub    0     0   0300    0300
 11958   53531     42  sub    0     0   0300    0300
 11959   53534     42  sub    0     0   0300    0300
 11960   53537     42  sub    0     0   0300    0300
 11961   53540     42  sub    0     0   0300    0300
 11962   53543     42  sub    0     0   0300    0300
 11963   53546     42  sub    0     0   0300    0300
 11964   53549     42  sub    0     0   0300    0300
 11965   53552     42  sub    0     0   0300    0300
 11966   53555     42  sub    0     0   0300    0300
 11967   53558     42  sub    0     0   0300    0300
 11968   53561     42  sub    0     0   0300    0300
 11969   53564     42  sub    0     0   0300    0300
 11970   53567     42  sub    0     0   0300    0300
 11971   53570     42  sub    0     0   0300    0300
 11972   53573     42  sub    0     0   0300    0300
 11973   53576     42  sub    0     0   0300    0300
 11974   53579     42  sub    0     0   0300    0300
 11975   53582     42  sub    0     0   0300    0300
 11976   53585     42  sub    0     0   0300    0300
 11977   53588     42  sub    0     0   0300    0300
 11978   53591     42  sub    0     0   0300    0300
 11979   53594     42  sub    0     0   0300    0300
 11980   53597     42  sub    0     0   0300    0300
 11981   53600     42  sub    0     0   0300    0300
 11982   53603     42  sub    0     0   0300    0300
 11983   53606     42  sub    0     0   0300    0300
 11984   53609     42  sub    0     0   0300    0300
 11985   53612     42  sub    0     0   0300    0300
 11986   53615     42  sub    0     0   0300    0300
 11987   53618     42  sub    0     0   0300    0300
 11988   53621     42  sub    0     0   0300    0300
 11989   53624     42  sub    0     0   0300    0300
 11990   53627     42  sub    0     0   0300    0300
 11991   53630     42  sub    0     0   0300    0300
 11992   53633     42  sub    0     0   0300    0300
 11993   53636     42  sub    0     0   0300    0300
 11994   53639     42  sub    0     0   0300    0300
 11995   53642     42  sub    0     0   0300    0300
 11996   53645     42  sub    0     0   0300    0300
 11997   53648     42  sub    0     0   0300    0300
 11998   53651     42  sub    0     0   0300    0300
 11999   53654     42  sub    0     0   0300    0300
 12000   53657     42  sub    0     0   0300    0300
 12001   53660     42  sub    0     0   0300    0300
 12002   53663     42  sub    0     0   0300    0300
 12003   53666     42  sub    0     0   0300    0300
 12004   53669     42  sub    0     0   0300    0300
 12005   53672     42  sub    0     0   0300    0300
 12006   53675     42  sub    0     0   0300    0300
 12007   53678     42  sub    0     0   0300    0300
 12008   53681     42  sub    0     0   0300    0300
 12009   53684     42  sub    0     0   0300    0300
 12010   53687     42  sub    0     0   0300    0300
 12011   53690     42  sub    0     0   0300    0300
 12012   53693     42  sub    0     0   0300    0300
 12013   53696     42  sub    0     0   0300    0300
 12014   53699     42  sub    0     0   0300    0300
 12015   53702     42  sub    0     0   0300    0300
 12016   53705     42  sub    0     0   0300    0300
 12017   53708     42  sub    0     0   0300    0300
 12018   53711     42  sub    0     0   0300    0300
 12019   53714     42  sub    0     0   0300    0300
 12020   53717     42  sub    0     0   0300    0300
 12021   53720     42  sub    0     0   0300    0300
 12022   53723     42  sub    0     0   0300    0300
 12023   53726     42  sub    0     0   0300    0300
 12024   53729     42  sub    0     0   0300    0300
 12025   53732     42  sub    0     0   0300    0300
 12026   53735     42  sub    0     0   0300    0300
 12027   53738     42  sub    0     0   0300    0300
 12028   53741     42  sub    0     0   0300    0300
 12029   53744     42  sub    0     0   0300    0300
 12030   53747     42  sub    0     0   0300    0300
 12031   53750     42  sub    0     0   0300    0300
 12032   53753     42  sub    0     0   0300    0300
 12033   53756     42  sub    0     0   0300    0300
 12034   53759     42  sub    0     0   0300    0300
 12035   53762     42  sub    0     0   0300    0300
 12036   53765     42  sub    0     0   0300    0300
 12037   53768     42  sub    0     0   0300    0300
 12038   53771     42  sub    0     0   0300    0300
 12039   53774     42  sub    0     0   0300    0300
 12040   53777     42  sub    0     0   0300    0300
 12041   53780     42  sub    0     0   0300    0300
 12042   53783     42  sub    0     0   0300    0300
 12043   53786     42  sub    0     0   0300    0300
 12044   53789     42  sub    0     0   0300    0300
 12045   53792     42  sub    0     0   0300    0300
 12046   53795     42  sub    0     0   0300    0300
 12047   53798     42  sub    0     0   0300    0300
 12048   53801     42  sub    0     0   0300    0300
 12049   53804     42  sub    0     0   0300    0300
 12050   53807     42  sub    0     0   0300    0300
 12051   53810     42  sub    0     0   0300    0300
 12052   53813     42  sub    0     0   0300    0300
 12053   53816     42  sub    0     0   0300    0300
 12054   53819     42  sub    0     0   0300    0300
 12055   53822     42  sub    0     0   0300    0300
 12056   53825     42  sub    0     0   0300    0300
 12057   53828     42  sub    0     0   0300    0300
 12058   53831     42  sub    0     0   0300    0300
 12059   53834     42  sub    0     0   0300    0300
 12060   53837     42  sub    0     0   0300    0300
 12061   53840     42  sub    0     0   0300    0300
 12062   53843     42  sub    0     0   0300    0300
 12063   53846     42  sub    0     0   0300    0300
 12064   53849     42  sub    0     0   0300    0300
 12065   53852     42  sub    0     0   0300    0300
 12066   53855     42  sub    0     0   0300    0300
 12067   53858     42  sub    0     0   0300    0300
 12068   53861     42  sub    0     0   0300    0300
 12069   53864     42  sub    0     0   0300    0300
 12070   53867     42  sub    0     0   0300    0300
 12071   53870     42  sub    0     0   0300    0300
 12072   53873     42  sub    0     0   0300    0300
 12073   53876     42  sub    0     0   0300    0300
 12074   53879     42  sub    0     0   0300    0300
 12075   53882     42  sub    0     0   0300    0300
 12076   53885     42  sub    0     0   0300    0300
 12077   53888     42  sub    0     0   0300    0300
 12078   53891     42  sub    0     0   0300    0300
 12079   53894     42  sub    0     0   0300    0300
 12080   53897     42  sub    0     0   0300    0300
 12081   53900     42  sub    0     0   0300    0300
 12082   53903     42  sub    0     0   0300    0300
 12083   53906     42  sub    0     0   0300    0300
 12084   53909     42  sub    0     0   0300    0300
 12085   53912     42  sub    0     0   0300    0300
 12086   53915     42  sub    0     0   0300    0300
 12087   53918     42  sub    0     0   0300    0300
 12088   53921     42  sub    0     0   0300    0300
 12089   53924     42  sub    0     0   0300    0300
 12090   53927     42  sub    0     0   0300    0300
 12091   53930     42  sub    0     0   0300    0300
 12092   53933     42  sub    0     0   0300    0300
 12093   53936     42  sub    0     0   0300    0300
 12094   53939     42  sub    0     0   0300    0300
 12095   53942     42  sub    0     0   0300    0300
 12096   53945     42  sub    0     0   0300    0300
 12097   53948     42  sub    0     0   0300    0300
 12098   53951     42  sub    0     0   0300    0300
 12099   53954     42  sub    0     0   0300    0300
 12100   53957     42  sub    0     0   0300    0300
 12101   53960     42  sub    0     0   0300    0300
 12102   53963     42  sub    0     0   0300    0300
 12103   53966     42  sub    0     0   0300    0300
 12104   53969     42  sub    0     0   0300    0300
 12105   53972     42  sub    0     0   0300    0300
 12106   53975     42  sub    0     0   0300    0300
 12107   53978     42  sub    0     0   0300    0300
 12108   53981     42  sub    0     0   0300    0300
 12109   53984     42  sub    0     0   0300    0300
 12110   53987     42  sub    0     0   0300    0300
 12111   53990     42  sub    0     0   0300    0300
 12112   53993     42  sub    0     0   0300    0300
 12113   53996     42  sub    0     0   0300    0300
 12114   53999     42  sub    0     0   0300    0300
 12115   54002     42  sub    0     0   0300    0300
 12116   54005     42  sub    0     0   0300    0300
 12117   54008     42  sub    0     0   0300    0300
 12118   54011     42  sub    0     0   0300    0300
 12119   54014     42  sub    0     0   0300    0300
 12120   54017     42  sub    0     0   0300    0300
 12121   54020     42  sub    0     0   0300    0300
 12122   54023     42  sub    0     0   0300    0300
 12123   54026     42  sub    0     0   0300    0300
 12124   54029     42  sub    0     0   0300    0300
 12125   54032     42  sub    0     0   0300    0300
 12126   54035     42  sub    0     0   0300    0300
 12127   54038     42  sub    0     0   0300    0300
 12128   54041     42  sub    0     0   0300    0300
 12129   54044     42  sub    0     0   0300    0300
 12130   54047     42  sub    0     0   0300    0300
 12131   54050     42  sub    0     0   0300    0300
 12132   54053     42  sub    0     0   0300    0300
 12133   54056     42  sub    0     0   0300    0300
 12134   54059     42  sub    0     0   0300    0300
 12135   54062     42  sub    0     0   0300    0300
 12136   54065     42  sub    0     0   0300    0300
 12137   54068     42  sub    0     0   0300    0300
 12138   54071     42  sub    0     0   0300    0300
 12139   54074     42  sub    0     0   0300    0300
 12140   54077     42  sub    0     0   0300    0300
 12141   54080     42  sub    0     0   0300    0300
 12142   54083     42  sub    0     0   0300    0300
 12143   54086     42  sub    0     0   0300    0300
 12144   54089     42  sub    0     0   0300    0300
 12145   54092     42  sub    0     0   0300    0300
 12146   54095     42  sub    0     0   0300    0300
 12147   54098     42  sub    0     0   0300    0300
 12148   54101     42  sub    0     0   0300    0300
 12149   54104     42  sub    0     0   0300    0300
 12150   54107     42  sub    0     0   0300    0300
 12151   54110     42  sub    0     0   0300    0300
 12152   54113     42  sub    0     0   0300    0300
 12153   54116     42  sub    0     0   0300    0300
 12154   54119     42  sub    0     0   0300    0300
 12155   54122     42  sub    0     0   0300    0300
 12156   54125     42  sub    0     0   0300    0300
 12157   54128     42  sub    0     0   0300    0300
 12158   54131     42  sub    0     0   0300    0300
 12159   54134     42  sub    0     0   0300    0300
 12160   54137     42  sub    0     0   0300    0300
 12161   54140     42  sub    0     0   0300    0300
 12162   54143     42  sub    0     0   0300    0300
 12163   54146     42  sub    0     0   0300    0300
 12164   54149     42  sub    0     0   0300    0300
 12165   54152     42  sub    0     0   0300    0300
 12166   54155     42  sub    0     0   0300    0300
 12167   54158     42  sub    0     0   0300    0300
 12168   54161     42  sub    0     0   0300    0300
 12169   54164     42  sub    0     0   0300    0300
 12170   54167     42  sub    0     0   0300    0300
 12171   54170     42  sub    0     0   0300    0300
 12172   54173     42  sub    0     0   0300    0300
 12173   54176     42  sub    0     0   0300    0300
 12174   54179     42  sub    0     0   0300    0300
 12175   54182     42  sub    0     0   0300    0300
 12176   54185     42  sub    0     0   0300    0300
 12177   54188     42  sub    0     0   0300    0300
 12178   54191     42  sub    0     0   0300    0300
 12179   54194     42  sub    0     0   0300    0300
 12180   54197     42  sub    0     0   0300    0300
 12181   54200     42  sub    0     0   0300    0300
 12182   54203     42  sub    0     0   0300    0300
 12183   54206     42  sub    0     0   0300    0300
 12184   54209     42  sub    0     0   0300    0300
 12185   54212     42  sub    0     0   0300    0300
 12186   54215     42  sub    0     0   0300    0300
 12187   54218     42  sub    0     0   0300    0300
 12188   54221     42  sub    0     0   0300    0300
 12189   54224     42  sub    0     0   0300    0300
 12190   54227     42  sub    0     0   0300    0300
 12191   54230     42  sub    0     0   0300    0300
 12192   54233     42  sub    0     0   0300    0300
 12193   54236     42  sub    0     0   0300    0300
 12194   54239     42  sub    0     0   0300    0300
 12195   54242     42  sub    0     0   0300    0300
 12196   54245     42  sub    0     0   0300    0300
 12197   54248     42  sub    0     0   0300    0300
 12198   54251     42  sub    0     0   0300    0300
 12199   54254     42  sub    0     0   0300    0300
 12200   54257     42  sub    0     0   0300    0300
 12201   54260     42  sub    0     0   0300    0300
 12202   54263     42  sub    0     0   0300    0300
 12203   54266     42  sub    0     0   0300    0300
 12204   54269     42  sub    0     0   0300    0300
 12205   54272     42  sub    0     0   0300    0300
 12206   54275     42  sub    0     0   0300    0300
 12207   54278     42  sub    0     0   0300    0300
 12208   54281     42  sub    0     0   0300    0300
 12209   54284     42  sub    0     0   0300    0300
 12210   54287     42  sub    0     0   0300    0300
 12211   54290     42  sub    0     0   0300    0300
 12212   54293     42  sub    0     0   0300    0300
 12213   54296     42  sub    0     0   0300    0300
 12214   54299     42  sub    0     0   0300    0300
 12215   54302     42  sub    0     0   0300    0300
 12216   54305     42  sub    0     0   0300    0300
 12217   54308     42  sub    0     0   0300    0300
 12218   54311     42  sub    0     0   0300    0300
 12219   54314     42  sub    0     0   0300    0300
 12220   54317     42  sub    0     0   0300    0300
 12221   54320     42  sub    0     0   0300    0300
 12222   54323     42  sub    0     0   0300    0300
 12223   54326     42  sub    0     0   0300    0300
 12224   54329     42  sub    0     0   0300    0300
 12225   54332     42  sub    0     0   0300    0300
 12226   54335     42  sub    0     0   0300    0300
 12227   54338     42  sub    0     0   0300    0300
 12228   54341     42  sub    0     0   0300    0300
 12229   54344     42  sub    0     0   0300    0300
 12230   54347     42  sub    0     0   0300    0300
 12231   54350     42  sub    0     0   0300    0300
 12232   54353     42  sub    0     0   0300    0300
 12233   54356     42  sub    0     0   0300    0300
 12234   54359     42  sub    0     0   0300    0300
 12235   54362     42  sub    0     0   0300    0300
 12236   54365     42  sub    0     0   0300    0300
 12237   54368     42  sub    0     0   0300    0300
 12238   54371     42  sub    0     0   0300    0300
 12239   54374     42  sub    0     0   0300    0300
 12240   54377     42  sub    0     0   0300    0300
 12241   54380     42  sub    0     0   0300    0300
 12242   54383     42  sub    0     0   0300    0300
 12243   54386     42  sub    0     0   0300    0300
 12244   54389     42  sub    0     0   0300    0300
 12245   54392     42  sub    0     0   0300    0300
 12246   54395     42  sub    0     0   0300    0300
 12247   54398     42  sub    0     0   0300    0300
 12248   54401     42  sub    0     0   0300    0300
 12249   54404     42  sub    0     0   0300    0300
 12250   54407     42  sub    0     0   0300    0300
 12251   54410     42  sub    0     0   0300    0300
 12252   54413     42  sub    0     0   0300    0300
 12253   54416     42  sub    0     0   0300    0300
 12254   54419     42  sub    0     0   0300    0300
 12255   54422     42  sub    0     0   0300    0300
 12256   54425     42  sub    0     0   0300    0300
 12257   54428     42  sub    0     0   0300    0300
 12258   54431     42  sub    0     0   0300    0300
 12259   54434     42  sub    0     0   0300    0300
 12260   54437     42  sub    0     0   0300    0300
 12261   54440     42  sub    0     0   0300    0300
 12262   54443     42  sub    0     0   0300    0300
 12263   54446     42  sub    0     0   0300    0300
 12264   54449     42  sub    0     0   0300    0300
 12265   54452     42  sub    0     0   0300    0300
 12266   54455     42  sub    0     0   0300    0300
 12267   54458     42  sub    0     0   0300    0300
 12268   54461     42  sub    0     0   0300    0300
 12269   54464     42  sub    0     0   0300    0300
 12270   54467     42  sub    0     0   0300    0300
 12271   54470     42  sub    0     0   0300    0300
 12272   54473     42  sub    0     0   0300    0300
 12273   54476     42  sub    0     0   0300    0300
 12274   54479     42  sub    0     0   0300    0300
 12275   54482     42  sub    0     0   0300    0300
 12276   54485     42  sub    0     0   0300    0300
 12277   54488     42  sub    0     0   0300    0300
 12278   54491     42  sub    0     0   0300    0300
 12279   54494     42  sub    0     0   0300    0300
 12280   54497     42  sub    0     0   0300    0300
 12281   54500     42  sub    0     0   0300    0300
 12282   54503     42  sub    0     0   0300    0300
 12283   54506     42  sub    0     0   0300    0300
 12284   54509     42  sub    0     0   0300    0300
 12285   54512     42  sub    0     0   0300    0300
 12286   54515     42  sub    0     0   0300    0300
 12287   54518     42  sub    0     0   0300    0300
 12288   54521     42  sub    0     0   0300    0300
 12289   54524     42  sub    0     0   0300    0300
 12290   54527     42  sub    0     0   0300    0300
 12291   54530     42  sub    0     0   0300    0300
 12292   54533     42  sub    0     0   0300    0300
 12293   54536     42  sub    0     0   0300    0300
 12294   54539     42  sub    0     0   0300    0300
 12295   54542     42  sub    0     0   0300    0300
 12296   54545     42  sub    0     0   0300    0300
 12297   54548     42  sub    0     0   0300    0300
 12298   54551     42  sub    0     0   0300    0300
 12299   54554     42  sub    0     0   0300    0300
 12300   54557     42  sub    0     0   0300    0300
 12301   54560     42  sub    0     0   0300    0300
 12302   54563     42  sub    0     0   0300    0300
 12303   54566     42  sub    0     0   0300    0300
 12304   54569     42  sub    0     0   0300    0300
 12305   54572     42  sub    0     0   0300    0300
 12306   54575     42  sub    0     0   0300    0300
 12307   54578     42  sub    0     0   0300    0300
 12308   54581     42  sub    0     0   0300    0300
 12309   54584     42  sub    0     0   0300    0300
 12310   54587     42  sub    0     0   0300    0300
 12311   54590     42  sub    0     0   0300    0300
 12312   54593     42  sub    0     0   0300    0300
 12313   54596     42  sub    0     0   0300    0300
 12314   54599     42  sub    0     0   0300    0300
 12315   54602     42  sub    0     0   0300    0300
 12316   54605     42  sub    0     0   0300    0300
 12317   54608     42  sub    0     0   0300    0300
 12318   54611     42  sub    0     0   0300    0300
 12319   54614     42  sub    0     0   0300    0300
 12320   54617     42  sub    0     0   0300    0300
 12321   54620     42  sub    0     0   0300    0300
 12322   54623     42  sub    0     0   0300    0300
 12323   54626     42  sub    0     0   0300    0300
 12324   54629     42  sub    0     0   0300    0300
 12325   54632     42  sub    0     0   0300    0300
 12326   54635     42  sub    0     0   0300    0300
 12327   54638     42  sub    0     0   0300    0300
 12328   54641     42  sub    0     0   0300    0300
 12329   54644     42  sub    0     0   0300    0300
 12330   54647     42  sub    0     0   0300    0300
 12331   54650     42  sub    0     0   0300    0300
 12332   54653     42  sub    0     0   0300    0300
 12333   54656     42  sub    0     0   0300    0300
 12334   54659     42  sub    0     0   0300    0300
 12335   54662     42  sub    0     0   0300    0300
 12336   54665     42  sub    0     0   0300    0300
 12337   54668     42  sub    0     0   0300    0300
 12338   54671     42  sub    0     0   0300    0300
 12339   54674     42  sub    0     0   0300    0300
 12340   54677     42  sub    0     0   0300    0300
 12341   54680     42  sub    0     0   0300    0300
 12342   54683     42  sub    0     0   0300    0300
 12343   54686     42  sub    0     0   0300    0300
 12344   54689     42  sub    0     0   0300    0300
 12345   54692     42  sub    0     0   0300    0300
 12346   54695     42  sub    0     0   0300    0300
 12347   54698     42  sub    0     0   0300    0300
 12348   54701     42  sub    0     0   0300    0300
 12349   54704     42  sub    0     0   0300    0300
 12350   54707     42  sub    0     0   0300    0300
 12351   54710     42  sub    0     0   0300    0300
 12352   54713     42  sub    0     0   0300    0300
 12353   54716     42  sub    0     0   0300    0300
 12354   54719     42  sub    0     0   0300    0300
 12355   54722     42  sub    0     0   0300    0300
 12356   54725     42  sub    0     0   0300    0300
 12357   54728     42  sub    0     0   0300    0300
 12358   54731     42  sub    0     0   0300    0300
 12359   54734     42  sub    0     0   0300    0300
 12360   54737     42  sub    0     0   0300    0300
 12361   54740     42  sub    0     0   0300    0300
 12362   54743     42  sub    0     0   0300    0300
 12363   54746     42  sub    0     0   0300    0300
 12364   54749     42  sub    0     0   0300    0300
 12365   54752     42  sub    0     0   0300    0300
 12366   54755     42  sub    0     0   0300    0300
 12367   54758     42  sub    0     0   0300    0300
 12368   54761     42  sub    0     0   0300    0300
 12369   54764     42  sub    0     0   0300    0300
 12370   54767     42  sub    0     0   0300    0300
 12371   54770     42  sub    0     0   0300    0300
 12372   54773     42  sub    0     0   0300    0300
 12373   54776     42  sub    0     0   0300    0300
 12374   54779     42  sub    0     0   0300    0300
 12375   54782     42  sub    0     0   0300    0300
 12376   54785     42  sub    0     0   0300    0300
 12377   54788     42  sub    0     0   0300    0300
 12378   54791     42  sub    0     0   0300    0300
 12379   54794     42  sub    0     0   0300    0300
 12380   54797     42  sub    0     0   0300    0300
 12381   54800     42  sub    0     0   0300    0300
 12382   54803     42  sub    0     0   0300    0300
 12383   54806     42  sub    0     0   0300    0300
 12384   54809     42  sub    0     0   0300    0300
 12385   54812     42  sub    0     0   0300    0300
 12386   54815     42  sub    0     0   0300    0300
 12387   54818     42  sub    0     0   0300    0300
 12388   54821     42  sub    0     0   0300    0300
 12389   54824     42  sub    0     0   0300    0300
 12390   54827     42  sub    0     0   0300    0300
 12391   54830     42  sub    0     0   0300    0300
 12392   54833     42  sub    0     0   0300    0300
 12393   54836     42  sub    0     0   0300    0300
 12394   54839     42  sub    0     0   0300    0300
 12395   54842     42  sub    0     0   0300    0300
 12396   54845     42  sub    0     0   0300    0300
 12397   54848     42  sub    0     0   0300    0300
 12398   54851     42  sub    0     0   0300    0300
 12399   54854     42  sub    0     0   0300    0300
 12400   54857     42  sub    0     0   0300    0300
 12401   54860     42  sub    0     0   0300    0300
 12402   54863     42  sub    0     0   0300    0300
 12403   54866     42  sub    0     0   0300    0300
 12404   54869     42  sub    0     0   0300    0300
 12405   54872     42  sub    0     0   0300    0300
 12406   54875     42  sub    0     0   0300    0300
 12407   54878     42  sub    0     0   0300    0300
 12408   54881     42  sub    0     0   0300    0300
 12409   54884     42  sub    0     0   0300    0300
 12410   54887     42  sub    0     0   0300    0300
 12411   54890     42  sub    0     0   0300    0300
 12412   54893     42  sub    0     0   0300    0300
 12413   54896     42  sub    0     0   0300    0300
 12414   54899     42  sub    0     0   0300    0300
 12415   54902     42  sub    0     0   0300    0300
 12416   54905     42  sub    0     0   0300    0300
 12417   54908     42  sub    0     0   0300    0300
 12418   54911     42  sub    0     0   0300    0300
 12419   54914     42  sub    0     0   0300    0300
 12420   54917     42  sub    0     0   0300    0300
 12421   54920     42  sub    0     0   0300    0300
 12422   54923     42  sub    0     0   0300    0300
 12423   54926     42  sub    0     0   0300    0300
 12424   54929     42  sub    0     0   0300    0300
 12425   54932     42  sub    0     0   0300    0300
 12426   54935     42  sub    0     0   0300    0300
 12427   54938     42  sub    0     0   0300    0300
 12428   54941     42  sub    0     0   0300    0300
 12429   54944     42  sub    0     0   0300    0300
 12430   54947     42  sub    0     0   0300    0300
 12431   54950     42  sub    0     0   0300    0300
 12432   54953     42  sub    0     0   0300    0300
 12433   54956     42  sub    0     0   0300    0300
 12434   54959     42  sub    0     0   0300    0300
 12435   54962     42  sub    0     0   0300    0300
 12436   54965     42  sub    0     0   0300    0300
 12437   54968     42  sub    0     0   0300    0300
 12438   54971     42  sub    0     0   0300    0300
 12439   54974     42  sub    0     0   0300    0300
 12440   54977     42  sub    0     0   0300    0300
 12441   54980     42  sub    0     0   0300    0300
 12442   54983     42  sub    0     0   0300    0300
 12443   54986     42  sub    0     0   0300    0300
 12444   54989     42  sub    0     0   0300    0300
 12445   54992     42  sub    0     0   0300    0300
 12446   54995     42  sub    0     0   0300    0300
 12447   54998     42  sub    0     0   0300    0300
 12448   55001     42  sub    0     0   0300    0300
 12449   55004     42  sub    0     0   0300    0300
 12450   55007     42  sub    0     0   0300    0300
 12451   55010     42  sub    0     0   0300    0300
 12452   55013     42  sub    0     0   0300    0300
 12453   55016     42  sub    0     0   0300    0300
 12454   55019     42  sub    0     0   0300    0300
 12455   55022     42  sub    0     0   0300    0300
 12456   55025     42  sub    0     0   0300    0300
 12457   55028     42  sub    0     0   0300    0300
 12458   55031     42  sub    0     0   0300    0300
 12459   55034     42  sub    0     0   0300    0300
 12460   55037     42  sub    0     0   0300    0300
 12461   55040     42  sub    0     0   0300    0300
 12462   55043     42  sub    0     0   0300    0300
 12463   55046     42  sub    0     0   0300    0300
 12464   55049     42  sub    0     0   0300    0300
 12465   55052     42  sub    0     0   0300    0300
 12466   55055     42  sub    0     0   0300    0300
 12467   55058     42  sub    0     0   0300    0300
 12468   55061     42  sub    0     0   0300    0300
 12469   55064     42  sub    0     0   0300    0300
 12470   55067     42  sub    0     0   0300    0300
 12471   55070     42  sub    0     0   0300    0300
 12472   55073     42  sub    0     0   0300    0300
 12473   55076     42  sub    0     0   0300    0300
 12474   55079     42  sub    0     0   0300    0300
 12475   55082     42  sub    0     0   0300    0300
 12476   55085     42  sub    0     0   0300    0300
 12477   55088     42  sub    0     0   0300    0300
 12478   55091     42  sub    0     0   0300    0300
 12479   55094     42  sub    0     0   0300    0300
 12480   55097     42  sub    0     0   0300    0300
 12481   55100     42  sub    0     0   0300    0300
 12482   55103     42  sub    0     0   0300    0300
 12483   55106     42  sub    0     0   0300    0300
 12484   55109     42  sub    0     0   0300    0300
 12485   55112     42  sub    0     0   0300    0300
 12486   55115     42  sub    0     0   0300    0300
 12487   55118     42  sub    0     0   0300    0300
 12488   55121     42  sub    0     0   0300    0300
 12489   55124     42  sub    0     0   0300    0300
 12490   55127     42  sub    0     0   0300    0300
 12491   55130     42  sub    0     0   0300    0300
 12492   55133     42  sub    0     0   0300    0300
 12493   55136     42  sub    0     0   0300    0300
 12494   55139     42  sub    0     0   0300    0300
 12495   55142     42  sub    0     0   0300    0300
 12496   55145     42  sub    0     0   0300    0300
 12497   55148     42  sub    0     0   0300    0300
 12498   55151     42  sub    0     0   0300    0300
 12499   55154     42  sub    0     0   0300    0300
 12500   55157     42  sub    0     0   0300    0300
 12501   55160     42  sub    0     0   0300    0300
 12502   55163     42  sub    0     0   0300    0300
 12503   55166     42  sub    0     0   0300    0300
 12504   55169     42  sub    0     0   0300    0300
 12505   55172     42  sub    0     0   0300    0300
 12506   55175     42  sub    0     0   0300    0300
 12507   55178     42  sub    0     0   0300    0300
 12508   55181     42  sub    0     0   0300    0300
 12509   55184     42  sub    0     0   0300    0300
 12510   55187     42  sub    0     0   0300    0300
 12511   55190     42  sub    0     0   0300    0300
 12512   55193     42  sub    0     0   0300    0300
 12513   55196     42  sub    0     0   0300    0300
 12514   55199     42  sub    0     0   0300    0300
 12515   55202     42  sub    0     0   0300    0300
 12516   55205     42  sub    0     0   0300    0300
 12517   55208     42  sub    0     0   0300    0300
 12518   55211     42  sub    0     0   0300    0300
 12519   55214     42  sub    0     0   0300    0300
 12520   55217     42  sub    0     0   0300    0300
 12521   55220     42  sub    0     0   0300    0300
 12522   55223     42  sub    0     0   0300    0300
 12523   55226     42  sub    0     0   0300    0300
 12524   55229     42  sub    0     0   0300    0300
 12525   55232     42  sub    0     0   0300    0300
 12526   55235     42  sub    0     0   0300    0300
 12527   55238     42  sub    0     0   0300    0300
 12528   55241     42  sub    0     0   0300    0300
 12529   55244     42  sub    0     0   0300    0300
 12530   55247     42  sub    0     0   0300    0300
 12531   55250     42  sub    0     0   0300    0300
 12532   55253     42  sub    0     0   0300    0300
 12533   55256     42  sub    0     0   0300    0300
 12534   55259     42  sub    0     0   0300    0300
 12535   55262     42  sub    0     0   0300    0300
 12536   55265     42  sub    0     0   0300    0300
 12537   55268     42  sub    0     0   0300    0300
 12538   55271     42  sub    0     0   0300    0300
 12539   55274     42  sub    0     0   0300    0300
 12540   55277     42  sub    0     0   0300    0300
 12541   55280     42  sub    0     0   0300    0300
 12542   55283     42  sub    0     0   0300    0300
 12543   55286     42  sub    0     0   0300    0300
 12544   55289     42  sub    0     0   0300    0300
 12545   55292     42  sub    0     0   0300    0300
 12546   55295     42  sub    0     0   0300    0300
 12547   55298     42  sub    0     0   0300    0300
 12548   55301     42  sub    0     0   0300    0300
 12549   55304     42  sub    0     0   0300    0300
 12550   55307     42  sub    0     0   0300    0300
 12551   55310     42  sub    0     0   0300    0300
 12552   55313     42  sub    0     0   0300    0300
 12553   55316     42  sub    0     0   0300    0300
 12554   55319     42  sub    0     0   0300    0300
 12555   55322     42  sub    0     0   0300    0300
 12556   55325     42  sub    0     0   0300    0300
 12557   55328     42  sub    0     0   0300    0300
 12558   55331     42  sub    0     0   0300    0300
 12559   55334     42  sub    0     0   0300    0300
 12560   55337     42  sub    0     0   0300    0300
 12561   55340     42  sub    0     0   0300    0300
 12562   55343     42  sub    0     0   0300    0300
 12563   55346     42  sub    0     0   0300    0300
 12564   55349     42  sub    0     0   0300    0300
 12565   55352     42  sub    0     0   0300    0300
 12566   55355     42  sub    0     0   0300    0300
 12567   55358     42  sub    0     0   0300    0300
 12568   55361     42  sub    0     0   0300    0300
 12569   55364     42  sub    0     0   0300    0300
 12570   55367     42  sub    0     0   0300    0300
 12571   55370     42  sub    0     0   0300    0300
 12572   55373     42  sub    0     0   0300    0300
 12573   55376     42  sub    0     0   0300    0300
 12574   55379     42  sub    0     0   0300    0300
 12575   55382     42  sub    0     0   0300    0300
 12576   55385     42  sub    0     0   0300    0300
 12577   55388     42  sub    0     0   0300    0300
 12578   55391     42  sub    0     0   0300    0300
 12579   55394     42  sub    0     0   0300    0300
 12580   55397     42  sub    0     0   0300    0300
 12581   55400     42  sub    0     0   0300    0300
 12582   55403     42  sub    0     0   0300    0300
 12583   55406     42  sub    0     0   0300    0300
 12584   55409     42  sub    0     0   0300    0300
 12585   55412     42  sub    0     0   0300    0300
 12586   55415     42  sub    0     0   0300    0300
 12587   55418     42  sub    0     0   0300    0300
 12588   55421     42  sub    0     0   0300    0300
 12589   55424     42  sub    0     0   0300    0300
 12590   55427     42  sub    0     0   0300    0300
 12591   55430     42  sub    0     0   0300    0300
 12592   55433     42  sub    0     0   0300    0300
 12593   55436     42  sub    0     0   0300    0300
 12594   55439     42  sub    0     0   0300    0300
 12595   55442     42  sub    0     0   0300    0300
 12596   55445     42  sub    0     0   0300    0300
 12597   55448     42  sub    0     0   0300    0300
 12598   55451     42  sub    0     0   0300    0300
 12599   55454     42  sub    0     0   0300    0300
 12600   55457     42  sub    0     0   0300    0300
 12601   55460     42  sub    0     0   0300    0300
 12602   55463     42  sub    0     0   0300    0300
 12603   55466     42  sub    0     0   0300    0300
 12604   55469     42  sub    0     0   0300    0300
 12605   55472     42  sub    0     0   0300    0300
 12606   55475     42  sub    0     0   0300    0300
 12607   55478     42  sub    0     0   0300    0300
 12608   55481     42  sub    0     0   0300    0300
 12609   55484     42  sub    0     0   0300    0300
 12610   55487     42  sub    0     0   0300    0300
 12611   55490     42  sub    0     0   0300    0300
 12612   55493     42  sub    0     0   0300    0300
 12613   55496     42  sub    0     0   0300    0300
 12614   55499     42  sub    0     0   0300    0300
 12615   55502     42  sub    0     0   0300    0300
 12616   55505     42  sub    0     0   0300    0300
 12617   55508     42  sub    0     0   0300    0300
 12618   55511     42  sub    0     0   0300    0300
 12619   55514     42  sub    0     0   0300    0300
 12620   55517     42  sub    0     0   0300    0300
 12621   55520     42  sub    0     0   0300    0300
 12622   55523     42  sub    0     0   0300    0300
 12623   55526     42  sub    0     0   0300    0300
 12624   55529     42  sub    0     0   0300    0300
 12625   55532     42  sub    0     0   0300    0300
 12626   55535     42  sub    0     0   0300    0300
 12627   55538     42  sub    0     0   0300    0300
 12628   55541     42  sub    0     0   0300    0300
 12629   55544     42  sub    0     0   0300    0300
 12630   55547     42  sub    0     0   0300    0300
 12631   55550     42  sub    0     0   0300    0300
 12632   55553     42  sub    0     0   0300    0300
 12633   55556     42  sub    0     0   0300    0300
 12634   55559     42  sub    0     0   0300    0300
 12635   55562     42  sub    0     0   0300    0300
 12636   55565     42  sub    0     0   0300    0300
 12637   55568     42  sub    0     0   0300    0300
 12638   55571     42  sub    0     0   0300    0300
 12639   55574     42  sub    0     0   0300    0300
 12640   55577     42  sub    0     0   0300    0300
 12641   55580     42  sub    0     0   0300    0300
 12642   55583     42  sub    0     0   0300    0300
 12643   55586     42  sub    0     0   0300    0300
 12644   55589     42  sub    0     0   0300    0300
 12645   55592     42  sub    0     0   0300    0300
 12646   55595     42  sub    0     0   0300    0300
 12647   55598     42  sub    0     0   0300    0300
 12648   55601     42  sub    0     0   0300    0300
 12649   55604     42  sub    0     0   0300    0300
 12650   55607     42  sub    0     0   0300    0300
 12651   55610     42  sub    0     0   0300    0300
 12652   55613     42  sub    0     0   0300    0300
 12653   55616     42  sub    0     0   0300    0300
 12654   55619     42  sub    0     0   0300    0300
 12655   55622     42  sub    0     0   0300    0300
 12656   55625     42  sub    0     0   0300    0300
 12657   55628     42  sub    0     0   0300    0300
 12658   55631     42  sub    0     0   0300    0300
 12659   55634     42  sub    0     0   0300    0300
 12660   55637     42  sub    0     0   0300    0300
 12661   55640     42  sub    0     0   0300    0300
 12662   55643     42  sub    0     0   0300    0300
 12663   55646     42  sub    0     0   0300    0300
 12664   55649     42  sub    0     0   0300    0300
 12665   55652     42  sub    0     0   0300    0300
 12666   55655     42  sub    0     0   0300    0300
 12667   55658     42  sub    0     0   0300    0300
 12668   55661     42  sub    0     0   0300    0300
 12669   55664     42  sub    0     0   0300    0300
 12670   55667     42  sub    0     0   0300    0300
 12671   55670     42  sub    0     0   0300    0300
 12672   55673     42  sub    0     0   0300    0300
 12673   55676     42  sub    0     0   0300    0300
 12674   55679     42  sub    0     0   0300    0300
 12675   55682     42  sub    0     0   0300    0300
 12676   55685     42  sub    0     0   0300    0300
 12677   55688     42  sub    0     0   0300    0300
 12678   55691     42  sub    0     0   0300    0300
 12679   55694     42  sub    0     0   0300    0300
 12680   55697     42  sub    0     0   0300    0300
 12681   55700     42  sub    0     0   0300    0300
 12682   55703     42  sub    0     0   0300    0300
 12683   55706     42  sub    0     0   0300    0300
 12684   55709     42  sub    0     0   0300    0300
 12685   55712     42  sub    0     0   0300    0300
 12686   55715     42  sub    0     0   0300    0300
 12687   55718     42  sub    0     0   0300    0300
 12688   55721     42  sub    0     0   0300    0300
 12689   55724     42  sub    0     0   0300    0300
 12690   55727     42  sub    0     0   0300    0300
 12691   55730     42  sub    0     0   0300    0300
 12692   55733     42  sub    0     0   0300    0300
 12693   55736     42  sub    0     0   0300    0300
 12694   55739     42  sub    0     0   0300    0300
 12695   55742     42  sub    0     0   0300    0300
 12696   55745     42  sub    0     0   0300    0300
 12697   55748     42  sub    0     0   0300    0300
 12698   55751     42  sub    0     0   0300    0300
 12699   55754     42  sub    0     0   0300    0300
 12700   55757     42  sub    0     0   0300    0300
 12701   55760     42  sub    0     0   0300    0300
 12702   55763     42  sub    0     0   0300    0300
 12703   55766     42  sub    0     0   0300    0300
 12704   55769     42  sub    0     0   0300    0300
 12705   55772     42  sub    0     0   0300    0300
 12706   55775     42  sub    0     0   0300    0300
 12707   55778     42  sub    0     0   0300    0300
 12708   55781     42  sub    0     0   0300    0300
 12709   55784     42  sub    0     0   0300    0300
 12710   55787     42  sub    0     0   0300    0300
 12711   55790     42  sub    0     0   0300    0300
 12712   55793     42  sub    0     0   0300    0300
 12713   55796     42  sub    0     0   0300    0300
 12714   55799     42  sub    0     0   0300    0300
 12715   55802     42  sub    0     0   0300    0300
 12716   55805     42  sub    0     0   0300    0300
 12717   55808     42  sub    0     0   0300    0300
 12718   55811     42  sub    0     0   0300    0300
 12719   55814     42  sub    0     0   0300    0300
 12720   55817     42  sub    0     0   0300    0300
 12721   55820     42  sub    0     0   0300    0300
 12722   55823     42  sub    0     0   0300    0300
 12723   55826     42  sub    0     0   0300    0300
 12724   55829     42  sub    0     0   0300    0300
 12725   55832     42  sub    0     0   0300    0300
 12726   55835     42  sub    0     0   0300    0300
 12727   55838     42  sub    0     0   0300    0300
 12728   55841     42  sub    0     0   0300    0300
 12729   55844     42  sub    0     0   0300    0300
 12730   55847     42  sub    0     0   0300    0300
 12731   55850     42  sub    0     0   0300    0300
 12732   55853     42  sub    0     0   0300    0300
 12733   55856     42  sub    0     0   0300    0300
 12734   55859     42  sub    0     0   0300    0300
 12735   55862     42  sub    0     0   0300    0300
 12736   55865     42  sub    0     0   0300    0300
 12737   55868     42  sub    0     0   0300    0300
 12738   55871     42  sub    0     0   0300    0300
 12739   55874     42  sub    0     0   0300    0300
 12740   55877     42  sub    0     0   0300    0300
 12741   55880     42  sub    0     0   0300    0300
 12742   55883     42  sub    0     0   0300    0300
 12743   55886     42  sub    0     0   0300    0300
 12744   55889     42  sub    0     0   0300    0300
 12745   55892     42  sub    0     0   0300    0300
 12746   55895     42  sub    0     0   0300    0300
 12747   55898     42  sub    0     0   0300    0300
 12748   55901     42  sub    0     0   0300    0300
 12749   55904     42  sub    0     0   0300    0300
 12750   55907     42  sub    0     0   0300    0300
 12751   55910     42  sub    0     0   0300    0300
 12752   55913     42  sub    0     0   0300    0300
 12753   55916     42  sub    0     0   0300    0300
 12754   55919     42  sub    0     0   0300    0300
 12755   55922     42  sub    0     0   0300    0300
 12756   55925     42  sub    0     0   0300    0300
 12757   55928     42  sub    0     0   0300    0300
 12758   55931     42  sub    0     0   0300    0300
 12759   55934     42  sub    0     0   0300    0300
 12760   55937     42  sub    0     0   0300    0300
 12761   55940     42  sub    0     0   0300    0300
 12762   55943     42  sub    0     0   0300    0300
 12763   55946     42  sub    0     0   0300    0300
 12764   55949     42  sub    0     0   0300    0300
 12765   55952     42  sub    0     0   0300    0300
 12766   55955     42  sub    0     0   0300    0300
 12767   55958     42  sub    0     0   0300    0300
 12768   55961     42  sub    0     0   0300    0300
 12769   55964     42  sub    0     0   0300    0300
 12770   55967     42  sub    0     0   0300    0300
 12771   55970     42  sub    0     0   0300    0300
 12772   55973     42  sub    0     0   0300    0300
 12773   55976     42  sub    0     0   0300    0300
 12774   55979     42  sub    0     0   0300    0300
 12775   55982     42  sub    0     0   0300    0300
 12776   55985     42  sub    0     0   0300    0300
 12777   55988     42  sub    0     0   0300    0300
 12778   55991     42  sub    0     0   0300    0300
 12779   55994     42  sub    0     0   0300    0300
 12780   55997     42  sub    0     0   0300    0300
 12781   56000     42  sub    0     0   0300    0300
 12782   56003     42  sub    0     0   0300    0300
 12783   56006     42  sub    0     0   0300    0300
 12784   56009     42  sub    0     0   0300    0300
 12785   56012     42  sub    0     0   0300    0300
 12786   56015     42  sub    0     0   0300    0300
 12787   56018     42  sub    0     0   0300    0300
 12788   56021     42  sub    0     0   0300    0300
 12789   56024     42  sub    0     0   0300    0300
 12790   56027     42  sub    0     0   0300    0300
 12791   56030     42  sub    0     0   0300    0300
 12792   56033     42  sub    0     0   0300    0300
 12793   56036     42  sub    0     0   0300    0300
 12794   56039     42  sub    0     0   0300    0300
 12795   56042     42  sub    0     0   0300    0300
 12796   56045     42  sub    0     0   0300    0300
 12797   56048     42  sub    0     0   0300    0300
 12798   56051     42  sub    0     0   0300    0300
 12799   56054     42  sub    0     0   0300    0300
 12800   56057     42  sub    0     0   0300    0300
 12801   56060     42  sub    0     0   0300    0300
 12802   56063     42  sub    0     0   0300    0300
 12803   56066     42  sub    0     0   0300    0300
 12804   56069     42  sub    0     0   0300    0300
 12805   56072     42  sub    0     0   0300    0300
 12806   56075     42  sub    0     0   0300    0300
 12807   56078     42  sub    0     0   0300    0300
 12808   56081     42  sub    0     0   0300    0300
 12809   56084     42  sub    0     0   0300    0300
 12810   56087     42  sub    0     0   0300    0300
 12811   56090     42  sub    0     0   0300    0300
 12812   56093     42  sub    0     0   0300    0300
 12813   56096     42  sub    0     0   0300    0300
 12814   56099     42  sub    0     0   0300    0300
 12815   56102     42  sub    0     0   0300    0300
 12816   56105     42  sub    0     0   0300    0300
 12817   56108     42  sub    0     0   0300    0300
 12818   56111     42  sub    0     0   0300    0300
 12819   56114     42  sub    0     0   0300    0300
 12820   56117     42  sub    0     0   0300    0300
 12821   56121     42  sub    0     0   0336    0336
 12822   56144     42  sub    0     0   01CE    01CE
 12823   56179     42  sub    0     0   0300    0300
 12824   56182     42  sub    0     0   0300    0300
 12825   56185     42  sub    0     0   0300    0300
 12826   56188     42  sub    0     0   0300    0300
 12827   56191     42  sub    0     0   0300    0300
 12828   56194     42  sub    0     0   0300    0300
 12829   56197     42  sub    0     0   0300    0300
 12830   56200     42  sub    0     0   0300    0300
 12831   56203     42  sub    0     0   0300    0300
 12832   56206     42  sub    0     0   0300    0300
 12833   56209     42  sub    0     0   0300    0300
 12834   56212     42  sub    0     0   0300    0300
 12835   56215     42  sub    0     0   0300    0300
 12836   56218     42  sub    0     0   0300    0300
 12837   56221     42  sub    0     0   0300    0300
 12838   56224     42  sub    0     0   0300    0300
 12839   56227     42  sub    0     0   0300    0300
 12840   56230     42  sub    0     0   0300    0300
 12841   56233     42  sub    0     0   0300    0300
 12842   56236     42  sub    0     0   0300    0300
 12843   56239     42  sub    0     0   0300    0300
 12844   56242     42  sub    0     0   0300    0300
 12845   56245     42  sub    0     0   0300    0300
 12846   56248     42  sub    0     0   0300    0300
 12847   56251     42  sub    0     0   0300    0300
 12848   56254     42  sub    0     0   0300    0300
 12849   56257     42  sub    0     0   0300    0300
 12850   56260     42  sub    0     0   0300    0300
 12851   56263     42  sub    0     0   0300    0300
 12852   56266     42  sub    0     0   0300    0300
 12853   56269     42  sub    0     0   0300    0300
 12854   56272     42  sub    0     0   0300    0300
 12855   56275     42  sub    0     0   0300    0300
 12856   56278     42  sub    0     0   0300    0300
 12857   56281     42  sub    0     0   0300    0300
 12858   56284     42  sub    0     0   0300    0300
 12859   56287     42  sub    0     0   0300    0300
 12860   56290     42  sub    0     0   0300    0300
 12861   56293     42  sub    0     0   0300    0300
 12862   56296     42  sub    0     0   0300    0300
 12863   56299     42  sub    0     0   0300    0300
 12864   56302     42  sub    0     0   0300    0300
 12865   56305     42  sub    0     0   0300    0300
 12866   56308     42  sub    0     0   0300    0300
 12867   56311     42  sub    0     0   0300    0300
 12868   56314     42  sub    0     0   0300    0300
 12869   56317     42  sub    0     0   0300    0300
 12870   56320     42  sub    0     0   0300    0300
 12871   56323     42  sub    0     0   0300    0300
 12872   56326     42  sub    0     0   0300    0300
 12873   56329     42  sub    0     0   0300    0300
 12874   56332     42  sub    0     0   0300    0300
 12875   56335     42  sub    0     0   0300    0300
 12876   56338     42  sub    0     0   0300    0300
 12877   56341     42  sub    0     0   0300    0300
 12878   56344     42  sub    0     0   0300    0300
 12879   56347     42  sub    0     0   0300    0300
 12880   56350     42  sub    0     0   0300    0300
 12881   56353     42  sub    0     0   0300    0300
 12882   56356     42  sub    0     0   0300    0300
 12883   56359     42  sub    0     0   0300    0300
 12884   56362     42  sub    0     0   0300    0300
 12885   56365     42  sub    0     0   0300    0300
 12886   56368     42  sub    0     0   0300    0300
 12887   56371     42  sub    0     0   0300    0300
 12888   56374     42  sub    0     0   0300    0300
 12889   56377     42  sub    0     0   0300    0300
 12890   56380     42  sub    0     0   0300    0300
 12891   56383     42  sub    0     0   0300    0300
 12892   56386     42  sub    0     0   0300    0300
 12893   56389     42  sub    0     0   0300    0300
 12894   56392     42  sub    0     0   0300    0300
 12895   56395     42  sub    0     0   0300    0300
 12896   56398     42  sub    0     0   0300    0300
 12897   56401     42  sub    0     0   0300    0300
 12898   56404     42  sub    0     0   0300    0300
 12899   56407     42  sub    0     0   0300    0300
 12900   56410     42  sub    0     0   0300    0300
 12901   56413     42  sub    0     0   0300    0300
 12902   56416     42  sub    0     0   0300    0300
 12903   56419     42  sub    0     0   0300    0300
 12904   56422     42  sub    0     0   0300    0300
 12905   56425     42  sub    0     0   0300    0300
 12906   56428     42  sub    0     0   0300    0300
 12907   56431     42  sub    0     0   0300    0300
 12908   56434     42  sub    0     0   0300    0300
 12909   56437     42  sub    0     0   0300    0300
 12910   56440     42  sub    0     0   0300    0300
 12911   56443     42  sub    0     0   0300    0300
 12912   56446     42  sub    0     0   0300    0300
 12913   56449     42  sub    0     0   0300    0300
 12914   56452     42  sub    0     0   0300    0300
 12915   56455     42  sub    0     0   0300    0300
 12916   56458     42  sub    0     0   0300    0300
 12917   56461     42  sub    0     0   0300    0300
 12918   56464     42  sub    0     0   0300    0300
 12919   56467     42  sub    0     0   0300    0300
 12920   56470     42  sub    0     0   0300    0300
 12921   56473     42  sub    0     0   0300    0300
 12922   56476     42  sub    0     0   0300    0300
 12923   56479     42  sub    0     0   0300    0300
 12924   56482     42  sub    0     0   0300    0300
 12925   56485     42  sub    0     0   0300    0300
 12926   56488     42  sub    0     0   0300    0300
 12927   56491     42  sub    0     0   0300    0300
 12928   56494     42  sub    0     0   0300    0300
 12929   56497     42  sub    0     0   0300    0300
 12930   56500     42  sub    0     0   0300    0300
 12931   56503     42  sub    0     0   0300    0300
 12932   56506     42  sub    0     0   0300    0300
 12933   56509     42  sub    0     0   0300    0300
 12934   56512     42  sub    0     0   0300    0300
 12935   56515     42  sub    0     0   0300    0300
 12936   56518     42  sub    0     0   0300    0300
 12937   56521     42  sub    0     0   0300    0300
 12938   56524     42  sub    0     0   0300    0300
 12939   56527     42  sub    0     0   0300    0300
 12940   56530     42  sub    0     0   0300    0300
 12941   56533     42  sub    0     0   0300    0300
 12942   56536     42  sub    0     0   0300    0300
 12943   56539     42  sub    0     0   0300    0300
 12944   56542     42  sub    0     0   0300    0300
 12945   56545     42  sub    0     0   0300    0300
 12946   56548     42  sub    0     0   0300    0300
 12947   56551     42  sub    0     0   0300    0300
 12948   56554     42  sub    0     0   0300    0300
 12949   56557     42  sub    0     0   0300    0300
 12950   56560     42  sub    0     0   0300    0300
 12951   56563     42  sub    0     0   0300    0300
 12952   56566     42  sub    0     0   0300    0300
 12953   56569     42  sub    0     0   0300    0300
 12954   56572     42  sub    0     0   0300    0300
 12955   56575     42  sub    0     0   0300    0300
 12956   56578     42  sub    0     0   0300    0300
 12957   56581     42  sub    0     0   0300    0300
 12958   56584     42  sub    0     0   0300    0300
 12959   56587     42  sub    0     0   0300    0300
 12960   56590     42  sub    0     0   0300    0300
 12961   56593     42  sub    0     0   0300    0300
 12962   56596     42  sub    0     0   0300    0300
 12963   56599     42  sub    0     0   0300    0300
 12964   56602     42  sub    0     0   0300    0300
 12965   56605     42  sub    0     0   0300    0300
 12966   56608     42  sub    0     0   0300    0300
 12967   56611     42  sub    0     0   0300    0300
 12968   56614     42  sub    0     0   0300    0300
 12969   56617     42  sub    0     0   0300    0300
 12970   56620     42  sub    0     0   0300    0300
 12971   56623     42  sub    0     0   0300    0300
 12972   56626     42  sub    0     0   0300    0300
 12973   56629     42  sub    0     0   0300    0300
 12974   56632     42  sub    0     0   0300    0300
 12975   56635     42  sub    0     0   0300    0300
 12976   56638     42  sub    0     0   0300    0300
 12977   56641     42  sub    0     0   0300    0300
 12978   56644     42  sub    0     0   0300    0300
 12979   56647     42  sub    0     0   0300    0300
 12980   56650     42  sub    0     0   0300    0300
 12981   56653     42  sub    0     0   0300    0300
 12982   56656     42  sub    0     0   0300    0300
 12983   56659     42  sub    0     0   0300    0300
 12984   56662     42  sub    0     0   0300    0300
 12985   56665     42  sub    0     0   0300    0300
 12986   56668     42  sub    0     0   0300    0300
 12987   56671     42  sub    0     0   0300    0300
 12988   56674     42  sub    0     0   0300    0300
 12989   56677     42  sub    0     0   0300    0300
 12990   56680     42  sub    0     0   0300    0300
 12991   56683     42  sub    0     0   0300    0300
 12992   56686     42  sub    0     0   0300    0300
 12993   56689     42  sub    0     0   0300    0300
 12994   56692     42  sub    0     0   0300    0300
 12995   56695     42  sub    0     0   0300    0300
 12996   56698     42  sub    0     0   0300    0300
 12997   56701     42  sub    0     0   0300    0300
 12998   56704     42  sub    0     0   0300    0300
 12999   56707     42  sub    0     0   0300    0300
 13000   56710     42  sub    0     0   0300    0300
 13001   56713     42  sub    0     0   0300    0300
 13002   56716     42  sub    0     0   0300    0300
 13003   56719     42  sub    0     0   0300    0300
 13004   56722     42  sub    0     0   0300    0300
 13005   56725     42  sub    0     0   0300    0300
 13006   56728     42  sub    0     0   0300    0300
 13007   56731     42  sub    0     0   0300    0300
 13008   56734     42  sub    0     0   0300    0300
 13009   56737     42  sub    0     0   0300    0300
 13010   56740     42  sub    0     0   0300    0300
 13011   56743     42  sub    0     0   0300    0300
 13012   56746     42  sub    0     0   0300    0300
 13013   56749     42  sub    0     0   0300    0300
 13014   56752     42  sub    0     0   0300    0300
 13015   56755     42  sub    0     0   0300    0300
 13016   56758     42  sub    0     0   0300    0300
 13017   56761     42  sub    0     0   0300    0300
 13018   56764     42  sub    0     0   0300    0300
 13019   56767     42  sub    0     0   0300    0300
 13020   56770     42  sub    0     0   0300    0300
 13021   56773     42  sub    0     0   0300    0300
 13022   56776     42  sub    0     0   0300    0300
 13023   56779     42  sub    0     0   0300    0300
 13024   56782     42  sub    0     0   0300    0300
 13025   56785     42  sub    0     0   0300    0300
 13026   56788     42  sub    0     0   0300    0300
 13027   56791     42  sub    0     0   0300    0300
 13028   56794     42  sub    0     0   0300    0300
 13029   56797     42  sub    0     0   0300    0300
 13030   56800     42  sub    0     0   0300    0300
 13031   56803     42  sub    0     0   0300    0300
 13032   56806     42  sub    0     0   0300    0300
 13033   56809     42  sub    0     0   0300    0300
 13034   56812     42  sub    0     0   0300    0300
 13035   56815     42  sub    0     0   0300    0300
 13036   56818     42  sub    0     0   0300    0300
 13037   56821     42  sub    0     0   0300    0300
 13038   56824     42  sub    0     0   0300    0300
 13039   56827     42  sub    0     0   0300    0300
 13040   56830     42  sub    0     0   0300    0300
 13041   56833     42  sub    0     0   0300    0300
 13042   56836     42  sub    0     0   0300    0300
 13043   56839     42  sub    0     0   0300    0300
 13044   56842     42  sub    0     0   0300    0300
 13045   56845     42  sub    0     0   0300    0300
 13046   56848     42  sub    0     0   0300    0300
 13047   56851     42  sub    0     0   0300    0300
 13048   56854     42  sub    0     0   0300    0300
 13049   56857     42  sub    0     0   0300    0300
 13050   56860     42  sub    0     0   0300    0300
 13051   56863     42  sub    0     0   0300    0300
 13052   56866     42  sub    0     0   0300    0300
 13053   56869     42  sub    0     0   0300    0300
 13054   56872     42  sub    0     0   0300    0300
 13055   56875     42  sub    0     0   0300    0300
 13056   56878     42  sub    0     0   0300    0300
 13057   56881     42  sub    0     0   0300    0300
 13058   56884     42  sub    0     0   0300    0300
 13059   56887     42  sub    0     0   0300    0300
 13060   56890     42  sub    0     0   0300    0300
 13061   56893     42  sub    0     0   0300    0300
 13062   56896     42  sub    0     0   0300    0300
 13063   56899     42  sub    0     0   0300    0300
 13064   56902     42  sub    0     0   0300    0300
 13065   56905     42  sub    0     0   0300    0300
 13066   56908     42  sub    0     0   0300    0300
 13067   56911     42  sub    0     0   0300    0300
 13068   56914     42  sub    0     0   0300    0300
 13069   56917     42  sub    0     0   0300    0300
 13070   56920     42  sub    0     0   0300    0300
 13071   56923     42  sub    0     0   0300    0300
 13072   56926     42  sub    0     0   0300    0300
 13073   56929     42  sub    0     0   0300    0300
 13074   56932     42  sub    0     0   0300    0300
 13075   56935     42  sub    0     0   0300    0300
 13076   56938     42  sub    0     0   0300    0300
 13077   56941     42  sub    0     0   0300    0300
 13078   56944     42  sub    0     0   0300    0300
 13079   56947     42  sub    0     0   0300    0300
 13080   56950     42  sub    0     0   0300    0300
 13081   56953     42  sub    0     0   0300    0300
 13082   56956     42  sub    0     0   0300    0300
 13083   56959     42  sub    0     0   0300    0300
 13084   56962     42  sub    0     0   0300    0300
 13085   56965     42  sub    0     0   0300    0300
 13086   56968     42  sub    0     0   0300    0300
 13087   56971     42  sub    0     0   0300    0300
 13088   56974     42  sub    0     0   0300    0300
 13089   56977     42  sub    0     0   0300    0300
 13090   56980     42  sub    0     0   0300    0300
 13091   56983     42  sub    0     0   0300    0300
 13092   56986     42  sub    0     0   0300    0300
 13093   56989     42  sub    0     0   0300    0300
 13094   56992     42  sub    0     0   0300    0300
 13095   56995     42  sub    0     0   0300    0300
 13096   56998     42  sub    0     0   0300    0300
 13097   57001     42  sub    0     0   0300    0300
 13098   57004     42  sub    0     0   0300    0300
 13099   57007     42  sub    0     0   0300    0300
 13100   57010     42  sub    0     0   0300    0300
 13101   57013     42  sub    0     0   0300    0300
 13102   57016     42  sub    0     0   0300    0300
 13103   57019     42  sub    0     0   0300    0300
 13104   57022     42  sub    0     0   0300    0300
 13105   57025     42  sub    0     0   0300    0300
 13106   57028     42  sub    0     0   0300    0300
 13107   57031     42  sub    0     0   0300    0300
 13108   57034     42  sub    0     0   0300    0300
 13109   57037     42  sub    0     0   0300    0300
 13110   57040     42  sub    0     0   0300    0300
 13111   57043     42  sub    0     0   0300    0300
 13112   57046     42  sub    0     0   0300    0300
 13113   57049     42  sub    0     0   0300    0300
 13114   57052     42  sub    0     0   0300    0300
 13115   57055     42  sub    0     0   0300    0300
 13116   57058     42  sub    0     0   0300    0300
 13117   57061     42  sub    0     0   0300    0300
 13118   57064     42  sub    0     0   0300    0300
 13119   57067     42  sub    0     0   0300    0300
 13120   57070     42  sub    0     0   0300    0300
 13121   57073     42  sub    0     0   0300    0300
 13122   57076     42  sub    0     0   0300    0300
 13123   57079     42  sub    0     0   0300    0300
 13124   57082     42  sub    0     0   0300    0300
 13125   57085     42  sub    0     0   0300    0300
 13126   57088     42  sub    0     0   0300    0300
 13127   57091     42  sub    0     0   0300    0300
 13128   57094     42  sub    0     0   0300    0300
 13129   57097     42  sub    0     0   0300    0300
 13130   57100     42  sub    0     0   0300    0300
 13131   57103     42  sub    0     0   0300    0300
 13132   57106     42  sub    0     0   0300    0300
 13133   57109     42  sub    0     0   0300    0300
 13134   57112     42  sub    0     0   0300    0300
 13135   57115     42  sub    0     0   0300    0300
 13136   57118     42  sub    0     0   0300    0300
 13137   57121     42  sub    0     0   0300    0300
 13138   57124     42  sub    0     0   0300    0300
 13139   57127     42  sub    0     0   0300    0300
 13140   57130     42  sub    0     0   0300    0300
 13141   57133     42  sub    0     0   0300    0300
 13142   57136     42  sub    0     0   0300    0300
 13143   57139     42  sub    0     0   0300    0300
 13144   57142     42  sub    0     0   0300    0300
 13145   57145     42  sub    0     0   0300    0300
 13146   57148     42  sub    0     0   0300    0300
 13147   57151     42  sub    0     0   0300    0300
 13148   57154     42  sub    0     0   0300    0300
 13149   57157     42  sub    0     0   0300    0300
 13150   57160     42  sub    0     0   0300    0300
 13151   57163     42  sub    0     0   0300    0300
 13152   57166     42  sub    0     0   0300    0300
 13153   57169     42  sub    0     0   0300    0300
 13154   57172     42  sub    0     0   0300    0300
 13155   57175     42  sub    0     0   0300    0300
 13156   57178     42  sub    0     0   0300    0300
 13157   57181     42  sub    0     0   0300    0300
 13158   57184     42  sub    0     0   0300    0300
 13159   57187     42  sub    0     0   0300    0300
 13160   57190     42  sub    0     0   0300    0300
 13161   57193     42  sub    0     0   0300    0300
 13162   57196     42  sub    0     0   0300    0300
 13163   57199     42  sub    0     0   0300    0300
 13164   57202     42  sub    0     0   0300    0300
 13165   57205     42  sub    0     0   0300    0300
 13166   57208     42  sub    0     0   0300    0300
 13167   57211     42  sub    0     0   0300    0300
 13168   57214     42  sub    0     0   0300    0300
 13169   57217     42  sub    0     0   0300    0300
 13170   57220     42  sub    0     0   0300    0300
 13171   57223     42  sub    0     0   0300    0300
 13172   57226     42  sub    0     0   0300    0300
 13173   57229     42  sub    0     0   0300    0300
 13174   57232     42  sub    0     0   0300    0300
 13175   57235     42  sub    0     0   0300    0300
 13176   57238     42  sub    0     0   0300    0300
 13177   57241     42  sub    0     0   0300    0300
 13178   57244     42  sub    0     0   0300    0300
 13179   57247     42  sub    0     0   0300    0300
 13180   57250     42  sub    0     0   0300    0300
 13181   57253     42  sub    0     0   0300    0300
 13182   57256     42  sub    0     0   0300    0300
 13183   57259     42  sub    0     0   0300    0300
 13184   57262     42  sub    0     0   0300    0300
 13185   57265     42  sub    0     0   0300    0300
 13186   57268     42  sub    0     0   0300    0300
 13187   57271     42  sub    0     0   0300    0300
 13188   57274     42  sub    0     0   0300    0300
 13189   57277     42  sub    0     0   0300    0300
 13190   57280     42  sub    0     0   0300    0300
 13191   57283     42  sub    0     0   0300    0300
 13192   57286     42  sub    0     0   0300    0300
 13193   57289     42  sub    0     0   0300    0300
 13194   57292     42  sub    0     0   0300    0300
 13195   57295     42  sub    0     0   0300    0300
 13196   57298     42  sub    0     0   0300    0300
 13197   57301     42  sub    0     0   0300    0300
 13198   57304     42  sub    0     0   0300    0300
 13199   57307     42  sub    0     0   0300    0300
 13200   57310     42  sub    0     0   0300    0300
 13201   57313     42  sub    0     0   0300    0300
 13202   57316     42  sub    0     0   0300    0300
 13203   57319     42  sub    0     0   0300    0300
 13204   57322     42  sub    0     0   0300    0300
 13205   57325     42  sub    0     0   0300    0300
 13206   57328     42  sub    0     0   0300    0300
 13207   57331     42  sub    0     0   0300    0300
 13208   57334     42  sub    0     0   0300    0300
 13209   57337     42  sub    0     0   0300    0300
 13210   57340     42  sub    0     0   0300    0300
 13211   57343     42  sub    0     0   0300    0300
 13212   57346     42  sub    0     0   0300    0300
 13213   57349     42  sub    0     0   0300    0300
 13214   57352     42  sub    0     0   0300    0300
 13215   57355     42  sub    0     0   0300    0300
 13216   57358     42  sub    0     0   0300    0300
 13217   57361     42  sub    0     0   0300    0300
 13218   57364     42  sub    0     0   0300    0300
 13219   57367     42  sub    0     0   0300    0300
 13220   57370     42  sub    0     0   0300    0300
 13221   57373     42  sub    0     0   0300    0300
 13222   57376     42  sub    0     0   0300    0300
 13223   57379     42  sub    0     0   0300    0300
 13224   57382     42  sub    0     0   0300    0300
 13225   57385     42  sub    0     0   0300    0300
 13226   57388     42  sub    0     0   0300    0300
 13227   57391     42  sub    0     0   0300    0300
 13228   57394     42  sub    0     0   0300    0300
 13229   57397     42  sub    0     0   0300    0300
 13230   57400     42  sub    0     0   0300    0300
 13231   57403     42  sub    0     0   0300    0300
 13232   57406     42  sub    0     0   0300    0300
 13233   57409     42  sub    0     0   0300    0300
 13234   57412     42  sub    0     0   0300    0300
 13235   57415     42  sub    0     0   0300    0300
 13236   57418     42  sub    0     0   0300    0300
 13237   57421     42  sub    0     0   0300    0300
 13238   57424     42  sub    0     0   0300    0300
 13239   57427     42  sub    0     0   0300    0300
 13240   57430     42  sub    0     0   0300    0300
 13241   57433     42  sub    0     0   0300    0300
 13242   57436     42  sub    0     0   0300    0300
 13243   57439     42  sub    0     0   0300    0300
 13244   57442     42  sub    0     0   0300    0300
 13245   57445     42  sub    0     0   0300    0300
 13246   57448     42  sub    0     0   0300    0300
 13247   57451     42  sub    0     0   0300    0300
 13248   57454     42  sub    0     0   0300    0300
 13249   57457     42  sub    0     0   0300    0300
 13250   57460     42  sub    0     0   0300    0300
 13251   57463     42  sub    0     0   0300    0300
 13252   57466     42  sub    0     0   0300    0300
 13253   57469     42  sub    0     0   0300    0300
 13254   57472     42  sub    0     0   0300    0300
 13255   57475     42  sub    0     0   0300    0300
 13256   57478     42  sub    0     0   0300    0300
 13257   57481     42  sub    0     0   0300    0300
 13258   57484     42  sub    0     0   0300    0300
 13259   57487     42  sub    0     0   0300    0300
 13260   57490     42  sub    0     0   0300    0300
 13261   57493     42  sub    0     0   0300    0300
 13262   57496     42  sub    0     0   0300    0300
 13263   57499     42  sub    0     0   0300    0300
 13264   57502     42  sub    0     0   0300    0300
 13265   57505     42  sub    0     0   0300    0300
 13266   57508     42  sub    0     0   0300    0300
 13267   57511     42  sub    0     0   0300    0300
 13268   57514     42  sub    0     0   0300    0300
 13269   57517     42  sub    0     0   0300    0300
 13270   57520     42  sub    0     0   0300    0300
 13271   57523     42  sub    0     0   0300    0300
 13272   57526     42  sub    0     0   0300    0300
 13273   57529     42  sub    0     0   0300    0300
 13274   57532     42  sub    0     0   0300    0300
 13275   57535     42  sub    0     0   0300    0300
 13276   57538     42  sub    0     0   0300    0300
 13277   57541     42  sub    0     0   0300    0300
 13278   57544     42  sub    0     0   0300    0300
 13279   57547     42  sub    0     0   0300    0300
 13280   57550     42  sub    0     0   0300    0300
 13281   57553     42  sub    0     0   0300    0300
 13282   57556     42  sub    0     0   0300    0300
 13283   57559     42  sub    0     0   0300    0300
 13284   57562     42  sub    0     0   0300    0300
 13285   57565     42  sub    0     0   0300    0300
 13286   57568     42  sub    0     0   0300    0300
 13287   57571     42  sub    0     0   0300    0300
 13288   57574     42  sub    0     0   0300    0300
 13289   57577     42  sub    0     0   0300    0300
 13290   57580     42  sub    0     0   0300    0300
 13291   57583     42  sub    0     0   0300    0300
 13292   57586     42  sub    0     0   0300    0300
 13293   57589     42  sub    0     0   0300    0300
 13294   57592     42  sub    0     0   0300    0300
 13295   57595     42  sub    0     0   0300    0300
 13296   57598     42  sub    0     0   0300    0300
 13297   57601     42  sub    0     0   0300    0300
 13298   57604     42  sub    0     0   0300    0300
 13299   57607     42  sub    0     0   0300    0300
 13300   57610     42  sub    0     0   0300    0300
 13301   57613     42  sub    0     0   0300    0300
 13302   57616     42  sub    0     0   0300    0300
 13303   57619     42  sub    0     0   0300    0300
 13304   57622     42  sub    0     0   0300    0300
 13305   57625     42  sub    0     0   0300    0300
 13306   57628     42  sub    0     0   0300    0300
 13307   57631     42  sub    0     0   0300    0300
 13308   57634     42  sub    0     0   0300    0300
 13309   57637     42  sub    0     0   0300    0300
 13310   57640     42  sub    0     0   0300    0300
 13311   57643     42  sub    0     0   0300    0300
 13312   57646     42  sub    0     0   0300    0300
 13313   57649     42  sub    0     0   0300    0300
 13314   57652     42  sub    0     0   0300    0300
 13315   57655     42  sub    0     0   0300    0300
 13316   57658     42  sub    0     0   0300    0300
 13317   57661     42  sub    0     0   0300    0300
 13318   57664     42  sub    0     0   0300    0300
 13319   57667     42  sub    0     0   0300    0300
 13320   57670     42  sub    0     0   0300    0300
 13321   57673     42  sub    0     0   0300    0300
 13322   57676     42  sub    0     0   0300    0300
 13323   57679     42  sub    0     0   0300    0300
 13324   57682     42  sub    0     0   0300    0300
 13325   57685     42  sub    0     0   0300    0300
 13326   57688     42  sub    0     0   0300    0300
 13327   57691     42  sub    0     0   0300    0300
 13328   57694     42  sub    0     0   0300    0300
 13329   57697     42  sub    0     0   0300    0300
 13330   57700     42  sub    0     0   0300    0300
 13331   57703     42  sub    0     0   0300    0300
 13332   57706     42  sub    0     0   0300    0300
 13333   57709     42  sub    0     0   0300    0300
 13334   57712     42  sub    0     0   0300    0300
 13335   57716     42  sub    0     0   0336    0336
 13336  149021     76  sub    0     0   01CE    01CE
 13337  149056     76  sub    0     0   0300    0300
 13338  149059     76  sub    0     0   0300    0300
 13339  149062     76  sub    0     0   0300    0300
 13340  149065     76  sub    0     0   0300    0300
 13341  149068     76  sub    0     0   0300    0300
 13342  149071     76  sub    0     0   0300    0300
 13343  149074     76  sub    0     0   0300    0300
 13344  149077     76  sub    0     0   0300    0300
 13345  149080     76  sub    0     0   0300    0300
 13346  149083     76  sub    0     0   0300    0300
 13347  149086     76  sub    0     0   0300    0300
 13348  149089     76  sub    0     0   0300    0300
 13349  149092     76  sub    0     0   0300    0300
 13350  149095     76  sub    0     0   0300    0300
 13351  149098     76  sub    0     0   0300    0300
 13352  149101     76  sub    0     0   0300    0300
 13353  149104     76  sub    0     0   0300    0300
 13354  149107     76  sub    0     0   0300    0300
 13355  149110     76  sub    0     0   0300    0300
 13356  149113     76  sub    0     0   0300    0300
 13357  149116     76  sub    0     0   0300    0300
 13358  149119     76  sub    0     0   0300    0300
 13359  149122     76  sub    0     0   0300    0300
 13360  149125     76  sub    0     0   0300    0300
 13361  149128     76  sub    0     0   0300    0300
 13362  149131     76  sub    0     0   0300    0300
 13363  149134     76  sub    0     0   0300    0300
 13364  149137     76  sub    0     0   0300    0300
 13365  149140     76  sub    0     0   0300    0300
 13366  149143     76  sub    0     0   0300    0300
 13367  149146     76  sub    0     0   0300    0300
 13368  149149     76  sub    0     0   0300    0300
 13369  149152     76  sub    0     0   0300    0300
 13370  149155     76  sub    0     0   0300    0300
 13371  149158     76  sub    0     0   0300    0300
 13372  149161     76  sub    0     0   0300    0300
 13373  149164     76  sub    0     0   0300    0300
 13374  149167     76  sub    0     0   0300    0300
 13375  149170     76  sub    0     0   0300    0300
 13376  149173     76  sub    0     0   0300    0300
 13377  149176     76  sub    0     0   0300    0300
 13378  149179     76  sub    0     0   0300    0300
 13379  149182     76  sub    0     0   0300    0300
 13380  149185     76  sub    0     0   0300    0300
 13381  149188     76  sub    0     0   0300    0300
 13382  149191     76  sub    0     0   0300    0300
 13383  149194     76  sub    0     0   0300    0300
 13384  149197     76  sub    0     0   0300    0300
 13385  149200     76  sub    0     0   0300    0300
 13386  149203     76  sub    0     0   0300    0300
 13387  149206     76  sub    0     0   0300    0300
 13388  149209     76  sub    0     0   0300    0300
 13389  149212     76  sub    0     0   0300    0300
 13390  149215     76  sub    0     0   0300    0300
 13391  149218     76  sub    0     0   0300    0300
 13392  149221     76  sub    0     0   0300    0300
 13393  149224     76  sub    0     0   0300    0300
 13394  149227     76  sub    0     0   0300    0300
 13395  149230     76  sub    0     0   0300    0300
 13396  149233     76  sub    0     0   0300    0300
 13397  149236     76  sub    0     0   0300    0300
 13398  149239     76  sub    0     0   0300    0300
 13399  149242     76  sub    0     0   0300    0300
 13400  149245     76  sub    0     0   0300    0300
 13401  149248     76  sub    0     0   0300    0300
 13402  149251     76  sub    0     0   0300    0300
 13403  149254     76  sub    0     0   0300    0300
 13404  149257     76  sub    0     0   0300    0300
 13405  149260     76  sub    0     0   0300    0300
 13406  149263     76  sub    0     0   0300    0300
 13407  149266     76  sub    0     0   0300    0300
 13408  149269     76  sub    0     0   0300    0300
 13409  149272     76  sub    0     0   0300    0300
 13410  149275     76  sub    0     0   0300    0300
 13411  149278     76  sub    0     0   0300    0300
 13412  149281     76  sub    0     0   0300    0300
 13413  149284     76  sub    0     0   0300    0300
 13414  149287     76  sub    0     0   0300    0300
 13415  149290     76  sub    0     0   0300    0300
 13416  149293     76  sub    0     0   0300    0300
 13417  149296     76  sub    0     0   0300    0300
 13418  149299     76  sub    0     0   0300    0300
 13419  149302     76  sub    0     0   0300    0300
 13420  149305     76  sub    0     0   0300    0300
 13421  149308     76  sub    0     0   0300    0300
 13422  149311     76  sub    0     0   0300    0300
 13423  149314     76  sub    0     0   0300    0300
 13424  149317     76  sub    0     0   0300    0300
 13425  149320     76  sub    0     0   0300    0300
 13426  149323     76  sub    0     0   0300    0300
 13427  149326     76  sub    0     0   0300    0300
 13428  149329     76  sub    0     0   0300    0300
 13429  149332     76  sub    0     0   0300    0300
 13430  149335     76  sub    0     0   0300    0300
 13431  149338     76  sub    0     0   0300    0300
 13432  149341     76  sub    0     0   0300    0300
 13433  149344     76  sub    0     0   0300    0300
 13434  149347     76  sub    0     0   0300    0300
 13435  149350     76  sub    0     0   0300    0300
 13436  149353     76  sub    0     0   0300    0300
 13437  149356     76  sub    0     0   0300    0300
 13438  149359     76  sub    0     0   0300    0300
 13439  149362     76  sub    0     0   0300    0300
 13440  149365     76  sub    0     0   0300    0300
 13441  149368     76  sub    0     0   0300    0300
 13442  149371     76  sub    0     0   0300    0300
 13443  149374     76  sub    0     0   0300    0300
 13444  149377     76  sub    0     0   0300    0300
 13445  149380     76  sub    0     0   0300    0300
 13446  149383     76  sub    0     0   0300    0300
 13447  149386     76  sub    0     0   0300    0300
 13448  149389     76  sub    0     0   0300    0300
 13449  149392     76  sub    0     0   0300    0300
 13450  149395     76  sub    0     0   0300    0300
 13451  149398     76  sub    0     0   0300    0300
 13452  149401     76  sub    0     0   0300    0300
 13453  149404     76  sub    0     0   0300    0300
 13454  149407     76  sub    0     0   0300    0300
 13455  149410     76  sub    0     0   0300    0300
 13456  149413     76  sub    0     0   0300    0300
 13457  149416     76  sub    0     0   0300    0300
 13458  149419     76  sub    0     0   0300    0300
 13459  149422     76  sub    0     0   0300    0300
 13460  149425     76  sub    0     0   0300    0300
 13461  149428     76  sub    0     0   0300    0300
 13462  149431     76  sub    0     0   0300    0300
 13463  149434     76  sub    0     0   0300    0300
 13464  149437     76  sub    0     0   0300    0300
 13465  149440     76  sub    0     0   0300    0300
 13466  149443     76  sub    0     0   0300    0300
 13467  149446     76  sub    0     0   0300    0300
 13468  149449     76  sub    0     0   0300    0300
 13469  149452     76  sub    0     0   0300    0300
 13470  149455     76  sub    0     0   0300    0300
 13471  149458     76  sub    0     0   0300    0300
 13472  149461     76  sub    0     0   0300    0300
 13473  149464     76  sub    0     0   0300    0300
 13474  149467     76  sub    0     0   0300    0300
 13475  149470     76  sub    0     0   0300    0300
 13476  149473     76  sub    0     0   0300    0300
 13477  149476     76  sub    0     0   0300    0300
 13478  149479     76  sub    0     0   0300    0300
 13479  149482     76  sub    0     0   0300    0300
 13480  149485     76  sub    0     0   0300    0300
 13481  149488     76  sub    0     0   0300    0300
 13482  149491     76  sub    0     0   0300    0300
 13483  149494     76  sub    0     0   0300    0300
 13484  149497     76  sub    0     0   0300    0300
 13485  149500     76  sub    0     0   0300    0300
 13486  149503     76  sub    0     0   0300    0300
 13487  149506     76  sub    0     0   0300    0300
 13488  149509     76  sub    0     0   0300    0300
 13489  149512     76  sub    0     0   0300    0300
 13490  149515     76  sub    0     0   0300    0300
 13491  149518     76  sub    0     0   0300    0300
 13492  149521     76  sub    0     0   0300    0300
 13493  149524     76  sub    0     0   0300    0300
 13494  149527     76  sub    0     0   0300    0300
 13495  149530     76  sub    0     0   0300    0300
 13496  149533     76  sub    0     0   0300    0300
 13497  149536     76  sub    0     0   0300    0300
 13498  149539     76  sub    0     0   0300    0300
 13499  149542     76  sub    0     0   0300    0300
 13500  149545     76  sub    0     0   0300    0300
 13501  149548     76  sub    0     0   0300    0300
 13502  149551     76  sub    0     0   0300    0300
 13503  149554     76  sub    0     0   0300    0300
 13504  149557     76  sub    0     0   0300    0300
 13505  149560     76  sub    0     0   0300    0300
 13506  149563     76  sub    0     0   0300    0300
 13507  149566     76  sub    0     0   0300    0300
 13508  149569     76  sub    0     0   0300    0300
 13509  149572     76  sub    0     0   0300    0300
 13510  149575     76  sub    0     0   0300    0300
 13511  149578     76  sub    0     0   0300    0300
 13512  149581     76  sub    0     0   0300    0300
 13513  149584     76  sub    0     0   0300    0300
 13514  149587     76  sub    0     0   0300    0300
 13515  149590     76  sub    0     0   0300    0300
 13516  149593     76  sub    0     0   0300    0300
 13517  149596     76  sub    0     0   0300    0300
 13518  149599     76  sub    0     0   0300    0300
 13519  149602     76  sub    0     0   0300    0300
 13520  149605     76  sub    0     0   0300    0300
 13521  149608     76  sub    0     0   0300    0300
 13522  149611     76  sub    0     0   0300    0300
 13523  149614     76  sub    0     0   0300    0300
 13524  149617     76  sub    0     0   0300    0300
 13525  149620     76  sub    0     0   0300    0300
 13526  149623     76  sub    0     0   0300    0300
 13527  149626     76  sub    0     0   0300    0300
 13528  149629     76  sub    0     0   0300    0300
 13529  149632     76  sub    0     0   0300    0300
 13530  149635     76  sub    0     0   0300    0300
 13531  149638     76  sub    0     0   0300    0300
 13532  149641     76  sub    0     0   0300    0300
 13533  149644     76  sub    0     0   0300    0300
 13534  149647     76  sub    0     0   0300    0300
 13535  149650     76  sub    0     0   0300    0300
 13536  149653     76  sub    0     0   0300    0300
 13537  149656     76  sub    0     0   0300    0300
 13538  149659     76  sub    0     0   0300    0300
 13539  149662     76  sub    0     0   0300    0300
 13540  149665     76  sub    0     0   0300    0300
 13541  149668     76  sub    0     0   0300    0300
 13542  149671     76  sub    0     0   0300    0300
 13543  149674     76  sub    0     0   0300    0300
 13544  149677     76  sub    0     0   0300    0300
 13545  149680     76  sub    0     0   0300    0300
 13546  149683     76  sub    0     0   0300    0300
 13547  149686     76  sub    0     0   0300    0300
 13548  149689     76  sub    0     0   0300    0300
 13549  149692     76  sub    0     0   0300    0300
 13550  149695     76  sub    0     0   0300    0300
 13551  149698     76  sub    0     0   0300    0300
 13552  149701     76  sub    0     0   0300    0300
 13553  149704     76  sub    0     0   0300    0300
 13554  149707     76  sub    0     0   0300    0300
 13555  149710     76  sub    0     0   0300    0300
 13556  149713     76  sub    0     0   0300    0300
 13557  149716     76  sub    0     0   0300    0300
 13558  149719     76  sub    0     0   0300    0300
 13559  149722     76  sub    0     0   0300    0300
 13560  149725     76  sub    0     0   0300    0300
 13561  149728     76  sub    0     0   0300    0300
 13562  149731     76  sub    0     0   0300    0300
 13563  149734     76  sub    0     0   0300    0300
 13564  149737     76  sub    0     0   0300    0300
 13565  149740     76  sub    0     0   0300    0300
 13566  149743     76  sub    0     0   0300    0300
 13567  149746     76  sub    0     0   0300    0300
 13568  149749     76  sub    0     0   0300    0300
 13569  149752     76  sub    0     0   0300    0300
 13570  149755     76  sub    0     0   0300    0300
 13571  149758     76  sub    0     0   0300    0300
 13572  149761     76  sub    0     0   0300    0300
 13573  149764     76  sub    0     0   0300    0300
 13574  149767     76  sub    0     0   0300    0300
 13575  149770     76  sub    0     0   0300    0300
 13576  149773     76  sub    0     0   0300    0300
 13577  149776     76  sub    0     0   0300    0300
 13578  149779     76  sub    0     0   0300    0300
 13579  149782     76  sub    0     0   0300    0300
 13580  149785     76  sub    0     0   0300    0300
 13581  149788     76  sub    0     0   0300    0300
 13582  149791     76  sub    0     0   0300    0300
 13583  149794     76  sub    0     0   0300    0300
 13584  149797     76  sub    0     0   0300    0300
 13585  149800     76  sub    0     0   0300    0300
 13586  149803     76  sub    0     0   0300    0300
 13587  149806     76  sub    0     0   0300    0300
 13588  149809     76  sub    0     0   0300    0300
 13589  149812     76  sub    0     0   0300    0300
 13590  149815     76  sub    0     0   0300    0300
 13591  149818     76  sub    0     0   0300    0300
 13592  149821     76  sub    0     0   0300    0300
 13593  149825     76  sub    0     0   0336    0336
# 取りこぼし: 0件 / 総イベント数: 13593件

