record	candidate_id	arm	physical_row	char_count	sha256
summary	files_layout_rule_G5_SPLIT63_80DOT_00BLANK_UNITS	L0	-	0	e3b0c44298fc1c149afbf4c8996fb92427ae41e4649b934ca495991b7852b855
row	files_layout_rule_G5_SPLIT63_80DOT_00BLANK_UNITS	L1	0	12	8b19835187d553dc234266490f83982bca67c1f200261e5d395be70ed4114eeb
summary	files_layout_rule_G5_SPLIT63_80DOT_00BLANK_UNITS	L1	-	1	f17b7c035cfa2b1d65855bc94f7aee8302e8d99946c788930f240f840e41245c
row	files_layout_rule_G5_SPLIT63_80DOT_00BLANK_UNITS	L4	0	60	59324f45e521bca8dc675a76e3cf61b06bb9e9c53973af74d9ddafa94c9c3dbb
summary	files_layout_rule_G5_SPLIT63_80DOT_00BLANK_UNITS	L4	-	1	22e87f3989267c9f0b9d56857a6ddeb0e7971be2c3d546dc78147159e082cd8a
row	files_layout_rule_G5_SPLIT63_80DOT_00BLANK_UNITS	L5	0	76	7afed7a92ff5677ff92c86027cf96b1d66727606124bb8c347babf0905825df7
summary	files_layout_rule_G5_SPLIT63_80DOT_00BLANK_UNITS	L5	-	1	210283275e39fd1394ff8bf88261200eb4b988d101783a13c8249a967a22d604
row	files_layout_rule_G5_SPLIT63_80DOT_00BLANK_UNITS	L6	0	76	7afed7a92ff5677ff92c86027cf96b1d66727606124bb8c347babf0905825df7
row	files_layout_rule_G5_SPLIT63_80DOT_00BLANK_UNITS	L6	1	12	be2df4bbb7c2edd01e3590f04f06291e13ffa74810f72b27b18d23f3ace0e36b
summary	files_layout_rule_G5_SPLIT63_80DOT_00BLANK_UNITS	L6	-	2	374a32a364dbecb11e285b96717122dd15b2338a0ac32e0f3a243e6f47b3acc8
row	files_layout_rule_G5_SPLIT63_80DOT_00BLANK_UNITS	L11	0	76	0ed62239b889b06e75cd1032831548821c5778fde3468ada04644b56011eaeb5
row	files_layout_rule_G5_SPLIT63_80DOT_00BLANK_UNITS	L11	1	77	fbac0937a6f0fd0cc903022229e6ada75af3b5a1b1821519e67d2e486031c17f
row	files_layout_rule_G5_SPLIT63_80DOT_00BLANK_UNITS	L11	2	12	21fc711e780ae0fef7971a065e5bb0db989ba96599efcab5ec5c2f7e2f785f56
summary	files_layout_rule_G5_SPLIT63_80DOT_00BLANK_UNITS	L11	-	3	1b272de0cdf9363aef4c67112637ed0611ab476d129454e613ee24ccf95cd64d
row	files_layout_rule_G5_SPLIT63_80DOT_00BLANK_UNITS	L96	0	76	432d9263ff34d58feb69085be2d5a915c4010dd70dde7a5c69f6d686043cd430
row	files_layout_rule_G5_SPLIT63_80DOT_00BLANK_UNITS	L96	1	76	acf0e4ee8ed8ba63c7aee3e3b1369cc920613b0bbfc8a28809ea170c3ff6da7a
row	files_layout_rule_G5_SPLIT63_80DOT_00BLANK_UNITS	L96	2	76	e890e6c8ce30e0255ed4d6f1b146bedb476770ef308cd8263156de4c4392cfad
row	files_layout_rule_G5_SPLIT63_80DOT_00BLANK_UNITS	L96	3	76	b6c37dced16389b4a6b1a2bdccf107e91870cbea1965c714ff873660fe8ad96d
row	files_layout_rule_G5_SPLIT63_80DOT_00BLANK_UNITS	L96	4	76	26b586d7ec53de4ce9e70d7ef5b866e58980791e495888bedb4a40f841096bfe
row	files_layout_rule_G5_SPLIT63_80DOT_00BLANK_UNITS	L96	5	76	f943998f4df5fca86f9b1b55d97dcd356991b9833270936998eebfd9fa084069
row	files_layout_rule_G5_SPLIT63_80DOT_00BLANK_UNITS	L96	6	76	e099d90fef8b2f11d290d562c7aaac72fe8499e6a491889b9fee1efbab643845
row	files_layout_rule_G5_SPLIT63_80DOT_00BLANK_UNITS	L96	7	76	5b8499c1d6e5bfa3aa43ae7490fb4a72d131d66a450a4090ea4979d41ee1a502
row	files_layout_rule_G5_SPLIT63_80DOT_00BLANK_UNITS	L96	8	76	56ec646acb71fee0bbe14ca718ec20eaf6da9b6df2b42e6ca1d76a6939881c90
row	files_layout_rule_G5_SPLIT63_80DOT_00BLANK_UNITS	L96	9	76	1e28ad2ed3c707796772e40cd932459ab4311747c6588d2a9b9d8f20b82934e3
row	files_layout_rule_G5_SPLIT63_80DOT_00BLANK_UNITS	L96	10	76	45fa3650b765ffd58b6aed0ceb57ed0eaea306ded5843e986b0465dd11eb28c1
row	files_layout_rule_G5_SPLIT63_80DOT_00BLANK_UNITS	L96	11	76	6d12730f3aa89bcb844526ccf797d6412f46d148dbc372b4bfb7485d59959c6b
row	files_layout_rule_G5_SPLIT63_80DOT_00BLANK_UNITS	L96	12	76	7c18aa74a94dbd1aba788b1adbee28080fd2a47b77b16f6063c930f52afd1cc7
row	files_layout_rule_G5_SPLIT63_80DOT_00BLANK_UNITS	L96	13	76	518fd0682181951f3cf866556962e64c084b928a3b6636751f5be5c2e772322d
row	files_layout_rule_G5_SPLIT63_80DOT_00BLANK_UNITS	L96	14	76	6610f3afc58101bfb90bdbed2e3b5bcc20e4d0d4cb175282b571dce562e53785
row	files_layout_rule_G5_SPLIT63_80DOT_00BLANK_UNITS	L96	15	76	920914ee4b4e247e16e9e1649779aedc3b485050e1755b63550710750477ea00
row	files_layout_rule_G5_SPLIT63_80DOT_00BLANK_UNITS	L96	16	76	8fe94d8993b6cd0ab377716cacc55ae5dc19dfec938faf9f5d965b882f095fdd
row	files_layout_rule_G5_SPLIT63_80DOT_00BLANK_UNITS	L96	17	12	0a899fe6dc7a37caa7e1f2682e4bdfafc3926c3dfae422e59e0788e3f01b8ab9
summary	files_layout_rule_G5_SPLIT63_80DOT_00BLANK_UNITS	L96	-	18	95b8c8ce17e3ee87046996ae645b9b5e37a280c328f01bfb6081eb6e1deb831c
summary	files_layout_rule_G5_SPLIT63_80DOT_00BLANK_SECTORS	L0	-	0	e3b0c44298fc1c149afbf4c8996fb92427ae41e4649b934ca495991b7852b855
row	files_layout_rule_G5_SPLIT63_80DOT_00BLANK_SECTORS	L1	0	12	8b19835187d553dc234266490f83982bca67c1f200261e5d395be70ed4114eeb
summary	files_layout_rule_G5_SPLIT63_80DOT_00BLANK_SECTORS	L1	-	1	f17b7c035cfa2b1d65855bc94f7aee8302e8d99946c788930f240f840e41245c
row	files_layout_rule_G5_SPLIT63_80DOT_00BLANK_SECTORS	L4	0	60	59324f45e521bca8dc675a76e3cf61b06bb9e9c53973af74d9ddafa94c9c3dbb
summary	files_layout_rule_G5_SPLIT63_80DOT_00BLANK_SECTORS	L4	-	1	22e87f3989267c9f0b9d56857a6ddeb0e7971be2c3d546dc78147159e082cd8a
row	files_layout_rule_G5_SPLIT63_80DOT_00BLANK_SECTORS	L5	0	76	7afed7a92ff5677ff92c86027cf96b1d66727606124bb8c347babf0905825df7
summary	files_layout_rule_G5_SPLIT63_80DOT_00BLANK_SECTORS	L5	-	1	210283275e39fd1394ff8bf88261200eb4b988d101783a13c8249a967a22d604
row	files_layout_rule_G5_SPLIT63_80DOT_00BLANK_SECTORS	L6	0	76	7afed7a92ff5677ff92c86027cf96b1d66727606124bb8c347babf0905825df7
row	files_layout_rule_G5_SPLIT63_80DOT_00BLANK_SECTORS	L6	1	12	be2df4bbb7c2edd01e3590f04f06291e13ffa74810f72b27b18d23f3ace0e36b
summary	files_layout_rule_G5_SPLIT63_80DOT_00BLANK_SECTORS	L6	-	2	374a32a364dbecb11e285b96717122dd15b2338a0ac32e0f3a243e6f47b3acc8
row	files_layout_rule_G5_SPLIT63_80DOT_00BLANK_SECTORS	L11	0	76	0ed62239b889b06e75cd1032831548821c5778fde3468ada04644b56011eaeb5
row	files_layout_rule_G5_SPLIT63_80DOT_00BLANK_SECTORS	L11	1	77	cb2335398a5368a4c9ef2ff8cc28a1a22a4049361b9bbb8501ea1f17d8dcee68
row	files_layout_rule_G5_SPLIT63_80DOT_00BLANK_SECTORS	L11	2	12	39be8d51959d7e8bfa493f88b1196f5d20e22bd958a9fcb7b61ec1f72bc50538
summary	files_layout_rule_G5_SPLIT63_80DOT_00BLANK_SECTORS	L11	-	3	5c96e9cb2ffce144834bfc5b146354f9883f815ba150695df21d6ac324605f68
row	files_layout_rule_G5_SPLIT63_80DOT_00BLANK_SECTORS	L96	0	76	432d9263ff34d58feb69085be2d5a915c4010dd70dde7a5c69f6d686043cd430
row	files_layout_rule_G5_SPLIT63_80DOT_00BLANK_SECTORS	L96	1	76	acf0e4ee8ed8ba63c7aee3e3b1369cc920613b0bbfc8a28809ea170c3ff6da7a
row	files_layout_rule_G5_SPLIT63_80DOT_00BLANK_SECTORS	L96	2	76	e890e6c8ce30e0255ed4d6f1b146bedb476770ef308cd8263156de4c4392cfad
row	files_layout_rule_G5_SPLIT63_80DOT_00BLANK_SECTORS	L96	3	76	b6c37dced16389b4a6b1a2bdccf107e91870cbea1965c714ff873660fe8ad96d
row	files_layout_rule_G5_SPLIT63_80DOT_00BLANK_SECTORS	L96	4	76	26b586d7ec53de4ce9e70d7ef5b866e58980791e495888bedb4a40f841096bfe
row	files_layout_rule_G5_SPLIT63_80DOT_00BLANK_SECTORS	L96	5	76	f943998f4df5fca86f9b1b55d97dcd356991b9833270936998eebfd9fa084069
row	files_layout_rule_G5_SPLIT63_80DOT_00BLANK_SECTORS	L96	6	76	e099d90fef8b2f11d290d562c7aaac72fe8499e6a491889b9fee1efbab643845
row	files_layout_rule_G5_SPLIT63_80DOT_00BLANK_SECTORS	L96	7	76	5b8499c1d6e5bfa3aa43ae7490fb4a72d131d66a450a4090ea4979d41ee1a502
row	files_layout_rule_G5_SPLIT63_80DOT_00BLANK_SECTORS	L96	8	76	56ec646acb71fee0bbe14ca718ec20eaf6da9b6df2b42e6ca1d76a6939881c90
row	files_layout_rule_G5_SPLIT63_80DOT_00BLANK_SECTORS	L96	9	76	1e28ad2ed3c707796772e40cd932459ab4311747c6588d2a9b9d8f20b82934e3
row	files_layout_rule_G5_SPLIT63_80DOT_00BLANK_SECTORS	L96	10	76	45fa3650b765ffd58b6aed0ceb57ed0eaea306ded5843e986b0465dd11eb28c1
row	files_layout_rule_G5_SPLIT63_80DOT_00BLANK_SECTORS	L96	11	76	6d12730f3aa89bcb844526ccf797d6412f46d148dbc372b4bfb7485d59959c6b
row	files_layout_rule_G5_SPLIT63_80DOT_00BLANK_SECTORS	L96	12	76	7c18aa74a94dbd1aba788b1adbee28080fd2a47b77b16f6063c930f52afd1cc7
row	files_layout_rule_G5_SPLIT63_80DOT_00BLANK_SECTORS	L96	13	76	518fd0682181951f3cf866556962e64c084b928a3b6636751f5be5c2e772322d
row	files_layout_rule_G5_SPLIT63_80DOT_00BLANK_SECTORS	L96	14	76	6610f3afc58101bfb90bdbed2e3b5bcc20e4d0d4cb175282b571dce562e53785
row	files_layout_rule_G5_SPLIT63_80DOT_00BLANK_SECTORS	L96	15	76	920914ee4b4e247e16e9e1649779aedc3b485050e1755b63550710750477ea00
row	files_layout_rule_G5_SPLIT63_80DOT_00BLANK_SECTORS	L96	16	76	8fe94d8993b6cd0ab377716cacc55ae5dc19dfec938faf9f5d965b882f095fdd
row	files_layout_rule_G5_SPLIT63_80DOT_00BLANK_SECTORS	L96	17	12	0a899fe6dc7a37caa7e1f2682e4bdfafc3926c3dfae422e59e0788e3f01b8ab9
summary	files_layout_rule_G5_SPLIT63_80DOT_00BLANK_SECTORS	L96	-	18	95b8c8ce17e3ee87046996ae645b9b5e37a280c328f01bfb6081eb6e1deb831c
summary	files_layout_rule_G5_SPLIT63_80DOT_00BLANK_NONE	L0	-	0	e3b0c44298fc1c149afbf4c8996fb92427ae41e4649b934ca495991b7852b855
row	files_layout_rule_G5_SPLIT63_80DOT_00BLANK_NONE	L1	0	7	032440120e52e369061a3c58cde7eb887d6b985586c816f084be0af6ab65b774
summary	files_layout_rule_G5_SPLIT63_80DOT_00BLANK_NONE	L1	-	1	5f239d317243e74af720268dbd942ce6970dc27cb3dd64b308898e4d23bc7ddc
row	files_layout_rule_G5_SPLIT63_80DOT_00BLANK_NONE	L4	0	58	c3b97378aa24d81bddb963ad0a68efca0046cb7cf92448a062121b318d7ad28e
summary	files_layout_rule_G5_SPLIT63_80DOT_00BLANK_NONE	L4	-	1	d2b6fd930403870d056c4aa35b8a3b8dbf5e047c04734bcbc8be17cb98208f64
row	files_layout_rule_G5_SPLIT63_80DOT_00BLANK_NONE	L5	0	74	7aad05ff6df62545640bd106f2c83dbd4193fcd137cb20418e6ec4a3e8100d00
summary	files_layout_rule_G5_SPLIT63_80DOT_00BLANK_NONE	L5	-	1	6088c44cac18e1849f3532ffe12797f20352f63b02b98ba797d29afc29dfda12
row	files_layout_rule_G5_SPLIT63_80DOT_00BLANK_NONE	L6	0	74	7aad05ff6df62545640bd106f2c83dbd4193fcd137cb20418e6ec4a3e8100d00
row	files_layout_rule_G5_SPLIT63_80DOT_00BLANK_NONE	L6	1	10	14d0052dd9a831874697da4240d60400f19ff482d85c3745f9d2b6e568a1084f
summary	files_layout_rule_G5_SPLIT63_80DOT_00BLANK_NONE	L6	-	2	4442dc7260b2fb97aeab012863505a4424e80d5fe1b250a31981f4256294a883
row	files_layout_rule_G5_SPLIT63_80DOT_00BLANK_NONE	L11	0	71	088c4fb72b832ba5d8145df647972fb3870a5cdb42d9f2141783a7d82091460e
row	files_layout_rule_G5_SPLIT63_80DOT_00BLANK_NONE	L11	1	73	6a6c0b4e338c9705c95c9a2a1661a6077305fcd4efc73ecf765202dc72a44633
row	files_layout_rule_G5_SPLIT63_80DOT_00BLANK_NONE	L11	2	9	f451dd2343fd0bb30fcefcd8d8507563fac724f057a321067caeb371d803a278
summary	files_layout_rule_G5_SPLIT63_80DOT_00BLANK_NONE	L11	-	3	52692e4551d4f0c8d3fb6cf11117703acc26cbd89bf3daaab544d5c494fc4ebe
row	files_layout_rule_G5_SPLIT63_80DOT_00BLANK_NONE	L96	0	74	7cf49a20d72ecff6285125c1f0eede4fe1718315d05444ad24c4e42c8fa97573
row	files_layout_rule_G5_SPLIT63_80DOT_00BLANK_NONE	L96	1	74	143f275fb227be3e7d8ea02aa24721f6ffe22948b23a17ecb161a380a4c92b1f
row	files_layout_rule_G5_SPLIT63_80DOT_00BLANK_NONE	L96	2	74	1a8a567980843508152d61f11f8833ea6f47b586cf2e00481411f0c257b67caa
row	files_layout_rule_G5_SPLIT63_80DOT_00BLANK_NONE	L96	3	74	5f3ed324afb9039d13a25da867247948ad11ac4fb5e5a891dbf76b643124bbc9
row	files_layout_rule_G5_SPLIT63_80DOT_00BLANK_NONE	L96	4	74	85d84bccd3b5c440fa65925ada404be0fb595acfd47a14e4d299934285f72e90
row	files_layout_rule_G5_SPLIT63_80DOT_00BLANK_NONE	L96	5	74	cf4d8c6ab886fdfa951396bd185abcdb3e2af2e7b757b294d0551e229bbb4fd6
row	files_layout_rule_G5_SPLIT63_80DOT_00BLANK_NONE	L96	6	74	5b387bac2a8516971104bf5d3150ff76c2fc9f46d77ea46348ec50dad9736908
row	files_layout_rule_G5_SPLIT63_80DOT_00BLANK_NONE	L96	7	74	6f25dff6b5333b3c940242c69c22ed1d2acf8b7820c126787fb9bf8ede74325e
row	files_layout_rule_G5_SPLIT63_80DOT_00BLANK_NONE	L96	8	74	c6ad434f4b23a4491ca5a74be329e5265b5a7cf5698cb6366360e40ee604423e
row	files_layout_rule_G5_SPLIT63_80DOT_00BLANK_NONE	L96	9	74	8ead9f891b2bc0e9ca98a5a883017ea2ea51f03a8b15e3fc34ace8c049e724ef
row	files_layout_rule_G5_SPLIT63_80DOT_00BLANK_NONE	L96	10	74	48788b72a715248dfbec55ceaa252b232341fa4960ed4147cc887113bb30ddaf
row	files_layout_rule_G5_SPLIT63_80DOT_00BLANK_NONE	L96	11	74	1dfed325241fc1bd467bbca5cd59ab2ce6f42bc089e6553fe7741a9bf30df9df
row	files_layout_rule_G5_SPLIT63_80DOT_00BLANK_NONE	L96	12	74	eec6b50645031d76125ff19d9ab46818091eef6455d3489131292339839b4ebf
row	files_layout_rule_G5_SPLIT63_80DOT_00BLANK_NONE	L96	13	74	19b44ce38de0a55bd45ef6365f4801204f7d30255708e94e8b583ed0da7fa6cd
row	files_layout_rule_G5_SPLIT63_80DOT_00BLANK_NONE	L96	14	74	1139d41debb36b0ec8124ccb0e158ec3536d147155020c6a452daf71d42d0eaa
row	files_layout_rule_G5_SPLIT63_80DOT_00BLANK_NONE	L96	15	74	a0b0d787d9eae4c5c9e97bee7a509a0063a0363a458e23b5daf0cc0c93bb6c49
row	files_layout_rule_G5_SPLIT63_80DOT_00BLANK_NONE	L96	16	74	57a6b2292a34a03538f7a1f76109db60d6dcf51807132766bc4526b28f759b52
row	files_layout_rule_G5_SPLIT63_80DOT_00BLANK_NONE	L96	17	10	38cc178da03edac1820af527289441ccd90e4a68c844e979d54dd0b31089ccb2
summary	files_layout_rule_G5_SPLIT63_80DOT_00BLANK_NONE	L96	-	18	bea133aa7a6a66984d8202aba4c833a016f9cfde551ebbf35ab3d8c39552eb9d
summary	files_layout_rule_G5_SPLIT63_80BLANK_00DOT_UNITS	L0	-	0	e3b0c44298fc1c149afbf4c8996fb92427ae41e4649b934ca495991b7852b855
row	files_layout_rule_G5_SPLIT63_80BLANK_00DOT_UNITS	L1	0	12	898a86928e13d2d8a20712fcae09a74c8fa44aa74a5e7eaf0cbc45f9ba557638
summary	files_layout_rule_G5_SPLIT63_80BLANK_00DOT_UNITS	L1	-	1	803426cd9fa826ca22d01671acdad76515d27807ffcc6e975ac08d102d1ac1b0
row	files_layout_rule_G5_SPLIT63_80BLANK_00DOT_UNITS	L4	0	60	dc03f4fe43fa4a1ef4861dd5edcb8aebf0de13ad85cbebec12db6267a0e7c0fb
summary	files_layout_rule_G5_SPLIT63_80BLANK_00DOT_UNITS	L4	-	1	5845386efb186e6b7a6f47632e6ccd7fa3ef873290a9b853b70594ef84a6b80c
row	files_layout_rule_G5_SPLIT63_80BLANK_00DOT_UNITS	L5	0	76	6040aed6323cc7f1fdee681e2705a28c757c6a384954075d2c7039d9ac0e2a43
summary	files_layout_rule_G5_SPLIT63_80BLANK_00DOT_UNITS	L5	-	1	dfdcad946cb4e11e496f2ae4bd7139a975bf13055f07bfab4ef6f2a46cf48c26
row	files_layout_rule_G5_SPLIT63_80BLANK_00DOT_UNITS	L6	0	76	6040aed6323cc7f1fdee681e2705a28c757c6a384954075d2c7039d9ac0e2a43
row	files_layout_rule_G5_SPLIT63_80BLANK_00DOT_UNITS	L6	1	12	ce3f0fb74253813667d2403a839b542ee1c2fdccb4139c36c69fbcedce644edd
summary	files_layout_rule_G5_SPLIT63_80BLANK_00DOT_UNITS	L6	-	2	de6da96c9dadbefb2b6fa43ecc804e33461925da8853114491e930dbbf863318
row	files_layout_rule_G5_SPLIT63_80BLANK_00DOT_UNITS	L11	0	76	5b99bc80800668f10dec475a99c652845518d1dc6cf6579c6f3ddd5d866cf31b
row	files_layout_rule_G5_SPLIT63_80BLANK_00DOT_UNITS	L11	1	77	eaea9cb79edb4a89b4af7a0f4dfe69546c61195e3de6e120194b7c66ea4bcc7f
row	files_layout_rule_G5_SPLIT63_80BLANK_00DOT_UNITS	L11	2	12	e683cb8b72d7c426628079ad3bebca9f59792162723ba30026dc6445193fb25f
summary	files_layout_rule_G5_SPLIT63_80BLANK_00DOT_UNITS	L11	-	3	761e39a2b48a53e9dd5a60623cd1b7012179408e65125bcc56bbd284a92a7ba6
row	files_layout_rule_G5_SPLIT63_80BLANK_00DOT_UNITS	L96	0	76	53bd3564ebfcd0db1bb597ba20a9cb70703370a48262a48a041bf55ba29c2bac
row	files_layout_rule_G5_SPLIT63_80BLANK_00DOT_UNITS	L96	1	76	6b7cc4361fe87543a6766148a4e07561b451c60b4d655716e40025220a018e93
row	files_layout_rule_G5_SPLIT63_80BLANK_00DOT_UNITS	L96	2	76	c70a6f9674131483053faacb92dc6cdeead77c13b643974d1c6d909a47491268
row	files_layout_rule_G5_SPLIT63_80BLANK_00DOT_UNITS	L96	3	76	6c1bbe5a99e3a64b9e13f518cc35ecbd2a6b7be58724547d0c0d548a3178e67f
row	files_layout_rule_G5_SPLIT63_80BLANK_00DOT_UNITS	L96	4	76	c321bc551ea7797d003b51a4e993593cc441bf5af4feec50fa99c0e78f6db225
row	files_layout_rule_G5_SPLIT63_80BLANK_00DOT_UNITS	L96	5	76	0a2db34b845063798be2f5e33c557d65969fca4105a6b71b7600125b221ccff9
row	files_layout_rule_G5_SPLIT63_80BLANK_00DOT_UNITS	L96	6	76	7824d38dca37aeb4d799723ee9f77b330c213c73c879e700a2e60152158acbfb
row	files_layout_rule_G5_SPLIT63_80BLANK_00DOT_UNITS	L96	7	76	e152b0de7a20ef2106d8c5cc758d3d3810f0ff58848b439528c92ebd5a4bcc67
row	files_layout_rule_G5_SPLIT63_80BLANK_00DOT_UNITS	L96	8	76	2382347ec18ecbc9550a9436b828a27f1a75e9b3d93d6a0dec8551fe4ed38362
row	files_layout_rule_G5_SPLIT63_80BLANK_00DOT_UNITS	L96	9	76	164d2bb598167ca4a45470116bb4c4f86ac35ddf23aad032eb8adc52296c463a
row	files_layout_rule_G5_SPLIT63_80BLANK_00DOT_UNITS	L96	10	76	0fc790b634042889a90e3529493d729d4deb35155863e7fe9ef3ebfdf85728a9
row	files_layout_rule_G5_SPLIT63_80BLANK_00DOT_UNITS	L96	11	76	a5fc256410cea95b7776329f2886c3106a6d9d3d0644179df2a943ee3bcce2bd
row	files_layout_rule_G5_SPLIT63_80BLANK_00DOT_UNITS	L96	12	76	0a2612724d6f0bd9a6e00002774daa6af503693c01ab8ac29741c00d2df4ab60
row	files_layout_rule_G5_SPLIT63_80BLANK_00DOT_UNITS	L96	13	76	85f2216c07374930592d2be78ee84cc4008dc9454a8c3b5ca2efc11bf9cb1359
row	files_layout_rule_G5_SPLIT63_80BLANK_00DOT_UNITS	L96	14	76	27695218bb45957a505b968dc71cf2508bfffc8a59ffcdc09ecce1c9e353d174
row	files_layout_rule_G5_SPLIT63_80BLANK_00DOT_UNITS	L96	15	76	f1e98d504bd4f68aef84bd136ca5300ed42cffbac0430ac702479817072e4fe6
row	files_layout_rule_G5_SPLIT63_80BLANK_00DOT_UNITS	L96	16	76	46b5d01c202d14f655fa1e27b08bf5d0b7289dad14f1b354519127f2a68f83c9
row	files_layout_rule_G5_SPLIT63_80BLANK_00DOT_UNITS	L96	17	12	68027c99a48bf5a43177be5d5ab4490dfbfa9f0f3bf241029fe8def710f9e0d1
summary	files_layout_rule_G5_SPLIT63_80BLANK_00DOT_UNITS	L96	-	18	26b8c74dbeaa39b4f590cae986945f0b30fa8d03b61fe8f0a65137afe3637820
summary	files_layout_rule_G5_SPLIT63_80BLANK_00DOT_SECTORS	L0	-	0	e3b0c44298fc1c149afbf4c8996fb92427ae41e4649b934ca495991b7852b855
row	files_layout_rule_G5_SPLIT63_80BLANK_00DOT_SECTORS	L1	0	12	898a86928e13d2d8a20712fcae09a74c8fa44aa74a5e7eaf0cbc45f9ba557638
summary	files_layout_rule_G5_SPLIT63_80BLANK_00DOT_SECTORS	L1	-	1	803426cd9fa826ca22d01671acdad76515d27807ffcc6e975ac08d102d1ac1b0
row	files_layout_rule_G5_SPLIT63_80BLANK_00DOT_SECTORS	L4	0	60	dc03f4fe43fa4a1ef4861dd5edcb8aebf0de13ad85cbebec12db6267a0e7c0fb
summary	files_layout_rule_G5_SPLIT63_80BLANK_00DOT_SECTORS	L4	-	1	5845386efb186e6b7a6f47632e6ccd7fa3ef873290a9b853b70594ef84a6b80c
row	files_layout_rule_G5_SPLIT63_80BLANK_00DOT_SECTORS	L5	0	76	6040aed6323cc7f1fdee681e2705a28c757c6a384954075d2c7039d9ac0e2a43
summary	files_layout_rule_G5_SPLIT63_80BLANK_00DOT_SECTORS	L5	-	1	dfdcad946cb4e11e496f2ae4bd7139a975bf13055f07bfab4ef6f2a46cf48c26
row	files_layout_rule_G5_SPLIT63_80BLANK_00DOT_SECTORS	L6	0	76	6040aed6323cc7f1fdee681e2705a28c757c6a384954075d2c7039d9ac0e2a43
row	files_layout_rule_G5_SPLIT63_80BLANK_00DOT_SECTORS	L6	1	12	ce3f0fb74253813667d2403a839b542ee1c2fdccb4139c36c69fbcedce644edd
summary	files_layout_rule_G5_SPLIT63_80BLANK_00DOT_SECTORS	L6	-	2	de6da96c9dadbefb2b6fa43ecc804e33461925da8853114491e930dbbf863318
row	files_layout_rule_G5_SPLIT63_80BLANK_00DOT_SECTORS	L11	0	76	5b99bc80800668f10dec475a99c652845518d1dc6cf6579c6f3ddd5d866cf31b
row	files_layout_rule_G5_SPLIT63_80BLANK_00DOT_SECTORS	L11	1	77	5bb0a040a8defc4448bdac5c035db3b7f221de3fdaea59ef37241f3cbc38e336
row	files_layout_rule_G5_SPLIT63_80BLANK_00DOT_SECTORS	L11	2	12	5e8613bc3856af698d6a5855741a859fb7cd876ac56e75d053d6708923bb02df
summary	files_layout_rule_G5_SPLIT63_80BLANK_00DOT_SECTORS	L11	-	3	b58cef53be2a985bf2a361a07e4524e1d9876f84af289c27be0e7fea2d0dcad4
row	files_layout_rule_G5_SPLIT63_80BLANK_00DOT_SECTORS	L96	0	76	53bd3564ebfcd0db1bb597ba20a9cb70703370a48262a48a041bf55ba29c2bac
row	files_layout_rule_G5_SPLIT63_80BLANK_00DOT_SECTORS	L96	1	76	6b7cc4361fe87543a6766148a4e07561b451c60b4d655716e40025220a018e93
row	files_layout_rule_G5_SPLIT63_80BLANK_00DOT_SECTORS	L96	2	76	c70a6f9674131483053faacb92dc6cdeead77c13b643974d1c6d909a47491268
row	files_layout_rule_G5_SPLIT63_80BLANK_00DOT_SECTORS	L96	3	76	6c1bbe5a99e3a64b9e13f518cc35ecbd2a6b7be58724547d0c0d548a3178e67f
row	files_layout_rule_G5_SPLIT63_80BLANK_00DOT_SECTORS	L96	4	76	c321bc551ea7797d003b51a4e993593cc441bf5af4feec50fa99c0e78f6db225
row	files_layout_rule_G5_SPLIT63_80BLANK_00DOT_SECTORS	L96	5	76	0a2db34b845063798be2f5e33c557d65969fca4105a6b71b7600125b221ccff9
row	files_layout_rule_G5_SPLIT63_80BLANK_00DOT_SECTORS	L96	6	76	7824d38dca37aeb4d799723ee9f77b330c213c73c879e700a2e60152158acbfb
row	files_layout_rule_G5_SPLIT63_80BLANK_00DOT_SECTORS	L96	7	76	e152b0de7a20ef2106d8c5cc758d3d3810f0ff58848b439528c92ebd5a4bcc67
row	files_layout_rule_G5_SPLIT63_80BLANK_00DOT_SECTORS	L96	8	76	2382347ec18ecbc9550a9436b828a27f1a75e9b3d93d6a0dec8551fe4ed38362
row	files_layout_rule_G5_SPLIT63_80BLANK_00DOT_SECTORS	L96	9	76	164d2bb598167ca4a45470116bb4c4f86ac35ddf23aad032eb8adc52296c463a
row	files_layout_rule_G5_SPLIT63_80BLANK_00DOT_SECTORS	L96	10	76	0fc790b634042889a90e3529493d729d4deb35155863e7fe9ef3ebfdf85728a9
row	files_layout_rule_G5_SPLIT63_80BLANK_00DOT_SECTORS	L96	11	76	a5fc256410cea95b7776329f2886c3106a6d9d3d0644179df2a943ee3bcce2bd
row	files_layout_rule_G5_SPLIT63_80BLANK_00DOT_SECTORS	L96	12	76	0a2612724d6f0bd9a6e00002774daa6af503693c01ab8ac29741c00d2df4ab60
row	files_layout_rule_G5_SPLIT63_80BLANK_00DOT_SECTORS	L96	13	76	85f2216c07374930592d2be78ee84cc4008dc9454a8c3b5ca2efc11bf9cb1359
row	files_layout_rule_G5_SPLIT63_80BLANK_00DOT_SECTORS	L96	14	76	27695218bb45957a505b968dc71cf2508bfffc8a59ffcdc09ecce1c9e353d174
row	files_layout_rule_G5_SPLIT63_80BLANK_00DOT_SECTORS	L96	15	76	f1e98d504bd4f68aef84bd136ca5300ed42cffbac0430ac702479817072e4fe6
row	files_layout_rule_G5_SPLIT63_80BLANK_00DOT_SECTORS	L96	16	76	46b5d01c202d14f655fa1e27b08bf5d0b7289dad14f1b354519127f2a68f83c9
row	files_layout_rule_G5_SPLIT63_80BLANK_00DOT_SECTORS	L96	17	12	68027c99a48bf5a43177be5d5ab4490dfbfa9f0f3bf241029fe8def710f9e0d1
summary	files_layout_rule_G5_SPLIT63_80BLANK_00DOT_SECTORS	L96	-	18	26b8c74dbeaa39b4f590cae986945f0b30fa8d03b61fe8f0a65137afe3637820
summary	files_layout_rule_G5_SPLIT63_80BLANK_00DOT_NONE	L0	-	0	e3b0c44298fc1c149afbf4c8996fb92427ae41e4649b934ca495991b7852b855
row	files_layout_rule_G5_SPLIT63_80BLANK_00DOT_NONE	L1	0	1	666a9ea463a4b593a49bd1c838323e4b6b8df86268af225f0db77611666f45e5
summary	files_layout_rule_G5_SPLIT63_80BLANK_00DOT_NONE	L1	-	1	740407967f0511949f9ca3937b557b1f45373f5e4ff2c58734ba8eac501547ea
row	files_layout_rule_G5_SPLIT63_80BLANK_00DOT_NONE	L4	0	58	991dfcb06650f696380597e9ec3632179bb9c0d8fc9c66cb7712bee33555c002
summary	files_layout_rule_G5_SPLIT63_80BLANK_00DOT_NONE	L4	-	1	d2c8836e26007acbfd71597d9ac70a42501d3a447f4f07eca246a22583a6d1de
row	files_layout_rule_G5_SPLIT63_80BLANK_00DOT_NONE	L5	0	74	767bb1293ad84eacdb4d3580e495c7767dd4fa1db09dd2f1a6de108fae22cfb4
summary	files_layout_rule_G5_SPLIT63_80BLANK_00DOT_NONE	L5	-	1	6093826d66af2195cca1210c64e0c656c79e3e718617ed4bcf43bd9c3ac5768e
row	files_layout_rule_G5_SPLIT63_80BLANK_00DOT_NONE	L6	0	74	767bb1293ad84eacdb4d3580e495c7767dd4fa1db09dd2f1a6de108fae22cfb4
row	files_layout_rule_G5_SPLIT63_80BLANK_00DOT_NONE	L6	1	10	53b9928b400642e98d9dad57fc0754324866a01459fe9a39840d15e22e0ff6b4
summary	files_layout_rule_G5_SPLIT63_80BLANK_00DOT_NONE	L6	-	2	538a3f331ee4121c1a15c3607fce6fde05588465c8cde6720f4c0d2bcddd5e63
row	files_layout_rule_G5_SPLIT63_80BLANK_00DOT_NONE	L11	0	69	88d56de85f3b447dde7915aeb4e6506e8a29530e05d518613d8c78ac96a00010
row	files_layout_rule_G5_SPLIT63_80BLANK_00DOT_NONE	L11	1	73	fa046cef639c7d5729be19594200da3be2c9ebdf0689381cb0ecb6060977a233
row	files_layout_rule_G5_SPLIT63_80BLANK_00DOT_NONE	L11	2	9	12de7f238ea090acc3d9586b46c587f3c278fb05166e801552eb17f92cfd3254
summary	files_layout_rule_G5_SPLIT63_80BLANK_00DOT_NONE	L11	-	3	c4cda07c8972db1779e10c8ec14d2132053b6bb4d20ffb3b07b78c0fc2755d58
row	files_layout_rule_G5_SPLIT63_80BLANK_00DOT_NONE	L96	0	74	3a7e66543a4aac68949a2fbb298d17e96d2ea46b854b58e8775eea88d3a1d5f9
row	files_layout_rule_G5_SPLIT63_80BLANK_00DOT_NONE	L96	1	74	238d6e38b3010508faec186c8d39ac1aff34292a9583c9b9b6b27cfa49a97f28
row	files_layout_rule_G5_SPLIT63_80BLANK_00DOT_NONE	L96	2	74	1e85a4554298267bb05a24fef112a841cc6fdaf3322f093922df9f07b24bd96b
row	files_layout_rule_G5_SPLIT63_80BLANK_00DOT_NONE	L96	3	74	ed93bc50cc893af3c2e809f9d88173dae192fb29388147205687a8fb13fed1fc
row	files_layout_rule_G5_SPLIT63_80BLANK_00DOT_NONE	L96	4	74	f8af44163dcacd875e1e79056a31420f17405ff98f336eaf4ba001be7621bd04
row	files_layout_rule_G5_SPLIT63_80BLANK_00DOT_NONE	L96	5	74	cb7b139967047e79efc764049758dc999074e8dbe92be408a61b736a3abd2825
row	files_layout_rule_G5_SPLIT63_80BLANK_00DOT_NONE	L96	6	74	541876b4b3e5d8a70bc00e12a120c3829606afecc5c2686509908eff2f15c1a6
row	files_layout_rule_G5_SPLIT63_80BLANK_00DOT_NONE	L96	7	74	4d99b1d6d4e1ef6099f843028989ad8d50e334929e6d46c16017735f700b9b5e
row	files_layout_rule_G5_SPLIT63_80BLANK_00DOT_NONE	L96	8	74	e93b9d8ba953413a393dd749d697d1bf4ea1f8367a142f0361b39191777e3f3e
row	files_layout_rule_G5_SPLIT63_80BLANK_00DOT_NONE	L96	9	74	32d6e4fb23d938a8724d4c5cf68dca0f72fedbd73dfba8c4e7f532384d47abfd
row	files_layout_rule_G5_SPLIT63_80BLANK_00DOT_NONE	L96	10	74	f1d6a08b0353f2ee86a85bb0c8ab39356aacd2c3012c4e7e5fd5cc2a4e7006de
row	files_layout_rule_G5_SPLIT63_80BLANK_00DOT_NONE	L96	11	74	43daf1060c79b0c0b9440e83611c30572b5b35b5949b040ca9964209dacd8225
row	files_layout_rule_G5_SPLIT63_80BLANK_00DOT_NONE	L96	12	74	8de6ef861a54c856c59a41576891bc95034c1c3b7371e4b29cd45a57a3541207
row	files_layout_rule_G5_SPLIT63_80BLANK_00DOT_NONE	L96	13	74	35fd4bacd3f68e0abed541d1bf5c6c4532f3a2b963b7c19dccea1142de793b25
row	files_layout_rule_G5_SPLIT63_80BLANK_00DOT_NONE	L96	14	74	2153612c7839a48003340f4729f03535ff7b07d4ac0a60695c689569b30da64d
row	files_layout_rule_G5_SPLIT63_80BLANK_00DOT_NONE	L96	15	74	8cc3830e7da4b7e50c58e5383fd07c67dc8a3d3c294ad0a484c6faec9d06c5a1
row	files_layout_rule_G5_SPLIT63_80BLANK_00DOT_NONE	L96	16	74	554dbe05931229a67b9232a6d2240137df31fb294bf7ff0107a33cbe7b14b6ab
row	files_layout_rule_G5_SPLIT63_80BLANK_00DOT_NONE	L96	17	10	f548cb928ce60b65e7e67b34b9d8da43092f4ed5f17d6fbd37b67b3f08c1ac11
summary	files_layout_rule_G5_SPLIT63_80BLANK_00DOT_NONE	L96	-	18	6dd947a73c1fdbae75c69083e9db8402bb59eeae45477819a3e98e24feb38d38
summary	files_layout_rule_G5_SPLIT63_BOTHBLANK_UNITS	L0	-	0	e3b0c44298fc1c149afbf4c8996fb92427ae41e4649b934ca495991b7852b855
row	files_layout_rule_G5_SPLIT63_BOTHBLANK_UNITS	L1	0	12	898a86928e13d2d8a20712fcae09a74c8fa44aa74a5e7eaf0cbc45f9ba557638
summary	files_layout_rule_G5_SPLIT63_BOTHBLANK_UNITS	L1	-	1	803426cd9fa826ca22d01671acdad76515d27807ffcc6e975ac08d102d1ac1b0
row	files_layout_rule_G5_SPLIT63_BOTHBLANK_UNITS	L4	0	60	27d38f5a0c60651829d71cdcd93e080256635a0dfacd417adc3fdcce332c008f
summary	files_layout_rule_G5_SPLIT63_BOTHBLANK_UNITS	L4	-	1	390d1c81091af194fcbfb085071fc121ae172ca71177a21372bc44679094149f
row	files_layout_rule_G5_SPLIT63_BOTHBLANK_UNITS	L5	0	76	dae5de29e02ce956c30d28954d826ed0eb7c5ebca9156337972c4f37651fd80f
summary	files_layout_rule_G5_SPLIT63_BOTHBLANK_UNITS	L5	-	1	97c92ef4990c3870e135a7ed07d76625299a8c3415a990ed6de5d220ec61d2e1
row	files_layout_rule_G5_SPLIT63_BOTHBLANK_UNITS	L6	0	76	dae5de29e02ce956c30d28954d826ed0eb7c5ebca9156337972c4f37651fd80f
row	files_layout_rule_G5_SPLIT63_BOTHBLANK_UNITS	L6	1	12	be2df4bbb7c2edd01e3590f04f06291e13ffa74810f72b27b18d23f3ace0e36b
summary	files_layout_rule_G5_SPLIT63_BOTHBLANK_UNITS	L6	-	2	b4aa22d4200555c23a6059f1cbc03c4192c3f37e37bcd0330804924daaa45a3d
row	files_layout_rule_G5_SPLIT63_BOTHBLANK_UNITS	L11	0	76	b7a0101112108009fa05f8682e9ba109b406d9a042abca4f95b454f665423c8e
row	files_layout_rule_G5_SPLIT63_BOTHBLANK_UNITS	L11	1	77	8a04dd87a36ec99a226d0e7e094963666f739518ed8b5b55c4c8eee87fd3dd5a
row	files_layout_rule_G5_SPLIT63_BOTHBLANK_UNITS	L11	2	12	e683cb8b72d7c426628079ad3bebca9f59792162723ba30026dc6445193fb25f
summary	files_layout_rule_G5_SPLIT63_BOTHBLANK_UNITS	L11	-	3	02776c97fc314403a0948f4214599eb45501358102d0e413c2698c4c798e9664
row	files_layout_rule_G5_SPLIT63_BOTHBLANK_UNITS	L96	0	76	5879b4987a99bd3c647365c1c5b26ee668abb2aa171cb7ffda207d6a9f06fb04
row	files_layout_rule_G5_SPLIT63_BOTHBLANK_UNITS	L96	1	76	bbe48eadadb7b111cf70f252f43fe9d6a2668585c4146a342400b01f3a5a1d2a
row	files_layout_rule_G5_SPLIT63_BOTHBLANK_UNITS	L96	2	76	caa7e47182d6de18b0a28b810e022302c58e4c1cad8274ce4edd7ed95a706ad4
row	files_layout_rule_G5_SPLIT63_BOTHBLANK_UNITS	L96	3	76	abb80ad04c1e7b60a4e947a4d7984e020c3241530c8055416a792b61dedc7651
row	files_layout_rule_G5_SPLIT63_BOTHBLANK_UNITS	L96	4	76	6e45e309c0cecf56976cb64ccd9ed1e375cbcf4820b66ad19b54f76f346eef2e
row	files_layout_rule_G5_SPLIT63_BOTHBLANK_UNITS	L96	5	76	d1c9788dd8cf6ef0e9f8ca020a8d1944a81dda983e314e78fe45ffe95b8edc1d
row	files_layout_rule_G5_SPLIT63_BOTHBLANK_UNITS	L96	6	76	13ce080601a3cc2e25cb17b39dc8048b778fe0d5c53601f78a0ad9dbafbf3cff
row	files_layout_rule_G5_SPLIT63_BOTHBLANK_UNITS	L96	7	76	161f013edeaa629400409c32de74de443dfdaa3d2aa52c6b5b5f33780826d17a
row	files_layout_rule_G5_SPLIT63_BOTHBLANK_UNITS	L96	8	76	4c7bcb455e629d1901f57c92e50ac189453361473d474d917099856ec400daa5
row	files_layout_rule_G5_SPLIT63_BOTHBLANK_UNITS	L96	9	76	7ff9a1aeba417ac0903c4fb184aee3abed245d6e0633f7b3153fbe7d9927afd3
row	files_layout_rule_G5_SPLIT63_BOTHBLANK_UNITS	L96	10	76	16ee6e36075e1c5cb0972112fffdaa3a03ade8f76d229d070e72e609977e58fb
row	files_layout_rule_G5_SPLIT63_BOTHBLANK_UNITS	L96	11	76	d97ac1f2d0260665bece561be6db1b79002160c96479b4d298a0d42e2f35bcb4
row	files_layout_rule_G5_SPLIT63_BOTHBLANK_UNITS	L96	12	76	91c2b18746571acd8146da3d0053778d0ed63f7404798ad4e853af50e4f500d1
row	files_layout_rule_G5_SPLIT63_BOTHBLANK_UNITS	L96	13	76	fb0af1d1232125b5330341616adb7ff747fa97937f3b956562714f8d277eca40
row	files_layout_rule_G5_SPLIT63_BOTHBLANK_UNITS	L96	14	76	770365602bea5dabf9aced0a86185627a64ce024b72c380e80d3d5310a00c612
row	files_layout_rule_G5_SPLIT63_BOTHBLANK_UNITS	L96	15	76	2811182f16d8eacf014f0ad4026ddaaf19abe164c76daa18c1630795d6e5d850
row	files_layout_rule_G5_SPLIT63_BOTHBLANK_UNITS	L96	16	76	7dd770c9c89dc9b7c20a02af43acf342347b2bed444d234fd227447c29cf71ca
row	files_layout_rule_G5_SPLIT63_BOTHBLANK_UNITS	L96	17	12	0a899fe6dc7a37caa7e1f2682e4bdfafc3926c3dfae422e59e0788e3f01b8ab9
summary	files_layout_rule_G5_SPLIT63_BOTHBLANK_UNITS	L96	-	18	cdc8fa42034795006a94479e89b7773459d7ebca7d173058ec70c4540d0fa8ee
summary	files_layout_rule_G5_SPLIT63_BOTHBLANK_SECTORS	L0	-	0	e3b0c44298fc1c149afbf4c8996fb92427ae41e4649b934ca495991b7852b855
row	files_layout_rule_G5_SPLIT63_BOTHBLANK_SECTORS	L1	0	12	898a86928e13d2d8a20712fcae09a74c8fa44aa74a5e7eaf0cbc45f9ba557638
summary	files_layout_rule_G5_SPLIT63_BOTHBLANK_SECTORS	L1	-	1	803426cd9fa826ca22d01671acdad76515d27807ffcc6e975ac08d102d1ac1b0
row	files_layout_rule_G5_SPLIT63_BOTHBLANK_SECTORS	L4	0	60	27d38f5a0c60651829d71cdcd93e080256635a0dfacd417adc3fdcce332c008f
summary	files_layout_rule_G5_SPLIT63_BOTHBLANK_SECTORS	L4	-	1	390d1c81091af194fcbfb085071fc121ae172ca71177a21372bc44679094149f
row	files_layout_rule_G5_SPLIT63_BOTHBLANK_SECTORS	L5	0	76	dae5de29e02ce956c30d28954d826ed0eb7c5ebca9156337972c4f37651fd80f
summary	files_layout_rule_G5_SPLIT63_BOTHBLANK_SECTORS	L5	-	1	97c92ef4990c3870e135a7ed07d76625299a8c3415a990ed6de5d220ec61d2e1
row	files_layout_rule_G5_SPLIT63_BOTHBLANK_SECTORS	L6	0	76	dae5de29e02ce956c30d28954d826ed0eb7c5ebca9156337972c4f37651fd80f
row	files_layout_rule_G5_SPLIT63_BOTHBLANK_SECTORS	L6	1	12	be2df4bbb7c2edd01e3590f04f06291e13ffa74810f72b27b18d23f3ace0e36b
summary	files_layout_rule_G5_SPLIT63_BOTHBLANK_SECTORS	L6	-	2	b4aa22d4200555c23a6059f1cbc03c4192c3f37e37bcd0330804924daaa45a3d
row	files_layout_rule_G5_SPLIT63_BOTHBLANK_SECTORS	L11	0	76	b7a0101112108009fa05f8682e9ba109b406d9a042abca4f95b454f665423c8e
row	files_layout_rule_G5_SPLIT63_BOTHBLANK_SECTORS	L11	1	77	296d5b4227aefc3dd684a7035e211124d5278428a46a0c0afc9c0760ec252ef3
row	files_layout_rule_G5_SPLIT63_BOTHBLANK_SECTORS	L11	2	12	5e8613bc3856af698d6a5855741a859fb7cd876ac56e75d053d6708923bb02df
summary	files_layout_rule_G5_SPLIT63_BOTHBLANK_SECTORS	L11	-	3	6b9fe01b9a928911feecda36cbee2f2106c662181acc77b8ed6fffa6eebeaec5
row	files_layout_rule_G5_SPLIT63_BOTHBLANK_SECTORS	L96	0	76	5879b4987a99bd3c647365c1c5b26ee668abb2aa171cb7ffda207d6a9f06fb04
row	files_layout_rule_G5_SPLIT63_BOTHBLANK_SECTORS	L96	1	76	bbe48eadadb7b111cf70f252f43fe9d6a2668585c4146a342400b01f3a5a1d2a
row	files_layout_rule_G5_SPLIT63_BOTHBLANK_SECTORS	L96	2	76	caa7e47182d6de18b0a28b810e022302c58e4c1cad8274ce4edd7ed95a706ad4
row	files_layout_rule_G5_SPLIT63_BOTHBLANK_SECTORS	L96	3	76	abb80ad04c1e7b60a4e947a4d7984e020c3241530c8055416a792b61dedc7651
row	files_layout_rule_G5_SPLIT63_BOTHBLANK_SECTORS	L96	4	76	6e45e309c0cecf56976cb64ccd9ed1e375cbcf4820b66ad19b54f76f346eef2e
row	files_layout_rule_G5_SPLIT63_BOTHBLANK_SECTORS	L96	5	76	d1c9788dd8cf6ef0e9f8ca020a8d1944a81dda983e314e78fe45ffe95b8edc1d
row	files_layout_rule_G5_SPLIT63_BOTHBLANK_SECTORS	L96	6	76	13ce080601a3cc2e25cb17b39dc8048b778fe0d5c53601f78a0ad9dbafbf3cff
row	files_layout_rule_G5_SPLIT63_BOTHBLANK_SECTORS	L96	7	76	161f013edeaa629400409c32de74de443dfdaa3d2aa52c6b5b5f33780826d17a
row	files_layout_rule_G5_SPLIT63_BOTHBLANK_SECTORS	L96	8	76	4c7bcb455e629d1901f57c92e50ac189453361473d474d917099856ec400daa5
row	files_layout_rule_G5_SPLIT63_BOTHBLANK_SECTORS	L96	9	76	7ff9a1aeba417ac0903c4fb184aee3abed245d6e0633f7b3153fbe7d9927afd3
row	files_layout_rule_G5_SPLIT63_BOTHBLANK_SECTORS	L96	10	76	16ee6e36075e1c5cb0972112fffdaa3a03ade8f76d229d070e72e609977e58fb
row	files_layout_rule_G5_SPLIT63_BOTHBLANK_SECTORS	L96	11	76	d97ac1f2d0260665bece561be6db1b79002160c96479b4d298a0d42e2f35bcb4
row	files_layout_rule_G5_SPLIT63_BOTHBLANK_SECTORS	L96	12	76	91c2b18746571acd8146da3d0053778d0ed63f7404798ad4e853af50e4f500d1
row	files_layout_rule_G5_SPLIT63_BOTHBLANK_SECTORS	L96	13	76	fb0af1d1232125b5330341616adb7ff747fa97937f3b956562714f8d277eca40
row	files_layout_rule_G5_SPLIT63_BOTHBLANK_SECTORS	L96	14	76	770365602bea5dabf9aced0a86185627a64ce024b72c380e80d3d5310a00c612
row	files_layout_rule_G5_SPLIT63_BOTHBLANK_SECTORS	L96	15	76	2811182f16d8eacf014f0ad4026ddaaf19abe164c76daa18c1630795d6e5d850
row	files_layout_rule_G5_SPLIT63_BOTHBLANK_SECTORS	L96	16	76	7dd770c9c89dc9b7c20a02af43acf342347b2bed444d234fd227447c29cf71ca
row	files_layout_rule_G5_SPLIT63_BOTHBLANK_SECTORS	L96	17	12	0a899fe6dc7a37caa7e1f2682e4bdfafc3926c3dfae422e59e0788e3f01b8ab9
summary	files_layout_rule_G5_SPLIT63_BOTHBLANK_SECTORS	L96	-	18	cdc8fa42034795006a94479e89b7773459d7ebca7d173058ec70c4540d0fa8ee
summary	files_layout_rule_G5_SPLIT63_BOTHBLANK_NONE	L0	-	0	e3b0c44298fc1c149afbf4c8996fb92427ae41e4649b934ca495991b7852b855
row	files_layout_rule_G5_SPLIT63_BOTHBLANK_NONE	L1	0	1	666a9ea463a4b593a49bd1c838323e4b6b8df86268af225f0db77611666f45e5
summary	files_layout_rule_G5_SPLIT63_BOTHBLANK_NONE	L1	-	1	740407967f0511949f9ca3937b557b1f45373f5e4ff2c58734ba8eac501547ea
row	files_layout_rule_G5_SPLIT63_BOTHBLANK_NONE	L4	0	58	53f510deac67f108d8fd319e66b20e0a4b70d32c1e29ecc3f5c73c27fcd9ecc1
summary	files_layout_rule_G5_SPLIT63_BOTHBLANK_NONE	L4	-	1	f711eb2eead963db42649ed475931b3253c93078c45e2035384a99043836e004
row	files_layout_rule_G5_SPLIT63_BOTHBLANK_NONE	L5	0	74	8ed19055246bce37db323299d853b706d3ac291ad516d173143a1d26e48afeac
summary	files_layout_rule_G5_SPLIT63_BOTHBLANK_NONE	L5	-	1	e058ad4281eac5f488b016277ff37ddffaba6e56cfb1a9986dedb0e63b25182b
row	files_layout_rule_G5_SPLIT63_BOTHBLANK_NONE	L6	0	74	8ed19055246bce37db323299d853b706d3ac291ad516d173143a1d26e48afeac
row	files_layout_rule_G5_SPLIT63_BOTHBLANK_NONE	L6	1	10	14d0052dd9a831874697da4240d60400f19ff482d85c3745f9d2b6e568a1084f
summary	files_layout_rule_G5_SPLIT63_BOTHBLANK_NONE	L6	-	2	d2c3244ea4bcfd484a51f0c916ca84a1a1a0ae6f35826040beedde1a0cb36141
row	files_layout_rule_G5_SPLIT63_BOTHBLANK_NONE	L11	0	69	dd5109e0c8a9afe9e0948e229b921b1440f663acd72db33f5f796f22a42635b0
row	files_layout_rule_G5_SPLIT63_BOTHBLANK_NONE	L11	1	73	110cb9131e33b18971cdc9ad1564937d6f6619b1c780e9acfffb34c96b6c9d0f
row	files_layout_rule_G5_SPLIT63_BOTHBLANK_NONE	L11	2	9	12de7f238ea090acc3d9586b46c587f3c278fb05166e801552eb17f92cfd3254
summary	files_layout_rule_G5_SPLIT63_BOTHBLANK_NONE	L11	-	3	0c89bc59371e29e14069f5c3ff43546c032f373361198c343c27efab373fc034
row	files_layout_rule_G5_SPLIT63_BOTHBLANK_NONE	L96	0	74	a0a1254a4de5f47cf8e11bbdc47e696fa6977efacdc98a2c7827e1914a2238a7
row	files_layout_rule_G5_SPLIT63_BOTHBLANK_NONE	L96	1	74	841987a3990645105736debc284cca0dae363a209dd76cf47e3f2b4ffb103057
row	files_layout_rule_G5_SPLIT63_BOTHBLANK_NONE	L96	2	74	3d5cbb9a3cc004995a4fd69739f40c84a7f524fb8c14837e0f497c6c87408297
row	files_layout_rule_G5_SPLIT63_BOTHBLANK_NONE	L96	3	74	7949f5837da316b20770f2810c98c95f2b8fea8338453a964af81a2575d26f71
row	files_layout_rule_G5_SPLIT63_BOTHBLANK_NONE	L96	4	74	bcb6a3310c9dcbd2b25524262169a5c39cc71abf761dcbc31a0d605fc9bc0ac5
row	files_layout_rule_G5_SPLIT63_BOTHBLANK_NONE	L96	5	74	916407cf0fbd3f6ad5ac91a392404d6b6847b27006befd879b876320ffbf0f20
row	files_layout_rule_G5_SPLIT63_BOTHBLANK_NONE	L96	6	74	7f78f6fc3e8dc6e6b1a2149dd2bb798c5f2a83323dad2d8954618775162789e1
row	files_layout_rule_G5_SPLIT63_BOTHBLANK_NONE	L96	7	74	81bd8050888a818fe651de992dfad1b11211a565bb12575f844805706d248cc9
row	files_layout_rule_G5_SPLIT63_BOTHBLANK_NONE	L96	8	74	818b3ac679bba75f04596a369d263ef66045531f73735c1ece562aed44f692c5
row	files_layout_rule_G5_SPLIT63_BOTHBLANK_NONE	L96	9	74	e37353030bb9837db6bdc41d2da48c22b67f2fe7b2247613a308519c78bd20a0
row	files_layout_rule_G5_SPLIT63_BOTHBLANK_NONE	L96	10	74	255298adb67e7a6244685dca65d91d4a67d00bfd0ea7b2fc1476388431fcc529
row	files_layout_rule_G5_SPLIT63_BOTHBLANK_NONE	L96	11	74	194c3755bd47e8e44310c89d47c36f7010e39db6db6e6bb0a7ec45155062b64e
row	files_layout_rule_G5_SPLIT63_BOTHBLANK_NONE	L96	12	74	2dd4f5838ac2d2b7e7c53c42d01ee70002c59040140811f8b67889945825463e
row	files_layout_rule_G5_SPLIT63_BOTHBLANK_NONE	L96	13	74	0662867f7f2a68bdc5d1e4870db22c6addfdaff66c2214da71922c4cdb7a0e8b
row	files_layout_rule_G5_SPLIT63_BOTHBLANK_NONE	L96	14	74	ceaf93310f6e37a8c562607109d602be3eef26284bd817735a5132393584a47a
row	files_layout_rule_G5_SPLIT63_BOTHBLANK_NONE	L96	15	74	1bb80013e66428d3da3dcfd251c3ab6c56638d328148c519eeb699e255565b5c
row	files_layout_rule_G5_SPLIT63_BOTHBLANK_NONE	L96	16	74	6d63b8e7cb30ca756fe1af519f8a1497c04ce510ae7b2ee8fb2e346f71914c63
row	files_layout_rule_G5_SPLIT63_BOTHBLANK_NONE	L96	17	10	38cc178da03edac1820af527289441ccd90e4a68c844e979d54dd0b31089ccb2
summary	files_layout_rule_G5_SPLIT63_BOTHBLANK_NONE	L96	-	18	d1ac81851660618f7399a461f98aa51d3c67675faeee67ab8570ce9921f8be80
summary	files_layout_rule_G5_RAW9_80DOT_00BLANK_UNITS	L0	-	0	e3b0c44298fc1c149afbf4c8996fb92427ae41e4649b934ca495991b7852b855
row	files_layout_rule_G5_RAW9_80DOT_00BLANK_UNITS	L1	0	12	69ecfe34bdf839a1adc7c1dc782004ee81086ee6a5efdba44ac82ae8f180eade
summary	files_layout_rule_G5_RAW9_80DOT_00BLANK_UNITS	L1	-	1	9d538f96ac30314ebdebbff5a5fff668976e5b0acc142aaccba6d95c4146bf99
row	files_layout_rule_G5_RAW9_80DOT_00BLANK_UNITS	L4	0	60	8c3d5a00066ecf43bd1ff52165168d0db4150cef34de0ca113604471aea8ccf2
summary	files_layout_rule_G5_RAW9_80DOT_00BLANK_UNITS	L4	-	1	3a36956384415d572e5e110f19a9c96edb6249d785818e0c1ed70b9e66ff9277
row	files_layout_rule_G5_RAW9_80DOT_00BLANK_UNITS	L5	0	76	c44ebc95c398de23ff8a54b5ddfa9ee15a6f511c890c9a9f103a56bd281e0a0c
summary	files_layout_rule_G5_RAW9_80DOT_00BLANK_UNITS	L5	-	1	727561a050ced06e9c304fbf1eabcd86750601aaa27b97eec6e93978ec0e2e1c
row	files_layout_rule_G5_RAW9_80DOT_00BLANK_UNITS	L6	0	76	c44ebc95c398de23ff8a54b5ddfa9ee15a6f511c890c9a9f103a56bd281e0a0c
row	files_layout_rule_G5_RAW9_80DOT_00BLANK_UNITS	L6	1	12	f3e16602427868167fdc68b8fa78c354f7c6d3a5ce0fc16892adb7b8b8ed9f92
summary	files_layout_rule_G5_RAW9_80DOT_00BLANK_UNITS	L6	-	2	ec14673f4498dd88381f8ea2e5f53bbced9707c0e75089443e39680674bdac64
row	files_layout_rule_G5_RAW9_80DOT_00BLANK_UNITS	L11	0	76	11259f111887672641ddceb5f47a409ec8101b52085066a51814caa9f27931b5
row	files_layout_rule_G5_RAW9_80DOT_00BLANK_UNITS	L11	1	77	94b5e7e9d5324a1ab99ab0d878c70d349fbdf2b1d224cb25030468458440de5d
row	files_layout_rule_G5_RAW9_80DOT_00BLANK_UNITS	L11	2	12	ac42e4a75133943fba2653c53cc02d93053abdc9e61d49f616d17557cda43de2
summary	files_layout_rule_G5_RAW9_80DOT_00BLANK_UNITS	L11	-	3	1818a00e1c7f1517feb71ef998f2480c696b5963e74bf7432724468755a62381
row	files_layout_rule_G5_RAW9_80DOT_00BLANK_UNITS	L96	0	76	90b54c0b7657331e6d6c3c3f75ee50549ee36392e322a05a0d2f0f0dedfe8003
row	files_layout_rule_G5_RAW9_80DOT_00BLANK_UNITS	L96	1	76	9e10ffe5536092100812e8230dc7f39b14f452524796b79b976c58cbd57d2513
row	files_layout_rule_G5_RAW9_80DOT_00BLANK_UNITS	L96	2	76	fc39f1bed985a39cd7c3822adc3ebde3682867a40917c10f99b47832d184aebf
row	files_layout_rule_G5_RAW9_80DOT_00BLANK_UNITS	L96	3	76	29e07561f0e623ba1e8da321ad7b9a18e38896f749b37fe80ed522c9fbaa8185
row	files_layout_rule_G5_RAW9_80DOT_00BLANK_UNITS	L96	4	76	9a50e032b5c1150d861b2e8dc3700091f77a36a149a8efedcdcfc4acc572ddec
row	files_layout_rule_G5_RAW9_80DOT_00BLANK_UNITS	L96	5	76	09c3ccf23991dec890fcacf3be4b761086c66aad3af680b687663c0840fe344e
row	files_layout_rule_G5_RAW9_80DOT_00BLANK_UNITS	L96	6	76	9b3017656b695da910ff4f52683df7f3b96ebd3c0a0616261ac9697a80cf1c59
row	files_layout_rule_G5_RAW9_80DOT_00BLANK_UNITS	L96	7	76	7b0d943e0b75696d367e852d63efd039e07ad68431939ad6bf100b9c7cd1c4e6
row	files_layout_rule_G5_RAW9_80DOT_00BLANK_UNITS	L96	8	76	198e2d213c738c5f3d4f03a762f222fcf2bc69d4f9ed1943c62d309f0f5cea09
row	files_layout_rule_G5_RAW9_80DOT_00BLANK_UNITS	L96	9	76	2dfba2a8338a165d71309c37436a1c2ef50da30c272b4c930b718f3c281d37f2
row	files_layout_rule_G5_RAW9_80DOT_00BLANK_UNITS	L96	10	76	31f0940db784e0a4c535cf676a784c19a692db562c2b681a8eeff6707bb82f3c
row	files_layout_rule_G5_RAW9_80DOT_00BLANK_UNITS	L96	11	76	27ab6428a0e4c17bfe7f7cda2bb58bfc08dda3074756e90e95096e7587cee85a
row	files_layout_rule_G5_RAW9_80DOT_00BLANK_UNITS	L96	12	76	a6f03ec31a6cf492bc9ccd05b3873e41260973d7a6e8ea474930fdd39cc217ec
row	files_layout_rule_G5_RAW9_80DOT_00BLANK_UNITS	L96	13	76	b5dcd2ed66392d4fe909187fb25c39d29d3fc0b4880aa38147bcc2e92bf3a9b2
row	files_layout_rule_G5_RAW9_80DOT_00BLANK_UNITS	L96	14	76	60646fccc86ae72d993523c5e2f509c096e6a8c3e065bcae56641b22c9178edd
row	files_layout_rule_G5_RAW9_80DOT_00BLANK_UNITS	L96	15	76	6625f1e2bdd20a6f2238abc9b1c9b6dbfb70692b753f4d219e5b56978e6f1225
row	files_layout_rule_G5_RAW9_80DOT_00BLANK_UNITS	L96	16	76	97a01e35c9ed05b0237a853d50a567d03ec49c6d8e6d50076b1aee0f5a1c2f18
row	files_layout_rule_G5_RAW9_80DOT_00BLANK_UNITS	L96	17	12	d07c5c44f75dc4dc32301be63106f694d132f2a7cdcc1d0dfa626ac387b5776d
summary	files_layout_rule_G5_RAW9_80DOT_00BLANK_UNITS	L96	-	18	364261ca4905c6e5a51793694461ab185f476dea35b0ff42e963425b1fab0bcc
summary	files_layout_rule_G5_RAW9_80DOT_00BLANK_SECTORS	L0	-	0	e3b0c44298fc1c149afbf4c8996fb92427ae41e4649b934ca495991b7852b855
row	files_layout_rule_G5_RAW9_80DOT_00BLANK_SECTORS	L1	0	12	69ecfe34bdf839a1adc7c1dc782004ee81086ee6a5efdba44ac82ae8f180eade
summary	files_layout_rule_G5_RAW9_80DOT_00BLANK_SECTORS	L1	-	1	9d538f96ac30314ebdebbff5a5fff668976e5b0acc142aaccba6d95c4146bf99
row	files_layout_rule_G5_RAW9_80DOT_00BLANK_SECTORS	L4	0	60	8c3d5a00066ecf43bd1ff52165168d0db4150cef34de0ca113604471aea8ccf2
summary	files_layout_rule_G5_RAW9_80DOT_00BLANK_SECTORS	L4	-	1	3a36956384415d572e5e110f19a9c96edb6249d785818e0c1ed70b9e66ff9277
row	files_layout_rule_G5_RAW9_80DOT_00BLANK_SECTORS	L5	0	76	c44ebc95c398de23ff8a54b5ddfa9ee15a6f511c890c9a9f103a56bd281e0a0c
summary	files_layout_rule_G5_RAW9_80DOT_00BLANK_SECTORS	L5	-	1	727561a050ced06e9c304fbf1eabcd86750601aaa27b97eec6e93978ec0e2e1c
row	files_layout_rule_G5_RAW9_80DOT_00BLANK_SECTORS	L6	0	76	c44ebc95c398de23ff8a54b5ddfa9ee15a6f511c890c9a9f103a56bd281e0a0c
row	files_layout_rule_G5_RAW9_80DOT_00BLANK_SECTORS	L6	1	12	f3e16602427868167fdc68b8fa78c354f7c6d3a5ce0fc16892adb7b8b8ed9f92
summary	files_layout_rule_G5_RAW9_80DOT_00BLANK_SECTORS	L6	-	2	ec14673f4498dd88381f8ea2e5f53bbced9707c0e75089443e39680674bdac64
row	files_layout_rule_G5_RAW9_80DOT_00BLANK_SECTORS	L11	0	76	11259f111887672641ddceb5f47a409ec8101b52085066a51814caa9f27931b5
row	files_layout_rule_G5_RAW9_80DOT_00BLANK_SECTORS	L11	1	77	4dc95f037b5eda12c858e580d691d2bd357dc566b2a37a1403fae280da22f915
row	files_layout_rule_G5_RAW9_80DOT_00BLANK_SECTORS	L11	2	12	66900538d41e59205945ecfcb88453f3c1506918af894a8b7fa4bfeb17bcad83
summary	files_layout_rule_G5_RAW9_80DOT_00BLANK_SECTORS	L11	-	3	43cdcb1a7401be196d167c39b0182867a46bf96cb1054dfe74db97be1ed3e53a
row	files_layout_rule_G5_RAW9_80DOT_00BLANK_SECTORS	L96	0	76	90b54c0b7657331e6d6c3c3f75ee50549ee36392e322a05a0d2f0f0dedfe8003
row	files_layout_rule_G5_RAW9_80DOT_00BLANK_SECTORS	L96	1	76	9e10ffe5536092100812e8230dc7f39b14f452524796b79b976c58cbd57d2513
row	files_layout_rule_G5_RAW9_80DOT_00BLANK_SECTORS	L96	2	76	fc39f1bed985a39cd7c3822adc3ebde3682867a40917c10f99b47832d184aebf
row	files_layout_rule_G5_RAW9_80DOT_00BLANK_SECTORS	L96	3	76	29e07561f0e623ba1e8da321ad7b9a18e38896f749b37fe80ed522c9fbaa8185
row	files_layout_rule_G5_RAW9_80DOT_00BLANK_SECTORS	L96	4	76	9a50e032b5c1150d861b2e8dc3700091f77a36a149a8efedcdcfc4acc572ddec
row	files_layout_rule_G5_RAW9_80DOT_00BLANK_SECTORS	L96	5	76	09c3ccf23991dec890fcacf3be4b761086c66aad3af680b687663c0840fe344e
row	files_layout_rule_G5_RAW9_80DOT_00BLANK_SECTORS	L96	6	76	9b3017656b695da910ff4f52683df7f3b96ebd3c0a0616261ac9697a80cf1c59
row	files_layout_rule_G5_RAW9_80DOT_00BLANK_SECTORS	L96	7	76	7b0d943e0b75696d367e852d63efd039e07ad68431939ad6bf100b9c7cd1c4e6
row	files_layout_rule_G5_RAW9_80DOT_00BLANK_SECTORS	L96	8	76	198e2d213c738c5f3d4f03a762f222fcf2bc69d4f9ed1943c62d309f0f5cea09
row	files_layout_rule_G5_RAW9_80DOT_00BLANK_SECTORS	L96	9	76	2dfba2a8338a165d71309c37436a1c2ef50da30c272b4c930b718f3c281d37f2
row	files_layout_rule_G5_RAW9_80DOT_00BLANK_SECTORS	L96	10	76	31f0940db784e0a4c535cf676a784c19a692db562c2b681a8eeff6707bb82f3c
row	files_layout_rule_G5_RAW9_80DOT_00BLANK_SECTORS	L96	11	76	27ab6428a0e4c17bfe7f7cda2bb58bfc08dda3074756e90e95096e7587cee85a
row	files_layout_rule_G5_RAW9_80DOT_00BLANK_SECTORS	L96	12	76	a6f03ec31a6cf492bc9ccd05b3873e41260973d7a6e8ea474930fdd39cc217ec
row	files_layout_rule_G5_RAW9_80DOT_00BLANK_SECTORS	L96	13	76	b5dcd2ed66392d4fe909187fb25c39d29d3fc0b4880aa38147bcc2e92bf3a9b2
row	files_layout_rule_G5_RAW9_80DOT_00BLANK_SECTORS	L96	14	76	60646fccc86ae72d993523c5e2f509c096e6a8c3e065bcae56641b22c9178edd
row	files_layout_rule_G5_RAW9_80DOT_00BLANK_SECTORS	L96	15	76	6625f1e2bdd20a6f2238abc9b1c9b6dbfb70692b753f4d219e5b56978e6f1225
row	files_layout_rule_G5_RAW9_80DOT_00BLANK_SECTORS	L96	16	76	97a01e35c9ed05b0237a853d50a567d03ec49c6d8e6d50076b1aee0f5a1c2f18
row	files_layout_rule_G5_RAW9_80DOT_00BLANK_SECTORS	L96	17	12	d07c5c44f75dc4dc32301be63106f694d132f2a7cdcc1d0dfa626ac387b5776d
summary	files_layout_rule_G5_RAW9_80DOT_00BLANK_SECTORS	L96	-	18	364261ca4905c6e5a51793694461ab185f476dea35b0ff42e963425b1fab0bcc
summary	files_layout_rule_G5_RAW9_80DOT_00BLANK_NONE	L0	-	0	e3b0c44298fc1c149afbf4c8996fb92427ae41e4649b934ca495991b7852b855
row	files_layout_rule_G5_RAW9_80DOT_00BLANK_NONE	L1	0	10	3ff2e50b9af481cc54c517309047878c104d35bb32b06c6d8c02c2de2b7179f8
summary	files_layout_rule_G5_RAW9_80DOT_00BLANK_NONE	L1	-	1	947457fc209964844fad366691c014086a0d9ee516f2ada8d66693df875f0220
row	files_layout_rule_G5_RAW9_80DOT_00BLANK_NONE	L4	0	57	42e710bc17860967d5de3daa183d40d7ca416a0aaee09f1b962fe3c3f935ebd1
summary	files_layout_rule_G5_RAW9_80DOT_00BLANK_NONE	L4	-	1	c4c679b61110a72abdbfa26982891718460092bd5795cdc99e954650c141a97c
row	files_layout_rule_G5_RAW9_80DOT_00BLANK_NONE	L5	0	74	684c891e4abf2211669f15332b506b168a3eaa43ee5c0aa7946dd58d9c494353
summary	files_layout_rule_G5_RAW9_80DOT_00BLANK_NONE	L5	-	1	fa759df5372c7fafda1d5aed789410236187a0cfce816fa2aea18a28727ee13a
row	files_layout_rule_G5_RAW9_80DOT_00BLANK_NONE	L6	0	74	684c891e4abf2211669f15332b506b168a3eaa43ee5c0aa7946dd58d9c494353
row	files_layout_rule_G5_RAW9_80DOT_00BLANK_NONE	L6	1	9	dfc8793c5d20c97c2ed31be87474b9afe08d24d38344a7fa31fd0df7e313f9ed
summary	files_layout_rule_G5_RAW9_80DOT_00BLANK_NONE	L6	-	2	5f450f9e34a57457478b9e3f95b06953b31786e0c72549828e426f9d78270357
row	files_layout_rule_G5_RAW9_80DOT_00BLANK_NONE	L11	0	74	ed005033a70eed6b754f6ad5526171ca5bc3f851b477179011111f2331883271
row	files_layout_rule_G5_RAW9_80DOT_00BLANK_NONE	L11	1	72	8da438504cfed82ba2976c77d44de39299dde271de4ff8ad98651db31529fd7a
row	files_layout_rule_G5_RAW9_80DOT_00BLANK_NONE	L11	2	10	cfb561673cc79de13515a482f6e71991fe4d1c9f305afa1967e795664a85ba0d
summary	files_layout_rule_G5_RAW9_80DOT_00BLANK_NONE	L11	-	3	a5ad66131f16b2d368f37b4e91f4958939af813314cca71f13e398629b278d47
row	files_layout_rule_G5_RAW9_80DOT_00BLANK_NONE	L96	0	74	509e1c9d6271ba2f5c48110a6098104f603f52d1da803b4a8097d5782687bdaa
row	files_layout_rule_G5_RAW9_80DOT_00BLANK_NONE	L96	1	73	f71fea004b5a19c4805008531a6e6fc7d41b4b735c5bb65906fa30c22df47b26
row	files_layout_rule_G5_RAW9_80DOT_00BLANK_NONE	L96	2	74	88c91cc467d5e1024fe1f9a5903740e63623a9c6577e27c4faf320d1f15c57e3
row	files_layout_rule_G5_RAW9_80DOT_00BLANK_NONE	L96	3	73	07d0e378a8ea8813d7714727e336978061213d3a240ae852f2c9993c7c807aa8
row	files_layout_rule_G5_RAW9_80DOT_00BLANK_NONE	L96	4	74	421e570b001e72edbabc02b0d5c67c72e3ccc2449d94aa2c60c2b2a5a1c7fb33
row	files_layout_rule_G5_RAW9_80DOT_00BLANK_NONE	L96	5	73	b1a9e0480c44603b9abce9d7b95a54263c093f02e0f3508bc3d5062dbf48c541
row	files_layout_rule_G5_RAW9_80DOT_00BLANK_NONE	L96	6	74	8e2900b292f46ae7970aa03619438f47b1448c5fcd4ceacaefc2a3ea9a0170ee
row	files_layout_rule_G5_RAW9_80DOT_00BLANK_NONE	L96	7	73	484094f51a20b2826894a9b014c91f35054fe8cada77a0411c529f95193f4086
row	files_layout_rule_G5_RAW9_80DOT_00BLANK_NONE	L96	8	74	9d3a70e47c2434f80ba651d8c68f81ba1420dac88cf99991153f41f1e464637b
row	files_layout_rule_G5_RAW9_80DOT_00BLANK_NONE	L96	9	73	296ac4bca5c2eef4a9d323a5df3a294fdb7a3e25b77984321e99ea53c55914a8
row	files_layout_rule_G5_RAW9_80DOT_00BLANK_NONE	L96	10	74	ba9ce86a0b33effa302aed1fc929d738ab755ff774c1ddb2b6fddd2e9ab29cb4
row	files_layout_rule_G5_RAW9_80DOT_00BLANK_NONE	L96	11	73	b26340c1b6af2f10db4f54831125fff94251ac1adb241f146b8fbb37df354492
row	files_layout_rule_G5_RAW9_80DOT_00BLANK_NONE	L96	12	74	0c8c0f8e178b1251504a6845e157cf8776fc3d4afe0f66b21350055a0e1628b8
row	files_layout_rule_G5_RAW9_80DOT_00BLANK_NONE	L96	13	73	910193257f210c22253785881065e30da9df1b6639c6db577304e4aef43a6deb
row	files_layout_rule_G5_RAW9_80DOT_00BLANK_NONE	L96	14	74	b6eedfc4debbaff3c8849f3e31aaddeea679f599020049bfeec158259fbf29ce
row	files_layout_rule_G5_RAW9_80DOT_00BLANK_NONE	L96	15	73	eba01b5b6481f7233468dc8da539cb4b71b8992943771a90099061c9ab62d0d0
row	files_layout_rule_G5_RAW9_80DOT_00BLANK_NONE	L96	16	74	03c6a7e87745ed1e1e3168412c3c106b7bd9527409f5048ae5d06033b18d2864
row	files_layout_rule_G5_RAW9_80DOT_00BLANK_NONE	L96	17	9	65860ac222b875129ff9cca3761b95b0b6cd100867bf63551e0a1ecaafa28eb7
summary	files_layout_rule_G5_RAW9_80DOT_00BLANK_NONE	L96	-	18	77d2e9d37851c88183588c2685c900dcb1117b2cbc03e76d1c0c9e1f6da24e72
summary	files_layout_rule_G5_RAW9_80BLANK_00DOT_UNITS	L0	-	0	e3b0c44298fc1c149afbf4c8996fb92427ae41e4649b934ca495991b7852b855
row	files_layout_rule_G5_RAW9_80BLANK_00DOT_UNITS	L1	0	12	898a86928e13d2d8a20712fcae09a74c8fa44aa74a5e7eaf0cbc45f9ba557638
summary	files_layout_rule_G5_RAW9_80BLANK_00DOT_UNITS	L1	-	1	803426cd9fa826ca22d01671acdad76515d27807ffcc6e975ac08d102d1ac1b0
row	files_layout_rule_G5_RAW9_80BLANK_00DOT_UNITS	L4	0	60	bd621de871e40e69f6ee025dd54bb3c2a0d10b892387b5e14d7621f555f1b9f7
summary	files_layout_rule_G5_RAW9_80BLANK_00DOT_UNITS	L4	-	1	9c5e64905e55ad549f3153936b264c17ce10321ae75da34a5e58aa94dbefea8e
row	files_layout_rule_G5_RAW9_80BLANK_00DOT_UNITS	L5	0	76	807d97fb8954126b4f19b5c8166431c3f2c16cf9d637c2180f72343617688eb9
summary	files_layout_rule_G5_RAW9_80BLANK_00DOT_UNITS	L5	-	1	fd770bd746c4e9a3e1ae7c9561846f8cfaed7a82918b2c5f792c4b864b811406
row	files_layout_rule_G5_RAW9_80BLANK_00DOT_UNITS	L6	0	76	807d97fb8954126b4f19b5c8166431c3f2c16cf9d637c2180f72343617688eb9
row	files_layout_rule_G5_RAW9_80BLANK_00DOT_UNITS	L6	1	12	cb58d2728405e3670260be99309de07492e1d2c7786da5aaaff50f5089a483a0
summary	files_layout_rule_G5_RAW9_80BLANK_00DOT_UNITS	L6	-	2	3ba2e8739bcaaba46a7f28409406e21797fcf1b4ca1c141dfc08b22000261b5a
row	files_layout_rule_G5_RAW9_80BLANK_00DOT_UNITS	L11	0	76	cd8171c28df76ad40be78b9c0c1ea013be5560360b0690a055bbe07d4e3faa03
row	files_layout_rule_G5_RAW9_80BLANK_00DOT_UNITS	L11	1	77	419a46f1d056c386d06a27117fa4bf6697f65cfe036281c015a569fde69289f6
row	files_layout_rule_G5_RAW9_80BLANK_00DOT_UNITS	L11	2	12	41d84fb090d9b4236277a7873104cfe350aaaea6bd8a56a4098b0865a445a86a
summary	files_layout_rule_G5_RAW9_80BLANK_00DOT_UNITS	L11	-	3	fa68e0218363262b3db495ccd7d030710fe99e96afc8cbc1d5416ea6b17b24fb
row	files_layout_rule_G5_RAW9_80BLANK_00DOT_UNITS	L96	0	76	db1a83e8e94fae3461a3040048acff63e9f53150ad57c6de0ede206f47a8fae1
row	files_layout_rule_G5_RAW9_80BLANK_00DOT_UNITS	L96	1	76	d916125e3df0914a2559f82dfb8bd3ae2eeeaf59916471a519a7c11381fd1df5
row	files_layout_rule_G5_RAW9_80BLANK_00DOT_UNITS	L96	2	76	166f06d720bea870f8bb61931aa9f58c50bcff3ebda1f34f15a03f9150cfe5b7
row	files_layout_rule_G5_RAW9_80BLANK_00DOT_UNITS	L96	3	76	dedefd95c4a722a0393a4920e10fa341eff8ecaf9214f497972104cadf77f854
row	files_layout_rule_G5_RAW9_80BLANK_00DOT_UNITS	L96	4	76	395fb0f98506f026cae9842602f80e55b08edad500d135032a2500bb4d997e23
row	files_layout_rule_G5_RAW9_80BLANK_00DOT_UNITS	L96	5	76	f01258871bf3fcf97fd06e05c2b6d05be8aa8cf96755ca7e1146a1df87d44145
row	files_layout_rule_G5_RAW9_80BLANK_00DOT_UNITS	L96	6	76	5c6c1a0882acd76bb199b071792be04193d68a9fe591fbb9e59a3cb78a59c07f
row	files_layout_rule_G5_RAW9_80BLANK_00DOT_UNITS	L96	7	76	387252f4b841671d82984b0fba4ecbcc58142a00661f6798d040f7c90307962d
row	files_layout_rule_G5_RAW9_80BLANK_00DOT_UNITS	L96	8	76	50e3c1ed4e8b79e30866ddb8f9bb256acc44c3352051ae799f8d229e5c044e78
row	files_layout_rule_G5_RAW9_80BLANK_00DOT_UNITS	L96	9	76	34f88ef64a90ed91f229c6fbb1f6de9e40b2af64f7eb232723da220c58006446
row	files_layout_rule_G5_RAW9_80BLANK_00DOT_UNITS	L96	10	76	d654e3638d04a8e64c7455a52059cb19871c7f12b3dc5d0020fb19a1bbb72a27
row	files_layout_rule_G5_RAW9_80BLANK_00DOT_UNITS	L96	11	76	4e30e5525113967b8901a50e0fd221b683c48b7d79513dce766366263c3ddf32
row	files_layout_rule_G5_RAW9_80BLANK_00DOT_UNITS	L96	12	76	97597fa2c2a3d39f375b26c119e53d2b5a4f6896cae26d2fb40a737ea27a9008
row	files_layout_rule_G5_RAW9_80BLANK_00DOT_UNITS	L96	13	76	fea573f0817653863f7075d0588c38630f0fe649d438adcea710c860431d9b6a
row	files_layout_rule_G5_RAW9_80BLANK_00DOT_UNITS	L96	14	76	63cff91367acd254916d536de71ba491c5828ae0bf3fe6c1504b829da7f4b401
row	files_layout_rule_G5_RAW9_80BLANK_00DOT_UNITS	L96	15	76	e3602ac3d0860ad1332e0443e8e225acc33d4c92ab4bfde4e78f1d24d2be0520
row	files_layout_rule_G5_RAW9_80BLANK_00DOT_UNITS	L96	16	76	0c43a17400eba69cf534114b51d5e3fcf0316b6d5fa1fb1b4ad47d308c67457c
row	files_layout_rule_G5_RAW9_80BLANK_00DOT_UNITS	L96	17	12	e23b66ef1d775fbfb0477c41ab5a0f54d16afda2d169dab4e2ce817c82a6e3b0
summary	files_layout_rule_G5_RAW9_80BLANK_00DOT_UNITS	L96	-	18	cbbd9095c3ef5e7288bf28978bba38ead86b659ee5c8699248a839df28cf1808
summary	files_layout_rule_G5_RAW9_80BLANK_00DOT_SECTORS	L0	-	0	e3b0c44298fc1c149afbf4c8996fb92427ae41e4649b934ca495991b7852b855
row	files_layout_rule_G5_RAW9_80BLANK_00DOT_SECTORS	L1	0	12	898a86928e13d2d8a20712fcae09a74c8fa44aa74a5e7eaf0cbc45f9ba557638
summary	files_layout_rule_G5_RAW9_80BLANK_00DOT_SECTORS	L1	-	1	803426cd9fa826ca22d01671acdad76515d27807ffcc6e975ac08d102d1ac1b0
row	files_layout_rule_G5_RAW9_80BLANK_00DOT_SECTORS	L4	0	60	bd621de871e40e69f6ee025dd54bb3c2a0d10b892387b5e14d7621f555f1b9f7
summary	files_layout_rule_G5_RAW9_80BLANK_00DOT_SECTORS	L4	-	1	9c5e64905e55ad549f3153936b264c17ce10321ae75da34a5e58aa94dbefea8e
row	files_layout_rule_G5_RAW9_80BLANK_00DOT_SECTORS	L5	0	76	807d97fb8954126b4f19b5c8166431c3f2c16cf9d637c2180f72343617688eb9
summary	files_layout_rule_G5_RAW9_80BLANK_00DOT_SECTORS	L5	-	1	fd770bd746c4e9a3e1ae7c9561846f8cfaed7a82918b2c5f792c4b864b811406
row	files_layout_rule_G5_RAW9_80BLANK_00DOT_SECTORS	L6	0	76	807d97fb8954126b4f19b5c8166431c3f2c16cf9d637c2180f72343617688eb9
row	files_layout_rule_G5_RAW9_80BLANK_00DOT_SECTORS	L6	1	12	cb58d2728405e3670260be99309de07492e1d2c7786da5aaaff50f5089a483a0
summary	files_layout_rule_G5_RAW9_80BLANK_00DOT_SECTORS	L6	-	2	3ba2e8739bcaaba46a7f28409406e21797fcf1b4ca1c141dfc08b22000261b5a
row	files_layout_rule_G5_RAW9_80BLANK_00DOT_SECTORS	L11	0	76	cd8171c28df76ad40be78b9c0c1ea013be5560360b0690a055bbe07d4e3faa03
row	files_layout_rule_G5_RAW9_80BLANK_00DOT_SECTORS	L11	1	77	bbfcd5bedd366cc591a150bd0e25e177b4c27a0da7dd019fa1779e4c55ea3be2
row	files_layout_rule_G5_RAW9_80BLANK_00DOT_SECTORS	L11	2	12	5a5282eab751af392467e450047ce0c5caae58beb9b3c8bf999da9705aa42708
summary	files_layout_rule_G5_RAW9_80BLANK_00DOT_SECTORS	L11	-	3	f05aa253d7d2567dcedb5337cecf554656d2567767fe2c4f756b0e457c01945e
row	files_layout_rule_G5_RAW9_80BLANK_00DOT_SECTORS	L96	0	76	db1a83e8e94fae3461a3040048acff63e9f53150ad57c6de0ede206f47a8fae1
row	files_layout_rule_G5_RAW9_80BLANK_00DOT_SECTORS	L96	1	76	d916125e3df0914a2559f82dfb8bd3ae2eeeaf59916471a519a7c11381fd1df5
row	files_layout_rule_G5_RAW9_80BLANK_00DOT_SECTORS	L96	2	76	166f06d720bea870f8bb61931aa9f58c50bcff3ebda1f34f15a03f9150cfe5b7
row	files_layout_rule_G5_RAW9_80BLANK_00DOT_SECTORS	L96	3	76	dedefd95c4a722a0393a4920e10fa341eff8ecaf9214f497972104cadf77f854
row	files_layout_rule_G5_RAW9_80BLANK_00DOT_SECTORS	L96	4	76	395fb0f98506f026cae9842602f80e55b08edad500d135032a2500bb4d997e23
row	files_layout_rule_G5_RAW9_80BLANK_00DOT_SECTORS	L96	5	76	f01258871bf3fcf97fd06e05c2b6d05be8aa8cf96755ca7e1146a1df87d44145
row	files_layout_rule_G5_RAW9_80BLANK_00DOT_SECTORS	L96	6	76	5c6c1a0882acd76bb199b071792be04193d68a9fe591fbb9e59a3cb78a59c07f
row	files_layout_rule_G5_RAW9_80BLANK_00DOT_SECTORS	L96	7	76	387252f4b841671d82984b0fba4ecbcc58142a00661f6798d040f7c90307962d
row	files_layout_rule_G5_RAW9_80BLANK_00DOT_SECTORS	L96	8	76	50e3c1ed4e8b79e30866ddb8f9bb256acc44c3352051ae799f8d229e5c044e78
row	files_layout_rule_G5_RAW9_80BLANK_00DOT_SECTORS	L96	9	76	34f88ef64a90ed91f229c6fbb1f6de9e40b2af64f7eb232723da220c58006446
row	files_layout_rule_G5_RAW9_80BLANK_00DOT_SECTORS	L96	10	76	d654e3638d04a8e64c7455a52059cb19871c7f12b3dc5d0020fb19a1bbb72a27
row	files_layout_rule_G5_RAW9_80BLANK_00DOT_SECTORS	L96	11	76	4e30e5525113967b8901a50e0fd221b683c48b7d79513dce766366263c3ddf32
row	files_layout_rule_G5_RAW9_80BLANK_00DOT_SECTORS	L96	12	76	97597fa2c2a3d39f375b26c119e53d2b5a4f6896cae26d2fb40a737ea27a9008
row	files_layout_rule_G5_RAW9_80BLANK_00DOT_SECTORS	L96	13	76	fea573f0817653863f7075d0588c38630f0fe649d438adcea710c860431d9b6a
row	files_layout_rule_G5_RAW9_80BLANK_00DOT_SECTORS	L96	14	76	63cff91367acd254916d536de71ba491c5828ae0bf3fe6c1504b829da7f4b401
row	files_layout_rule_G5_RAW9_80BLANK_00DOT_SECTORS	L96	15	76	e3602ac3d0860ad1332e0443e8e225acc33d4c92ab4bfde4e78f1d24d2be0520
row	files_layout_rule_G5_RAW9_80BLANK_00DOT_SECTORS	L96	16	76	0c43a17400eba69cf534114b51d5e3fcf0316b6d5fa1fb1b4ad47d308c67457c
row	files_layout_rule_G5_RAW9_80BLANK_00DOT_SECTORS	L96	17	12	e23b66ef1d775fbfb0477c41ab5a0f54d16afda2d169dab4e2ce817c82a6e3b0
summary	files_layout_rule_G5_RAW9_80BLANK_00DOT_SECTORS	L96	-	18	cbbd9095c3ef5e7288bf28978bba38ead86b659ee5c8699248a839df28cf1808
summary	files_layout_rule_G5_RAW9_80BLANK_00DOT_NONE	L0	-	0	e3b0c44298fc1c149afbf4c8996fb92427ae41e4649b934ca495991b7852b855
row	files_layout_rule_G5_RAW9_80BLANK_00DOT_NONE	L1	0	1	666a9ea463a4b593a49bd1c838323e4b6b8df86268af225f0db77611666f45e5
summary	files_layout_rule_G5_RAW9_80BLANK_00DOT_NONE	L1	-	1	740407967f0511949f9ca3937b557b1f45373f5e4ff2c58734ba8eac501547ea
row	files_layout_rule_G5_RAW9_80BLANK_00DOT_NONE	L4	0	58	ec52d39a660d350a57cb8a8278276d0a9b7c2ccb459f30751b73cef91a947fd9
summary	files_layout_rule_G5_RAW9_80BLANK_00DOT_NONE	L4	-	1	9fdfe8802edba642cc401a611304fce3c3b1029db50be1da44d3213398e0686e
row	files_layout_rule_G5_RAW9_80BLANK_00DOT_NONE	L5	0	73	d4a236604ed8876bb41bb7e2470407a7603d0758a4a6383ca65230bcf577e6e0
summary	files_layout_rule_G5_RAW9_80BLANK_00DOT_NONE	L5	-	1	47804ba6fc067cf5cad57f89f68abe44c4924097dfe304538a7f8528d22dd6ba
row	files_layout_rule_G5_RAW9_80BLANK_00DOT_NONE	L6	0	73	d4a236604ed8876bb41bb7e2470407a7603d0758a4a6383ca65230bcf577e6e0
row	files_layout_rule_G5_RAW9_80BLANK_00DOT_NONE	L6	1	10	48d33d479eae0777ce836b9d02df74b9166e9afc8949d6219a5c2eb39fc468f7
summary	files_layout_rule_G5_RAW9_80BLANK_00DOT_NONE	L6	-	2	33e6cd4c4e229ad6abe3c0afe3604b41359d064fdb45be48f3c107eab2643d2b
row	files_layout_rule_G5_RAW9_80BLANK_00DOT_NONE	L11	0	69	8870ac06f57834f95a2821cc881f245e53ec7a5844919daab506bd6d4993a9a8
row	files_layout_rule_G5_RAW9_80BLANK_00DOT_NONE	L11	1	74	66a1aa750ab35ebe426bb5adbea34ad76b8fb820cbaffba374ac9b6f568f946b
row	files_layout_rule_G5_RAW9_80BLANK_00DOT_NONE	L11	2	8	5e24e9ac06a0bf4a3ed045637b0d8118c4b9a78387c7f026644fe9a5b85401dc
summary	files_layout_rule_G5_RAW9_80BLANK_00DOT_NONE	L11	-	3	3589ccc00f8bac5169f6f681d1533f65140d2f1fb5f19557614a2ad4f09cfdd4
row	files_layout_rule_G5_RAW9_80BLANK_00DOT_NONE	L96	0	73	a0962126307dab2dbf98bb6d89d6e47654206cb70bf297378e6af885e91d67eb
row	files_layout_rule_G5_RAW9_80BLANK_00DOT_NONE	L96	1	74	b573da1c1597a514d4d02a3d56883a61a021ef89dd576f910ff2161d32f1fa74
row	files_layout_rule_G5_RAW9_80BLANK_00DOT_NONE	L96	2	73	1f705debf0e7deb81cb4eb0732e0c9f74875a8e2580987ec06f02ad409875f93
row	files_layout_rule_G5_RAW9_80BLANK_00DOT_NONE	L96	3	74	e4fb1b57f86cfd201088f67a9feb766b70d1472768c9299596f9b25c7a3101a2
row	files_layout_rule_G5_RAW9_80BLANK_00DOT_NONE	L96	4	73	64ae703c4b7048b4e29e25bb74ccf665b55dd9346c9fadc058f58091269e2866
row	files_layout_rule_G5_RAW9_80BLANK_00DOT_NONE	L96	5	74	c317461eaa64d78b3a4077f06e5640b0c8f8f83514909ba96ad08968556f11dc
row	files_layout_rule_G5_RAW9_80BLANK_00DOT_NONE	L96	6	73	ed5347f88353420a0af1a396b084bd84134cf7f03e2e300af37fa1cd3f20cde9
row	files_layout_rule_G5_RAW9_80BLANK_00DOT_NONE	L96	7	74	95b4240195d3912a1bc2740443aed0c714b9daba16aeebaa62a6345a24bd823c
row	files_layout_rule_G5_RAW9_80BLANK_00DOT_NONE	L96	8	73	7cfb3b8d3df9fd7b9399435d763cdf046072c0d1654732773e9a53f3df7f880a
row	files_layout_rule_G5_RAW9_80BLANK_00DOT_NONE	L96	9	74	13a586f6e573aacdc3b8e3e498213fa268c2c249d9f02f11e69abfb0b2d39b02
row	files_layout_rule_G5_RAW9_80BLANK_00DOT_NONE	L96	10	73	4211542284dae1a99bb690c681884f076dd56d1f3d5b4fb728cfe08fa9288068
row	files_layout_rule_G5_RAW9_80BLANK_00DOT_NONE	L96	11	74	0f7ac790a5ae8694f4ad93e4d29b0f52787090aa9d809940a9da8f80fec31383
row	files_layout_rule_G5_RAW9_80BLANK_00DOT_NONE	L96	12	73	97456717dd8e0d98c543e820f1445db4323f0b24cd1e23da0a859f2268e52f79
row	files_layout_rule_G5_RAW9_80BLANK_00DOT_NONE	L96	13	74	7d098b0478b936d69c83d8b026f39483951350fa4fbeaea830761fbfa6e2f382
row	files_layout_rule_G5_RAW9_80BLANK_00DOT_NONE	L96	14	73	a190cb8560b84475cc4513f88884da2e7fa15e27de4c4c0381d9a86a16edecf3
row	files_layout_rule_G5_RAW9_80BLANK_00DOT_NONE	L96	15	74	b283d1cf8b4dcce74ff99e4b3d665a0b71d7b2d66bc5e89c40e439a0168ac420
row	files_layout_rule_G5_RAW9_80BLANK_00DOT_NONE	L96	16	73	27986eee97e5a6647a2114d6b52d0563ca6e0a628ba0f2b2e25448dcf0ae547b
row	files_layout_rule_G5_RAW9_80BLANK_00DOT_NONE	L96	17	10	4eca34a5be310ccbe3ee729d66dc632d3881ba256a48f3d1d09e72cb2ec1167b
summary	files_layout_rule_G5_RAW9_80BLANK_00DOT_NONE	L96	-	18	0df47a1da3c1b58dcaa366f5b84e08554333f94f6b90910f46372983d2282aac
summary	files_layout_rule_G5_RAW9_BOTHBLANK_UNITS	L0	-	0	e3b0c44298fc1c149afbf4c8996fb92427ae41e4649b934ca495991b7852b855
row	files_layout_rule_G5_RAW9_BOTHBLANK_UNITS	L1	0	12	898a86928e13d2d8a20712fcae09a74c8fa44aa74a5e7eaf0cbc45f9ba557638
summary	files_layout_rule_G5_RAW9_BOTHBLANK_UNITS	L1	-	1	803426cd9fa826ca22d01671acdad76515d27807ffcc6e975ac08d102d1ac1b0
row	files_layout_rule_G5_RAW9_BOTHBLANK_UNITS	L4	0	60	8e19f55be17d1c6e7c20472253550902126cfea1def793bd1442f6e876c5819e
summary	files_layout_rule_G5_RAW9_BOTHBLANK_UNITS	L4	-	1	27fb7f805f42f800da32bb814f4e5b8f902eba7ddcf93a15df5d17fc51a8edaf
row	files_layout_rule_G5_RAW9_BOTHBLANK_UNITS	L5	0	76	87a79ef88ecd2c11e8ecb837a2e4c050415758b25412fabf8df29d3f74e66783
summary	files_layout_rule_G5_RAW9_BOTHBLANK_UNITS	L5	-	1	0f908ffbf8a4f7241dc7c54b239c65cfa0ac79d272d7db4e0f0408382d534160
row	files_layout_rule_G5_RAW9_BOTHBLANK_UNITS	L6	0	76	87a79ef88ecd2c11e8ecb837a2e4c050415758b25412fabf8df29d3f74e66783
row	files_layout_rule_G5_RAW9_BOTHBLANK_UNITS	L6	1	12	f3e16602427868167fdc68b8fa78c354f7c6d3a5ce0fc16892adb7b8b8ed9f92
summary	files_layout_rule_G5_RAW9_BOTHBLANK_UNITS	L6	-	2	2723f8a343761ae3eabc6db7eab4d5eec2947148b099215245422fdfba0549f4
row	files_layout_rule_G5_RAW9_BOTHBLANK_UNITS	L11	0	76	b7a0101112108009fa05f8682e9ba109b406d9a042abca4f95b454f665423c8e
row	files_layout_rule_G5_RAW9_BOTHBLANK_UNITS	L11	1	77	4cded7a5df75b038e6c4ce2dc4451f3d4fe2bd36a44fcbabc48981c501da7edf
row	files_layout_rule_G5_RAW9_BOTHBLANK_UNITS	L11	2	12	41d84fb090d9b4236277a7873104cfe350aaaea6bd8a56a4098b0865a445a86a
summary	files_layout_rule_G5_RAW9_BOTHBLANK_UNITS	L11	-	3	83da4c80e264838522a06896eba09cf88eecacdf74245eec57b8b8224f33356d
row	files_layout_rule_G5_RAW9_BOTHBLANK_UNITS	L96	0	76	3728ab38cee69362111dab7f3b75b36b49100c14e3fe0e0d96e8ef08363b890e
row	files_layout_rule_G5_RAW9_BOTHBLANK_UNITS	L96	1	76	625cf5a96e1f3cfe685c5d03ab9a2e9c4ec005f84b0c589524c436d99755ef05
row	files_layout_rule_G5_RAW9_BOTHBLANK_UNITS	L96	2	76	385dbe44f7afdb5f258107cad7e451acde40cc44c0d8f917dfeaeaed9602be5a
row	files_layout_rule_G5_RAW9_BOTHBLANK_UNITS	L96	3	76	5694512d47c13b677e4466b2c4ea1bcb52fd5e9c2f17304bff91d6b134790f07
row	files_layout_rule_G5_RAW9_BOTHBLANK_UNITS	L96	4	76	41135850857a5aece34b58ccaeafebb778ad43580dbfaf2f14d9b20179a77758
row	files_layout_rule_G5_RAW9_BOTHBLANK_UNITS	L96	5	76	aaefb940d26ad9b609721473a6bdb4875eca513dcb37bc78b9b7d402af0a541b
row	files_layout_rule_G5_RAW9_BOTHBLANK_UNITS	L96	6	76	299bbb57cdcd635a17ad1fe49fb950ddd15076a7f382637a17d5e8ea7f6f3f7b
row	files_layout_rule_G5_RAW9_BOTHBLANK_UNITS	L96	7	76	f3a6e83e4fc9dbd6a572d287576d6a3b1c0445b7b439ab9312ea5b9ddfa9572e
row	files_layout_rule_G5_RAW9_BOTHBLANK_UNITS	L96	8	76	4b20cb08a240e3ea2ffd130f948a31bc471797aa87f97b143561d8fdfd415086
row	files_layout_rule_G5_RAW9_BOTHBLANK_UNITS	L96	9	76	68be1b7c13addbf24debde543859734a7798b2f579414e2d7f9f25a6d9a5406e
row	files_layout_rule_G5_RAW9_BOTHBLANK_UNITS	L96	10	76	9103054743941295e541d16281ed47b18d7074a3f586474391cfe48984fc5872
row	files_layout_rule_G5_RAW9_BOTHBLANK_UNITS	L96	11	76	323c7baa65b9d8f9d0b65d427d992c8351e1a83933e75634e94e79636e3ecc24
row	files_layout_rule_G5_RAW9_BOTHBLANK_UNITS	L96	12	76	e8944b1347c392888b559130344155466e58d8d07085e209ad5ed26d31562c99
row	files_layout_rule_G5_RAW9_BOTHBLANK_UNITS	L96	13	76	7ea803625fabe32ee9f4c5513a6f0994b2b19f65c9091588c41a4db2f3cefb56
row	files_layout_rule_G5_RAW9_BOTHBLANK_UNITS	L96	14	76	9e7bfc052c6c7a76e850e74a32f76713ffddae0ee92bf8e5556c2ce1bc601641
row	files_layout_rule_G5_RAW9_BOTHBLANK_UNITS	L96	15	76	611ee7a3b3ca98228c847f89bbbc9fd8d7299a9ce1a9fa6044083dcf9a3ed278
row	files_layout_rule_G5_RAW9_BOTHBLANK_UNITS	L96	16	76	d45d895e920898daf194bbc5e9798aba38701f661041e5e4faeabd86640264f0
row	files_layout_rule_G5_RAW9_BOTHBLANK_UNITS	L96	17	12	d07c5c44f75dc4dc32301be63106f694d132f2a7cdcc1d0dfa626ac387b5776d
summary	files_layout_rule_G5_RAW9_BOTHBLANK_UNITS	L96	-	18	e05767fe5ec60ac90fa4b2050d1290ac1af0912bb9c5609816216644850745e3
summary	files_layout_rule_G5_RAW9_BOTHBLANK_SECTORS	L0	-	0	e3b0c44298fc1c149afbf4c8996fb92427ae41e4649b934ca495991b7852b855
row	files_layout_rule_G5_RAW9_BOTHBLANK_SECTORS	L1	0	12	898a86928e13d2d8a20712fcae09a74c8fa44aa74a5e7eaf0cbc45f9ba557638
summary	files_layout_rule_G5_RAW9_BOTHBLANK_SECTORS	L1	-	1	803426cd9fa826ca22d01671acdad76515d27807ffcc6e975ac08d102d1ac1b0
row	files_layout_rule_G5_RAW9_BOTHBLANK_SECTORS	L4	0	60	8e19f55be17d1c6e7c20472253550902126cfea1def793bd1442f6e876c5819e
summary	files_layout_rule_G5_RAW9_BOTHBLANK_SECTORS	L4	-	1	27fb7f805f42f800da32bb814f4e5b8f902eba7ddcf93a15df5d17fc51a8edaf
row	files_layout_rule_G5_RAW9_BOTHBLANK_SECTORS	L5	0	76	87a79ef88ecd2c11e8ecb837a2e4c050415758b25412fabf8df29d3f74e66783
summary	files_layout_rule_G5_RAW9_BOTHBLANK_SECTORS	L5	-	1	0f908ffbf8a4f7241dc7c54b239c65cfa0ac79d272d7db4e0f0408382d534160
row	files_layout_rule_G5_RAW9_BOTHBLANK_SECTORS	L6	0	76	87a79ef88ecd2c11e8ecb837a2e4c050415758b25412fabf8df29d3f74e66783
row	files_layout_rule_G5_RAW9_BOTHBLANK_SECTORS	L6	1	12	f3e16602427868167fdc68b8fa78c354f7c6d3a5ce0fc16892adb7b8b8ed9f92
summary	files_layout_rule_G5_RAW9_BOTHBLANK_SECTORS	L6	-	2	2723f8a343761ae3eabc6db7eab4d5eec2947148b099215245422fdfba0549f4
row	files_layout_rule_G5_RAW9_BOTHBLANK_SECTORS	L11	0	76	b7a0101112108009fa05f8682e9ba109b406d9a042abca4f95b454f665423c8e
row	files_layout_rule_G5_RAW9_BOTHBLANK_SECTORS	L11	1	77	15c5a9692a5df029962a72915291a72feab865df6b021dbddc56223158394140
row	files_layout_rule_G5_RAW9_BOTHBLANK_SECTORS	L11	2	12	5a5282eab751af392467e450047ce0c5caae58beb9b3c8bf999da9705aa42708
summary	files_layout_rule_G5_RAW9_BOTHBLANK_SECTORS	L11	-	3	987d0eb3b057c2bdef74160e7258acc5a4459f8be2dd97ff744fc85ecc292a21
row	files_layout_rule_G5_RAW9_BOTHBLANK_SECTORS	L96	0	76	3728ab38cee69362111dab7f3b75b36b49100c14e3fe0e0d96e8ef08363b890e
row	files_layout_rule_G5_RAW9_BOTHBLANK_SECTORS	L96	1	76	625cf5a96e1f3cfe685c5d03ab9a2e9c4ec005f84b0c589524c436d99755ef05
row	files_layout_rule_G5_RAW9_BOTHBLANK_SECTORS	L96	2	76	385dbe44f7afdb5f258107cad7e451acde40cc44c0d8f917dfeaeaed9602be5a
row	files_layout_rule_G5_RAW9_BOTHBLANK_SECTORS	L96	3	76	5694512d47c13b677e4466b2c4ea1bcb52fd5e9c2f17304bff91d6b134790f07
row	files_layout_rule_G5_RAW9_BOTHBLANK_SECTORS	L96	4	76	41135850857a5aece34b58ccaeafebb778ad43580dbfaf2f14d9b20179a77758
row	files_layout_rule_G5_RAW9_BOTHBLANK_SECTORS	L96	5	76	aaefb940d26ad9b609721473a6bdb4875eca513dcb37bc78b9b7d402af0a541b
row	files_layout_rule_G5_RAW9_BOTHBLANK_SECTORS	L96	6	76	299bbb57cdcd635a17ad1fe49fb950ddd15076a7f382637a17d5e8ea7f6f3f7b
row	files_layout_rule_G5_RAW9_BOTHBLANK_SECTORS	L96	7	76	f3a6e83e4fc9dbd6a572d287576d6a3b1c0445b7b439ab9312ea5b9ddfa9572e
row	files_layout_rule_G5_RAW9_BOTHBLANK_SECTORS	L96	8	76	4b20cb08a240e3ea2ffd130f948a31bc471797aa87f97b143561d8fdfd415086
row	files_layout_rule_G5_RAW9_BOTHBLANK_SECTORS	L96	9	76	68be1b7c13addbf24debde543859734a7798b2f579414e2d7f9f25a6d9a5406e
row	files_layout_rule_G5_RAW9_BOTHBLANK_SECTORS	L96	10	76	9103054743941295e541d16281ed47b18d7074a3f586474391cfe48984fc5872
row	files_layout_rule_G5_RAW9_BOTHBLANK_SECTORS	L96	11	76	323c7baa65b9d8f9d0b65d427d992c8351e1a83933e75634e94e79636e3ecc24
row	files_layout_rule_G5_RAW9_BOTHBLANK_SECTORS	L96	12	76	e8944b1347c392888b559130344155466e58d8d07085e209ad5ed26d31562c99
row	files_layout_rule_G5_RAW9_BOTHBLANK_SECTORS	L96	13	76	7ea803625fabe32ee9f4c5513a6f0994b2b19f65c9091588c41a4db2f3cefb56
row	files_layout_rule_G5_RAW9_BOTHBLANK_SECTORS	L96	14	76	9e7bfc052c6c7a76e850e74a32f76713ffddae0ee92bf8e5556c2ce1bc601641
row	files_layout_rule_G5_RAW9_BOTHBLANK_SECTORS	L96	15	76	611ee7a3b3ca98228c847f89bbbc9fd8d7299a9ce1a9fa6044083dcf9a3ed278
row	files_layout_rule_G5_RAW9_BOTHBLANK_SECTORS	L96	16	76	d45d895e920898daf194bbc5e9798aba38701f661041e5e4faeabd86640264f0
row	files_layout_rule_G5_RAW9_BOTHBLANK_SECTORS	L96	17	12	d07c5c44f75dc4dc32301be63106f694d132f2a7cdcc1d0dfa626ac387b5776d
summary	files_layout_rule_G5_RAW9_BOTHBLANK_SECTORS	L96	-	18	e05767fe5ec60ac90fa4b2050d1290ac1af0912bb9c5609816216644850745e3
summary	files_layout_rule_G5_RAW9_BOTHBLANK_NONE	L0	-	0	e3b0c44298fc1c149afbf4c8996fb92427ae41e4649b934ca495991b7852b855
row	files_layout_rule_G5_RAW9_BOTHBLANK_NONE	L1	0	1	666a9ea463a4b593a49bd1c838323e4b6b8df86268af225f0db77611666f45e5
summary	files_layout_rule_G5_RAW9_BOTHBLANK_NONE	L1	-	1	740407967f0511949f9ca3937b557b1f45373f5e4ff2c58734ba8eac501547ea
row	files_layout_rule_G5_RAW9_BOTHBLANK_NONE	L4	0	57	58cbfa7a25e90e098d06e25163e0a23a28d17db407f012c31f8cc6f9bc37c4a3
summary	files_layout_rule_G5_RAW9_BOTHBLANK_NONE	L4	-	1	85fc8edcbca3a1a52c258905150e0bca7b63a758b8a91a00474c1c6dd345d6c8
row	files_layout_rule_G5_RAW9_BOTHBLANK_NONE	L5	0	73	d186ec874e05b38a567201e94970c5a65055b810b7d4e8d018bcb2dd8c5de067
summary	files_layout_rule_G5_RAW9_BOTHBLANK_NONE	L5	-	1	35fc33d10c91803228ffc834cd0c267e19d8705e142299691890dcf034b03c97
row	files_layout_rule_G5_RAW9_BOTHBLANK_NONE	L6	0	73	d186ec874e05b38a567201e94970c5a65055b810b7d4e8d018bcb2dd8c5de067
row	files_layout_rule_G5_RAW9_BOTHBLANK_NONE	L6	1	9	dfc8793c5d20c97c2ed31be87474b9afe08d24d38344a7fa31fd0df7e313f9ed
summary	files_layout_rule_G5_RAW9_BOTHBLANK_NONE	L6	-	2	b299d01a2a724e4ae943e0ddf13e984ea24eefff56dc30d15c68503e8047b0b1
row	files_layout_rule_G5_RAW9_BOTHBLANK_NONE	L11	0	69	dd5109e0c8a9afe9e0948e229b921b1440f663acd72db33f5f796f22a42635b0
row	files_layout_rule_G5_RAW9_BOTHBLANK_NONE	L11	1	72	bee6bd6994c59cfebf6129bcaf46bed6606f5415338f047ebf18c48947c1bdba
row	files_layout_rule_G5_RAW9_BOTHBLANK_NONE	L11	2	8	5e24e9ac06a0bf4a3ed045637b0d8118c4b9a78387c7f026644fe9a5b85401dc
summary	files_layout_rule_G5_RAW9_BOTHBLANK_NONE	L11	-	3	eacacba270e466ced805a125acb4bcc8583493b54b6eee7536318a0a484fa24f
row	files_layout_rule_G5_RAW9_BOTHBLANK_NONE	L96	0	73	b0824e2bf2ee61cb20bf8170bbbed18b7acfbc2257554e71d8c0003dbf4dbd53
row	files_layout_rule_G5_RAW9_BOTHBLANK_NONE	L96	1	73	f0cecccb3b6b51a1448f9495da6dd53c95d21938329b181c06f75cd94d2d02c9
row	files_layout_rule_G5_RAW9_BOTHBLANK_NONE	L96	2	73	f1572f07352b4e23b86e4e5cfb459c5ce156118a3a9bd815ad3c78bc578f464a
row	files_layout_rule_G5_RAW9_BOTHBLANK_NONE	L96	3	73	4008975fe0a3dae167fe62164a28d5522e5a3990fcfca90d8c627bfe4c1ca418
row	files_layout_rule_G5_RAW9_BOTHBLANK_NONE	L96	4	73	69f0087952ae38c6c0ffa19aaf770d6934bf67618cd057c9efab0aba9c4b5377
row	files_layout_rule_G5_RAW9_BOTHBLANK_NONE	L96	5	73	74cbf01d1aed8abd895024a3cdac45b3d384d9d1db080194029b4a983a90c309
row	files_layout_rule_G5_RAW9_BOTHBLANK_NONE	L96	6	73	1712308979bb68250dbec1288b7904b1a740ac75a48a34ba7d894c270f520d99
row	files_layout_rule_G5_RAW9_BOTHBLANK_NONE	L96	7	73	823715c7cc0f7f3174135ad6857d273cb4eaa915f5728decb1352e8c855ded74
row	files_layout_rule_G5_RAW9_BOTHBLANK_NONE	L96	8	73	c1478e1a4635da765a0e56d654bb852ac515df09fb33a8030714b4cc46da14d9
row	files_layout_rule_G5_RAW9_BOTHBLANK_NONE	L96	9	73	0d35e8bf28639234917cccbe0aeda8e5f27dc7454063fc6047aba01c170f0e94
row	files_layout_rule_G5_RAW9_BOTHBLANK_NONE	L96	10	73	b1ac274c69ab0f12a7a6ee0c58159d13c135db8a83f0b6414b1143a37328886b
row	files_layout_rule_G5_RAW9_BOTHBLANK_NONE	L96	11	73	0703b620fcf9c965e88a591b0acb3ec51542333ad7138a28498e857a726e56ce
row	files_layout_rule_G5_RAW9_BOTHBLANK_NONE	L96	12	73	13d93f2f1f326fcf97c86f11e3c29ea2d38230f895308c17038780db9efa772e
row	files_layout_rule_G5_RAW9_BOTHBLANK_NONE	L96	13	73	cc7297d2b17421b936c8e16d65cc9a91eda2aebc55a239e1802d3594b6843c01
row	files_layout_rule_G5_RAW9_BOTHBLANK_NONE	L96	14	73	1843c76d041b5d09b7819a6c4bdfc132e19e6a7fa4b11cfee1affa5327e84b10
row	files_layout_rule_G5_RAW9_BOTHBLANK_NONE	L96	15	73	e4fa6e9eb71d12bc6c1c797e8f088b08697ff5de9e06d6f564ecf3912aa8a227
row	files_layout_rule_G5_RAW9_BOTHBLANK_NONE	L96	16	73	ac487e11d5ffa7616d8f8b4a0fa69e7e79701fd871b03010f1c12227c515db77
row	files_layout_rule_G5_RAW9_BOTHBLANK_NONE	L96	17	9	65860ac222b875129ff9cca3761b95b0b6cd100867bf63551e0a1ecaafa28eb7
summary	files_layout_rule_G5_RAW9_BOTHBLANK_NONE	L96	-	18	9a2ef236476ff02ce77bf0c846342a1aecc5d9c3ccd85e3386cba72dc678c9b9
summary	files_layout_rule_G4_SPLIT63_80DOT_00BLANK_UNITS	L0	-	0	e3b0c44298fc1c149afbf4c8996fb92427ae41e4649b934ca495991b7852b855
row	files_layout_rule_G4_SPLIT63_80DOT_00BLANK_UNITS	L1	0	12	8b19835187d553dc234266490f83982bca67c1f200261e5d395be70ed4114eeb
summary	files_layout_rule_G4_SPLIT63_80DOT_00BLANK_UNITS	L1	-	1	f17b7c035cfa2b1d65855bc94f7aee8302e8d99946c788930f240f840e41245c
row	files_layout_rule_G4_SPLIT63_80DOT_00BLANK_UNITS	L4	0	72	9d57a6e0a3a4fa734f5cda0c43a65381b2bd6a0a0b34225187183eb8af1d7e8c
summary	files_layout_rule_G4_SPLIT63_80DOT_00BLANK_UNITS	L4	-	1	41dc303946576af8f4163cd59e981c1903f90c2fa49b46b4891a9155ee355e0c
row	files_layout_rule_G4_SPLIT63_80DOT_00BLANK_UNITS	L5	0	72	9d57a6e0a3a4fa734f5cda0c43a65381b2bd6a0a0b34225187183eb8af1d7e8c
row	files_layout_rule_G4_SPLIT63_80DOT_00BLANK_UNITS	L5	1	12	dc0c50c7aac70945888e0aa35a5238200cb0f849d625368782dc9df6929a7db5
summary	files_layout_rule_G4_SPLIT63_80DOT_00BLANK_UNITS	L5	-	2	901d40d94b0cd1fe044b79a0d2a191ec00b97104d48f9b02a4886650d0d8243c
row	files_layout_rule_G4_SPLIT63_80DOT_00BLANK_UNITS	L6	0	72	9d57a6e0a3a4fa734f5cda0c43a65381b2bd6a0a0b34225187183eb8af1d7e8c
row	files_layout_rule_G4_SPLIT63_80DOT_00BLANK_UNITS	L6	1	32	c51eb02da283de5e3bdf069de379f0fa52332a242ac29b2d73bae82542dafda5
summary	files_layout_rule_G4_SPLIT63_80DOT_00BLANK_UNITS	L6	-	2	b8a8a2268843b9bb027943cb090d9a37d9a66044eff9aecbe508bd1bd36f169d
row	files_layout_rule_G4_SPLIT63_80DOT_00BLANK_UNITS	L11	0	72	46c28720b73997337d8b12c7ba31580f3196a10ed0ea0835326dc2a39fa62b75
row	files_layout_rule_G4_SPLIT63_80DOT_00BLANK_UNITS	L11	1	72	c75f36aa363cb54d94a9bc72366edea354a432fe650f7cf0689b79c7553a8db8
row	files_layout_rule_G4_SPLIT63_80DOT_00BLANK_UNITS	L11	2	52	fc8d7e11676613b5bed77b5244c677f50d9d49172edaec8c4bc81c6ac4f77b6b
summary	files_layout_rule_G4_SPLIT63_80DOT_00BLANK_UNITS	L11	-	3	d114da350cfb905f696ae73f0836b44955ed081269d25b240e964b33166a5863
row	files_layout_rule_G4_SPLIT63_80DOT_00BLANK_UNITS	L96	0	72	a836e4d9eaa098e49d28bab7e5fd68654edcf485a385b5cfb97c2f4cd542988c
row	files_layout_rule_G4_SPLIT63_80DOT_00BLANK_UNITS	L96	1	72	e7b664334b1e611b437cee0423ab9abdd5cacf4ad82be2e79b0b1f38a5eafa41
row	files_layout_rule_G4_SPLIT63_80DOT_00BLANK_UNITS	L96	2	72	f7329bfbdb0c57f906b4b5e543807b37020d3b655034ece5e100814e5fb19e92
row	files_layout_rule_G4_SPLIT63_80DOT_00BLANK_UNITS	L96	3	72	8e9c1c0ab396a2baacde6159d9d1c1fd2a4d146fe7e6308ec48a8a523b483ecc
row	files_layout_rule_G4_SPLIT63_80DOT_00BLANK_UNITS	L96	4	72	0a60eb77d92f394075a1de573a330edf0b42fcb6255c41c05477a5d9f84ede0b
row	files_layout_rule_G4_SPLIT63_80DOT_00BLANK_UNITS	L96	5	72	c2086add83a88e91896dc0114ff49a9b55c257bc2dde8536f4beec34aadeae86
row	files_layout_rule_G4_SPLIT63_80DOT_00BLANK_UNITS	L96	6	72	ae3dcb93dd70a832ba1e2f4e7242f5be9c37aa5eaa699f3aaac73cd0e88e0f0a
row	files_layout_rule_G4_SPLIT63_80DOT_00BLANK_UNITS	L96	7	72	a5ff4f7d1302ffc4e209e5720db0d7505b92fda1b418e557065cac28de63c8c5
row	files_layout_rule_G4_SPLIT63_80DOT_00BLANK_UNITS	L96	8	72	be5e0c10433c8070de6a5af32affb1172e2d8766a440587a1cc92c8b3af952f7
row	files_layout_rule_G4_SPLIT63_80DOT_00BLANK_UNITS	L96	9	72	6d60a34f0d43a3248b0651f1d2f59010a6739f34311d8c51960fadb0928488b8
row	files_layout_rule_G4_SPLIT63_80DOT_00BLANK_UNITS	L96	10	72	43fe683c8711f04d41b5b868543959719a5c74b98175c3db4e9669d9153aa078
row	files_layout_rule_G4_SPLIT63_80DOT_00BLANK_UNITS	L96	11	72	b4189ee2eaeee2100e053187fb7478ef43b1a34b5b7d06f1a117522fb83c9d13
row	files_layout_rule_G4_SPLIT63_80DOT_00BLANK_UNITS	L96	12	72	e723ebc7f3cc1bf31cd5c67037678f1bdb9bbad698032ee02709a3f5f37a48f2
row	files_layout_rule_G4_SPLIT63_80DOT_00BLANK_UNITS	L96	13	72	fcdfb5447dbafcdd84703785914fcf4237874223386467201f732bdb0e4390de
row	files_layout_rule_G4_SPLIT63_80DOT_00BLANK_UNITS	L96	14	72	f31fd2f2b260dd7d28f8b31fb8f3ee2d18e038e6d1a5edfff690973505abbc3f
row	files_layout_rule_G4_SPLIT63_80DOT_00BLANK_UNITS	L96	15	72	f38ba366efaeafa73619e790809038f2f5eb599c9de6ce2e5d309f8d649a4e7b
row	files_layout_rule_G4_SPLIT63_80DOT_00BLANK_UNITS	L96	16	72	12045d5c952bb6727334117504649b2bf024cfb518108f57b5c12a14f53e2fd5
row	files_layout_rule_G4_SPLIT63_80DOT_00BLANK_UNITS	L96	17	72	d1b7fb7220c2203998210e3b58f98b7a7fb6e0156afe79c020a66886e9436f6e
summary	files_layout_rule_G4_SPLIT63_80DOT_00BLANK_UNITS	L96	-	18	18578220c75518af783310e1b8c4d8b03494ae03d8eea5e4bed25e77879b23cc
summary	files_layout_rule_G4_SPLIT63_80DOT_00BLANK_SECTORS	L0	-	0	e3b0c44298fc1c149afbf4c8996fb92427ae41e4649b934ca495991b7852b855
row	files_layout_rule_G4_SPLIT63_80DOT_00BLANK_SECTORS	L1	0	12	8b19835187d553dc234266490f83982bca67c1f200261e5d395be70ed4114eeb
summary	files_layout_rule_G4_SPLIT63_80DOT_00BLANK_SECTORS	L1	-	1	f17b7c035cfa2b1d65855bc94f7aee8302e8d99946c788930f240f840e41245c
row	files_layout_rule_G4_SPLIT63_80DOT_00BLANK_SECTORS	L4	0	72	9d57a6e0a3a4fa734f5cda0c43a65381b2bd6a0a0b34225187183eb8af1d7e8c
summary	files_layout_rule_G4_SPLIT63_80DOT_00BLANK_SECTORS	L4	-	1	41dc303946576af8f4163cd59e981c1903f90c2fa49b46b4891a9155ee355e0c
row	files_layout_rule_G4_SPLIT63_80DOT_00BLANK_SECTORS	L5	0	72	9d57a6e0a3a4fa734f5cda0c43a65381b2bd6a0a0b34225187183eb8af1d7e8c
row	files_layout_rule_G4_SPLIT63_80DOT_00BLANK_SECTORS	L5	1	12	dc0c50c7aac70945888e0aa35a5238200cb0f849d625368782dc9df6929a7db5
summary	files_layout_rule_G4_SPLIT63_80DOT_00BLANK_SECTORS	L5	-	2	901d40d94b0cd1fe044b79a0d2a191ec00b97104d48f9b02a4886650d0d8243c
row	files_layout_rule_G4_SPLIT63_80DOT_00BLANK_SECTORS	L6	0	72	9d57a6e0a3a4fa734f5cda0c43a65381b2bd6a0a0b34225187183eb8af1d7e8c
row	files_layout_rule_G4_SPLIT63_80DOT_00BLANK_SECTORS	L6	1	32	c51eb02da283de5e3bdf069de379f0fa52332a242ac29b2d73bae82542dafda5
summary	files_layout_rule_G4_SPLIT63_80DOT_00BLANK_SECTORS	L6	-	2	b8a8a2268843b9bb027943cb090d9a37d9a66044eff9aecbe508bd1bd36f169d
row	files_layout_rule_G4_SPLIT63_80DOT_00BLANK_SECTORS	L11	0	72	46c28720b73997337d8b12c7ba31580f3196a10ed0ea0835326dc2a39fa62b75
row	files_layout_rule_G4_SPLIT63_80DOT_00BLANK_SECTORS	L11	1	72	c75f36aa363cb54d94a9bc72366edea354a432fe650f7cf0689b79c7553a8db8
row	files_layout_rule_G4_SPLIT63_80DOT_00BLANK_SECTORS	L11	2	52	ad9d80ed646a0979ef0e4e5533ecd2562d3e1ebb9bf7ebd7b1710fd5e83a8e83
summary	files_layout_rule_G4_SPLIT63_80DOT_00BLANK_SECTORS	L11	-	3	dedfd6bfea7b84f4aae1c008fe9889cd5454dcbf3cec2f245e0340ab5719cf62
row	files_layout_rule_G4_SPLIT63_80DOT_00BLANK_SECTORS	L96	0	72	a836e4d9eaa098e49d28bab7e5fd68654edcf485a385b5cfb97c2f4cd542988c
row	files_layout_rule_G4_SPLIT63_80DOT_00BLANK_SECTORS	L96	1	72	e7b664334b1e611b437cee0423ab9abdd5cacf4ad82be2e79b0b1f38a5eafa41
row	files_layout_rule_G4_SPLIT63_80DOT_00BLANK_SECTORS	L96	2	72	f7329bfbdb0c57f906b4b5e543807b37020d3b655034ece5e100814e5fb19e92
row	files_layout_rule_G4_SPLIT63_80DOT_00BLANK_SECTORS	L96	3	72	8e9c1c0ab396a2baacde6159d9d1c1fd2a4d146fe7e6308ec48a8a523b483ecc
row	files_layout_rule_G4_SPLIT63_80DOT_00BLANK_SECTORS	L96	4	72	0a60eb77d92f394075a1de573a330edf0b42fcb6255c41c05477a5d9f84ede0b
row	files_layout_rule_G4_SPLIT63_80DOT_00BLANK_SECTORS	L96	5	72	c2086add83a88e91896dc0114ff49a9b55c257bc2dde8536f4beec34aadeae86
row	files_layout_rule_G4_SPLIT63_80DOT_00BLANK_SECTORS	L96	6	72	ae3dcb93dd70a832ba1e2f4e7242f5be9c37aa5eaa699f3aaac73cd0e88e0f0a
row	files_layout_rule_G4_SPLIT63_80DOT_00BLANK_SECTORS	L96	7	72	a5ff4f7d1302ffc4e209e5720db0d7505b92fda1b418e557065cac28de63c8c5
row	files_layout_rule_G4_SPLIT63_80DOT_00BLANK_SECTORS	L96	8	72	be5e0c10433c8070de6a5af32affb1172e2d8766a440587a1cc92c8b3af952f7
row	files_layout_rule_G4_SPLIT63_80DOT_00BLANK_SECTORS	L96	9	72	6d60a34f0d43a3248b0651f1d2f59010a6739f34311d8c51960fadb0928488b8
row	files_layout_rule_G4_SPLIT63_80DOT_00BLANK_SECTORS	L96	10	72	43fe683c8711f04d41b5b868543959719a5c74b98175c3db4e9669d9153aa078
row	files_layout_rule_G4_SPLIT63_80DOT_00BLANK_SECTORS	L96	11	72	b4189ee2eaeee2100e053187fb7478ef43b1a34b5b7d06f1a117522fb83c9d13
row	files_layout_rule_G4_SPLIT63_80DOT_00BLANK_SECTORS	L96	12	72	e723ebc7f3cc1bf31cd5c67037678f1bdb9bbad698032ee02709a3f5f37a48f2
row	files_layout_rule_G4_SPLIT63_80DOT_00BLANK_SECTORS	L96	13	72	fcdfb5447dbafcdd84703785914fcf4237874223386467201f732bdb0e4390de
row	files_layout_rule_G4_SPLIT63_80DOT_00BLANK_SECTORS	L96	14	72	f31fd2f2b260dd7d28f8b31fb8f3ee2d18e038e6d1a5edfff690973505abbc3f
row	files_layout_rule_G4_SPLIT63_80DOT_00BLANK_SECTORS	L96	15	72	f38ba366efaeafa73619e790809038f2f5eb599c9de6ce2e5d309f8d649a4e7b
row	files_layout_rule_G4_SPLIT63_80DOT_00BLANK_SECTORS	L96	16	72	12045d5c952bb6727334117504649b2bf024cfb518108f57b5c12a14f53e2fd5
row	files_layout_rule_G4_SPLIT63_80DOT_00BLANK_SECTORS	L96	17	72	d1b7fb7220c2203998210e3b58f98b7a7fb6e0156afe79c020a66886e9436f6e
summary	files_layout_rule_G4_SPLIT63_80DOT_00BLANK_SECTORS	L96	-	18	18578220c75518af783310e1b8c4d8b03494ae03d8eea5e4bed25e77879b23cc
summary	files_layout_rule_G4_SPLIT63_80DOT_00BLANK_NONE	L0	-	0	e3b0c44298fc1c149afbf4c8996fb92427ae41e4649b934ca495991b7852b855
row	files_layout_rule_G4_SPLIT63_80DOT_00BLANK_NONE	L1	0	7	032440120e52e369061a3c58cde7eb887d6b985586c816f084be0af6ab65b774
summary	files_layout_rule_G4_SPLIT63_80DOT_00BLANK_NONE	L1	-	1	5f239d317243e74af720268dbd942ce6970dc27cb3dd64b308898e4d23bc7ddc
row	files_layout_rule_G4_SPLIT63_80DOT_00BLANK_NONE	L4	0	70	6c5307f059205420376d7d3edbb3496f10e9be717ea9e2c1ed21690ff1290664
summary	files_layout_rule_G4_SPLIT63_80DOT_00BLANK_NONE	L4	-	1	0bc1d462c49d70665a4665bdf5177c15ac0359b21b0b2224be587da0d6d8404a
row	files_layout_rule_G4_SPLIT63_80DOT_00BLANK_NONE	L5	0	70	6c5307f059205420376d7d3edbb3496f10e9be717ea9e2c1ed21690ff1290664
row	files_layout_rule_G4_SPLIT63_80DOT_00BLANK_NONE	L5	1	10	17c7b14c906d02ae10ec237fa39976f282dac2e592600a5ac216f247776e0e7f
summary	files_layout_rule_G4_SPLIT63_80DOT_00BLANK_NONE	L5	-	2	e85c43cc988ee8ba9d4a7a06b3684da8d22a50ed9bb3aa69ffa5b13ab62f6794
row	files_layout_rule_G4_SPLIT63_80DOT_00BLANK_NONE	L6	0	70	6c5307f059205420376d7d3edbb3496f10e9be717ea9e2c1ed21690ff1290664
row	files_layout_rule_G4_SPLIT63_80DOT_00BLANK_NONE	L6	1	30	d18b48759786d5bb5628fd1297f99a7fd42b175834e941e94d7dbe48cb3ab7ac
summary	files_layout_rule_G4_SPLIT63_80DOT_00BLANK_NONE	L6	-	2	cd02ca36c568d5a6883def6b1ec19d3b64d7adf6f3ef381e48cee32727265717
row	files_layout_rule_G4_SPLIT63_80DOT_00BLANK_NONE	L11	0	64	d4db5fe44f3de8d009359fe0274f8141af6e2364c6e0dfd8acf07e193afd02c0
row	files_layout_rule_G4_SPLIT63_80DOT_00BLANK_NONE	L11	1	69	eed9f106461ba047333497260af2441ac5c45c7ffebb7595b12a3c19ef721ffb
row	files_layout_rule_G4_SPLIT63_80DOT_00BLANK_NONE	L11	2	49	d7ef3457ee8fc0a30c43e9b5c3c14a0b120d6c00eb09014b4e3dbe8d23eea3a2
summary	files_layout_rule_G4_SPLIT63_80DOT_00BLANK_NONE	L11	-	3	e39e2107a9d45ffca150bcc04cdbb33a7b98aa962d2dfeb9628e77438f4d2cc3
row	files_layout_rule_G4_SPLIT63_80DOT_00BLANK_NONE	L96	0	70	5db28df91a92952ed5cdf5f70a788191797bc65fe8563f3b9bf8470373eec78c
row	files_layout_rule_G4_SPLIT63_80DOT_00BLANK_NONE	L96	1	70	1154d097edb1a6ce0dca844b8b28689f07290ef26e2326ee21a3e859055263eb
row	files_layout_rule_G4_SPLIT63_80DOT_00BLANK_NONE	L96	2	70	d6bbf9ce204b4370a7f8d7e9cd011f8115ee0ba421156b6108e82bffcc1af13a
row	files_layout_rule_G4_SPLIT63_80DOT_00BLANK_NONE	L96	3	70	8bbfcc31b38221ab4428471ef6c62264c3406e0cdd3a8c72902464df2011099d
row	files_layout_rule_G4_SPLIT63_80DOT_00BLANK_NONE	L96	4	70	0798d6bd1001b8e4fc35fa0fcf31674652eba36bf1be105a2c056d247c8df759
row	files_layout_rule_G4_SPLIT63_80DOT_00BLANK_NONE	L96	5	70	6c7a267ec51b7aeaf0d5216a2ee15afb53b3e48ab8f720b9cf6b1a6913c2d7a7
row	files_layout_rule_G4_SPLIT63_80DOT_00BLANK_NONE	L96	6	70	a25907e73720ee518dbd229c021ead97fc93437cf9da586845e89489ca61c9b6
row	files_layout_rule_G4_SPLIT63_80DOT_00BLANK_NONE	L96	7	70	7b2dbb002ad8a64c02540b5daf3aa569fbd13ee1e21beb2f37de94a566d95a7c
row	files_layout_rule_G4_SPLIT63_80DOT_00BLANK_NONE	L96	8	70	308b51a6d266ed89df49ae80125a6a25e842b726181f6e0dbfc11c400d19e78c
row	files_layout_rule_G4_SPLIT63_80DOT_00BLANK_NONE	L96	9	70	b594a000c8c0c222b6624fcc1adda3a50a47ada833a67f0fc48e7ec755f3061c
row	files_layout_rule_G4_SPLIT63_80DOT_00BLANK_NONE	L96	10	70	53a98c2063ff8f41036a8c5113a9e634d9fa8a801a1e49cabbff9e46a66d735f
row	files_layout_rule_G4_SPLIT63_80DOT_00BLANK_NONE	L96	11	70	379e106a87ec6b9ddc9f1d7b65d54723055f58b05a4e7ce9a4084c6ca18c3fad
row	files_layout_rule_G4_SPLIT63_80DOT_00BLANK_NONE	L96	12	70	162bb35e17c4fd4ce7be733891e47de20952233c50dbe32eaf42628ab3ca883f
row	files_layout_rule_G4_SPLIT63_80DOT_00BLANK_NONE	L96	13	70	4fd70224b5bbf90df528f242ec4ff6e96d3d717a68ad55930921a154411790e4
row	files_layout_rule_G4_SPLIT63_80DOT_00BLANK_NONE	L96	14	70	83b9a4dc52f4e0bb75bcd773a6747001d2ddd06981a19cb7217795a55e1b0c99
row	files_layout_rule_G4_SPLIT63_80DOT_00BLANK_NONE	L96	15	70	9d21435d424e47afe613749150760540efccbfaea4209284a03db2466e838d39
row	files_layout_rule_G4_SPLIT63_80DOT_00BLANK_NONE	L96	16	70	e5d15279a45ff968b6ccd746f4798bbf1be0b9eb08ab2a40cd20a168cf43b73a
row	files_layout_rule_G4_SPLIT63_80DOT_00BLANK_NONE	L96	17	70	ea0da301578395678b14d104f00768d649c2becd9dc807319125eaa6fbeea7d3
summary	files_layout_rule_G4_SPLIT63_80DOT_00BLANK_NONE	L96	-	18	ef3420e282908ac1cdf3b703a37856019e8a8bb28f3881caea2aff9d7c14dca0
summary	files_layout_rule_G4_SPLIT63_80BLANK_00DOT_UNITS	L0	-	0	e3b0c44298fc1c149afbf4c8996fb92427ae41e4649b934ca495991b7852b855
row	files_layout_rule_G4_SPLIT63_80BLANK_00DOT_UNITS	L1	0	12	898a86928e13d2d8a20712fcae09a74c8fa44aa74a5e7eaf0cbc45f9ba557638
summary	files_layout_rule_G4_SPLIT63_80BLANK_00DOT_UNITS	L1	-	1	803426cd9fa826ca22d01671acdad76515d27807ffcc6e975ac08d102d1ac1b0
row	files_layout_rule_G4_SPLIT63_80BLANK_00DOT_UNITS	L4	0	72	d35b2bd7543cb08feea704ac6dcddbff96b588e66848c1bd4ee97ac6132f815f
summary	files_layout_rule_G4_SPLIT63_80BLANK_00DOT_UNITS	L4	-	1	6751675813b1d1ae7f7c86ab084b9f0388d82077340c6c8776111902eef6107c
row	files_layout_rule_G4_SPLIT63_80BLANK_00DOT_UNITS	L5	0	72	d35b2bd7543cb08feea704ac6dcddbff96b588e66848c1bd4ee97ac6132f815f
row	files_layout_rule_G4_SPLIT63_80BLANK_00DOT_UNITS	L5	1	12	d0ebfe3da8f227576004b15ee8ffc9c37c83d55984a5906c21962f47788399c2
summary	files_layout_rule_G4_SPLIT63_80BLANK_00DOT_UNITS	L5	-	2	941933054eae8384c459b22e7590501d0da83ec4c14a8ac8ffa79b7695d0c173
row	files_layout_rule_G4_SPLIT63_80BLANK_00DOT_UNITS	L6	0	72	d35b2bd7543cb08feea704ac6dcddbff96b588e66848c1bd4ee97ac6132f815f
row	files_layout_rule_G4_SPLIT63_80BLANK_00DOT_UNITS	L6	1	32	cb00b753091a43d95130a091d07c78b3b69f974b5b957b95c7621b9ccaab1df5
summary	files_layout_rule_G4_SPLIT63_80BLANK_00DOT_UNITS	L6	-	2	318c031942b608dd969dc84525191d076e5055f6fa1a0f0706412f34f667946a
row	files_layout_rule_G4_SPLIT63_80BLANK_00DOT_UNITS	L11	0	72	ae762465022c89a5ff067bb9e107ba750677abddf393d086dd16bffe5d1fbb80
row	files_layout_rule_G4_SPLIT63_80BLANK_00DOT_UNITS	L11	1	72	5917933f9e649fc350dfd65b5e381d97be95d4c336b28ff63c3f48c191815405
row	files_layout_rule_G4_SPLIT63_80BLANK_00DOT_UNITS	L11	2	52	88122374cdee2f7aa03979fed289bd7fc9189644016a7675ed8c457356a5258a
summary	files_layout_rule_G4_SPLIT63_80BLANK_00DOT_UNITS	L11	-	3	2bc3bb692626ebca9a3c591c4690f8c3aef1f311efd5644356576b5ef9026a97
row	files_layout_rule_G4_SPLIT63_80BLANK_00DOT_UNITS	L96	0	72	9688883781b65d883446ec38d92f8d0f8b9bbfdd91ceb084bcfc828a829737bb
row	files_layout_rule_G4_SPLIT63_80BLANK_00DOT_UNITS	L96	1	72	fde43864763768c8bf78faa877db5774e8b7e8d0abf9df377accd17fcaf3820b
row	files_layout_rule_G4_SPLIT63_80BLANK_00DOT_UNITS	L96	2	72	d286b2ccfeca2f19349a3e86938f5c18deb6e51666eaa1be4106365dd9423005
row	files_layout_rule_G4_SPLIT63_80BLANK_00DOT_UNITS	L96	3	72	293965e0f3f3bd61d02c714609bfaef4d0a2526501653d528a4b20a3f1883ebd
row	files_layout_rule_G4_SPLIT63_80BLANK_00DOT_UNITS	L96	4	72	568ee631eece65bae0be763e4f0f57b3b5c802ea11f12a252db359bd4e48516c
row	files_layout_rule_G4_SPLIT63_80BLANK_00DOT_UNITS	L96	5	72	3b6c2e687c7c86e62b7992cfd981357450ad326e5ffca833515818fe4568dd77
row	files_layout_rule_G4_SPLIT63_80BLANK_00DOT_UNITS	L96	6	72	1f13d0cde57f0040d15f8debc52319619dc056310eed822356112cd3fb53503a
row	files_layout_rule_G4_SPLIT63_80BLANK_00DOT_UNITS	L96	7	72	51800f7a1b9eac139353be9466af38f655e23decb678fe3273cab1e4f50a2d94
row	files_layout_rule_G4_SPLIT63_80BLANK_00DOT_UNITS	L96	8	72	fb2f855a7e2753867bec4e24492e754de94027b9a5211fa7917a9c6280ec2430
row	files_layout_rule_G4_SPLIT63_80BLANK_00DOT_UNITS	L96	9	72	117e6dbf908329d0f3c5b5ab8ce0fb9fa2f26e6dc5c8fd3cfbf7905c117ba7c4
row	files_layout_rule_G4_SPLIT63_80BLANK_00DOT_UNITS	L96	10	72	334018b37ea2a959367ebcfb5962238bbd88c73603429a27c7cfd6a960fb55ff
row	files_layout_rule_G4_SPLIT63_80BLANK_00DOT_UNITS	L96	11	72	57937a5ebcd8887327785ee8489d5d133b8591d55df382695e333f09c19cc7bd
row	files_layout_rule_G4_SPLIT63_80BLANK_00DOT_UNITS	L96	12	72	d961b3a7c0daa93d650f675413a737f8809c2c81dcaf24d0391bc916de64537b
row	files_layout_rule_G4_SPLIT63_80BLANK_00DOT_UNITS	L96	13	72	90a6ba20a78c5b511ed2b12ffa1b8b50fddb3166734778af4dde631ccd4d85f7
row	files_layout_rule_G4_SPLIT63_80BLANK_00DOT_UNITS	L96	14	72	e9f858d1a2668b17ef9f9e9a9cefa7d3c3154c2a06ebeafc4174f56ccb3d624e
row	files_layout_rule_G4_SPLIT63_80BLANK_00DOT_UNITS	L96	15	72	ca193f32c2046d2616ff71e735dd3163274d0471fcac3f67cf0dd6c7a33909ca
row	files_layout_rule_G4_SPLIT63_80BLANK_00DOT_UNITS	L96	16	72	04271031c24713651f04014b168d177b81c2e7bfda22fb117d380ee0abd736ce
row	files_layout_rule_G4_SPLIT63_80BLANK_00DOT_UNITS	L96	17	72	06da0e9d44ee7b5d16ab14b4240f4c033bf1729d9303db1b118be7c6cd38a7a2
summary	files_layout_rule_G4_SPLIT63_80BLANK_00DOT_UNITS	L96	-	18	4c2fabeb1bf2b628c6b06b2a612b9a7cdc5c38728192dd799ade78c536e06bd3
summary	files_layout_rule_G4_SPLIT63_80BLANK_00DOT_SECTORS	L0	-	0	e3b0c44298fc1c149afbf4c8996fb92427ae41e4649b934ca495991b7852b855
row	files_layout_rule_G4_SPLIT63_80BLANK_00DOT_SECTORS	L1	0	12	898a86928e13d2d8a20712fcae09a74c8fa44aa74a5e7eaf0cbc45f9ba557638
summary	files_layout_rule_G4_SPLIT63_80BLANK_00DOT_SECTORS	L1	-	1	803426cd9fa826ca22d01671acdad76515d27807ffcc6e975ac08d102d1ac1b0
row	files_layout_rule_G4_SPLIT63_80BLANK_00DOT_SECTORS	L4	0	72	d35b2bd7543cb08feea704ac6dcddbff96b588e66848c1bd4ee97ac6132f815f
summary	files_layout_rule_G4_SPLIT63_80BLANK_00DOT_SECTORS	L4	-	1	6751675813b1d1ae7f7c86ab084b9f0388d82077340c6c8776111902eef6107c
row	files_layout_rule_G4_SPLIT63_80BLANK_00DOT_SECTORS	L5	0	72	d35b2bd7543cb08feea704ac6dcddbff96b588e66848c1bd4ee97ac6132f815f
row	files_layout_rule_G4_SPLIT63_80BLANK_00DOT_SECTORS	L5	1	12	d0ebfe3da8f227576004b15ee8ffc9c37c83d55984a5906c21962f47788399c2
summary	files_layout_rule_G4_SPLIT63_80BLANK_00DOT_SECTORS	L5	-	2	941933054eae8384c459b22e7590501d0da83ec4c14a8ac8ffa79b7695d0c173
row	files_layout_rule_G4_SPLIT63_80BLANK_00DOT_SECTORS	L6	0	72	d35b2bd7543cb08feea704ac6dcddbff96b588e66848c1bd4ee97ac6132f815f
row	files_layout_rule_G4_SPLIT63_80BLANK_00DOT_SECTORS	L6	1	32	cb00b753091a43d95130a091d07c78b3b69f974b5b957b95c7621b9ccaab1df5
summary	files_layout_rule_G4_SPLIT63_80BLANK_00DOT_SECTORS	L6	-	2	318c031942b608dd969dc84525191d076e5055f6fa1a0f0706412f34f667946a
row	files_layout_rule_G4_SPLIT63_80BLANK_00DOT_SECTORS	L11	0	72	ae762465022c89a5ff067bb9e107ba750677abddf393d086dd16bffe5d1fbb80
row	files_layout_rule_G4_SPLIT63_80BLANK_00DOT_SECTORS	L11	1	72	5917933f9e649fc350dfd65b5e381d97be95d4c336b28ff63c3f48c191815405
row	files_layout_rule_G4_SPLIT63_80BLANK_00DOT_SECTORS	L11	2	52	27fd54098111a5d092d0732fe5df202936256fc522b97303b7a1dde87eacf7bd
summary	files_layout_rule_G4_SPLIT63_80BLANK_00DOT_SECTORS	L11	-	3	1d9e1da14f6301fa4abad78f98e9dbae6aebf871a96176bb6ae48557b55eef70
row	files_layout_rule_G4_SPLIT63_80BLANK_00DOT_SECTORS	L96	0	72	9688883781b65d883446ec38d92f8d0f8b9bbfdd91ceb084bcfc828a829737bb
row	files_layout_rule_G4_SPLIT63_80BLANK_00DOT_SECTORS	L96	1	72	fde43864763768c8bf78faa877db5774e8b7e8d0abf9df377accd17fcaf3820b
row	files_layout_rule_G4_SPLIT63_80BLANK_00DOT_SECTORS	L96	2	72	d286b2ccfeca2f19349a3e86938f5c18deb6e51666eaa1be4106365dd9423005
row	files_layout_rule_G4_SPLIT63_80BLANK_00DOT_SECTORS	L96	3	72	293965e0f3f3bd61d02c714609bfaef4d0a2526501653d528a4b20a3f1883ebd
row	files_layout_rule_G4_SPLIT63_80BLANK_00DOT_SECTORS	L96	4	72	568ee631eece65bae0be763e4f0f57b3b5c802ea11f12a252db359bd4e48516c
row	files_layout_rule_G4_SPLIT63_80BLANK_00DOT_SECTORS	L96	5	72	3b6c2e687c7c86e62b7992cfd981357450ad326e5ffca833515818fe4568dd77
row	files_layout_rule_G4_SPLIT63_80BLANK_00DOT_SECTORS	L96	6	72	1f13d0cde57f0040d15f8debc52319619dc056310eed822356112cd3fb53503a
row	files_layout_rule_G4_SPLIT63_80BLANK_00DOT_SECTORS	L96	7	72	51800f7a1b9eac139353be9466af38f655e23decb678fe3273cab1e4f50a2d94
row	files_layout_rule_G4_SPLIT63_80BLANK_00DOT_SECTORS	L96	8	72	fb2f855a7e2753867bec4e24492e754de94027b9a5211fa7917a9c6280ec2430
row	files_layout_rule_G4_SPLIT63_80BLANK_00DOT_SECTORS	L96	9	72	117e6dbf908329d0f3c5b5ab8ce0fb9fa2f26e6dc5c8fd3cfbf7905c117ba7c4
row	files_layout_rule_G4_SPLIT63_80BLANK_00DOT_SECTORS	L96	10	72	334018b37ea2a959367ebcfb5962238bbd88c73603429a27c7cfd6a960fb55ff
row	files_layout_rule_G4_SPLIT63_80BLANK_00DOT_SECTORS	L96	11	72	57937a5ebcd8887327785ee8489d5d133b8591d55df382695e333f09c19cc7bd
row	files_layout_rule_G4_SPLIT63_80BLANK_00DOT_SECTORS	L96	12	72	d961b3a7c0daa93d650f675413a737f8809c2c81dcaf24d0391bc916de64537b
row	files_layout_rule_G4_SPLIT63_80BLANK_00DOT_SECTORS	L96	13	72	90a6ba20a78c5b511ed2b12ffa1b8b50fddb3166734778af4dde631ccd4d85f7
row	files_layout_rule_G4_SPLIT63_80BLANK_00DOT_SECTORS	L96	14	72	e9f858d1a2668b17ef9f9e9a9cefa7d3c3154c2a06ebeafc4174f56ccb3d624e
row	files_layout_rule_G4_SPLIT63_80BLANK_00DOT_SECTORS	L96	15	72	ca193f32c2046d2616ff71e735dd3163274d0471fcac3f67cf0dd6c7a33909ca
row	files_layout_rule_G4_SPLIT63_80BLANK_00DOT_SECTORS	L96	16	72	04271031c24713651f04014b168d177b81c2e7bfda22fb117d380ee0abd736ce
row	files_layout_rule_G4_SPLIT63_80BLANK_00DOT_SECTORS	L96	17	72	06da0e9d44ee7b5d16ab14b4240f4c033bf1729d9303db1b118be7c6cd38a7a2
summary	files_layout_rule_G4_SPLIT63_80BLANK_00DOT_SECTORS	L96	-	18	4c2fabeb1bf2b628c6b06b2a612b9a7cdc5c38728192dd799ade78c536e06bd3
summary	files_layout_rule_G4_SPLIT63_80BLANK_00DOT_NONE	L0	-	0	e3b0c44298fc1c149afbf4c8996fb92427ae41e4649b934ca495991b7852b855
row	files_layout_rule_G4_SPLIT63_80BLANK_00DOT_NONE	L1	0	1	666a9ea463a4b593a49bd1c838323e4b6b8df86268af225f0db77611666f45e5
summary	files_layout_rule_G4_SPLIT63_80BLANK_00DOT_NONE	L1	-	1	740407967f0511949f9ca3937b557b1f45373f5e4ff2c58734ba8eac501547ea
row	files_layout_rule_G4_SPLIT63_80BLANK_00DOT_NONE	L4	0	70	72346befdd5b2c7ce78398b658da805a856609d1392b24a79ffce2377ec0d1d3
summary	files_layout_rule_G4_SPLIT63_80BLANK_00DOT_NONE	L4	-	1	66397bf3eeb1d4a8ea3b07cf387cb09ecbb6a8a8d88f360249cf7868c554c1e4
row	files_layout_rule_G4_SPLIT63_80BLANK_00DOT_NONE	L5	0	70	72346befdd5b2c7ce78398b658da805a856609d1392b24a79ffce2377ec0d1d3
row	files_layout_rule_G4_SPLIT63_80BLANK_00DOT_NONE	L5	1	10	af6a39082ad15f93924fb9be63cc255e017b15209224e6e50960bb0987d820fb
summary	files_layout_rule_G4_SPLIT63_80BLANK_00DOT_NONE	L5	-	2	d1b1cb26b665382dfbe91e6484321dbd4ffccecff9a895393478ee982d44edd4
row	files_layout_rule_G4_SPLIT63_80BLANK_00DOT_NONE	L6	0	70	72346befdd5b2c7ce78398b658da805a856609d1392b24a79ffce2377ec0d1d3
row	files_layout_rule_G4_SPLIT63_80BLANK_00DOT_NONE	L6	1	30	6805f338e24f7e875a6d72085103baa8b2de19cfe4ee5d3be7f2f439596f95cf
summary	files_layout_rule_G4_SPLIT63_80BLANK_00DOT_NONE	L6	-	2	af927713734d941abaa6a9a0eb4cbf157699ab22bed64b5c73f5e1da1c39c5aa
row	files_layout_rule_G4_SPLIT63_80BLANK_00DOT_NONE	L11	0	67	06b46a40de89d867f24560884f2aad649139d7faad51df1c0e2b06bb52c09571
row	files_layout_rule_G4_SPLIT63_80BLANK_00DOT_NONE	L11	1	69	f3b8562cbf4ce4e8c60e03d05fd5c2c2da70df98063b6b11deb6a755ee4eff68
row	files_layout_rule_G4_SPLIT63_80BLANK_00DOT_NONE	L11	2	49	6d64ad08c897aeff4bd0dbba3997914aebc4300eba6934f07d27bfbb35eecb1e
summary	files_layout_rule_G4_SPLIT63_80BLANK_00DOT_NONE	L11	-	3	ad32fb7da47e8d249efa8069ccc078a6867425f2fa08829a0abdfa1b42a47a75
row	files_layout_rule_G4_SPLIT63_80BLANK_00DOT_NONE	L96	0	70	3f6e75e3eaa2e6729b56581d003a97d033434d53b01d8a26015a188e9c56c924
row	files_layout_rule_G4_SPLIT63_80BLANK_00DOT_NONE	L96	1	70	ff7c311996a2e58634a789256babd5f4860178f5560df19fff55fdc694bbf87e
row	files_layout_rule_G4_SPLIT63_80BLANK_00DOT_NONE	L96	2	70	de4f5e8678a641fd4f1712ed1684d47e0fa1d9822c9e936a18b68c2af5a2f0a2
row	files_layout_rule_G4_SPLIT63_80BLANK_00DOT_NONE	L96	3	70	c4d6e37e5a99bd75a7300fc61fa8bee62203401fd113243120cc9f58667d9341
row	files_layout_rule_G4_SPLIT63_80BLANK_00DOT_NONE	L96	4	70	e71feb0ee0d6667500692eeafa8f3b7b7d2ec97ea4abd60696b22ed1fcc207e0
row	files_layout_rule_G4_SPLIT63_80BLANK_00DOT_NONE	L96	5	70	777fb86f99915980aadd74273e4f7089d391b70864c7de01249df008b00bccfb
row	files_layout_rule_G4_SPLIT63_80BLANK_00DOT_NONE	L96	6	70	0be2ec1602fc4241c0368b4a91760f69207bd93d85e4b8c971ea446725e9b981
row	files_layout_rule_G4_SPLIT63_80BLANK_00DOT_NONE	L96	7	70	984383cdf55748c238de964095bda920e96a352f8a9560075d92c49ee842ea46
row	files_layout_rule_G4_SPLIT63_80BLANK_00DOT_NONE	L96	8	70	6a283dbe1ce63ea626e33204723439a86d078a930e227acd1a46f8a4c748e032
row	files_layout_rule_G4_SPLIT63_80BLANK_00DOT_NONE	L96	9	70	014a2dddffcb7eaf39a3cfc937f0eaa07e0b2806b1082d5d30eda08687e95771
row	files_layout_rule_G4_SPLIT63_80BLANK_00DOT_NONE	L96	10	70	d23b97234fdaa7f562aaff3420be6627f492227f02a610ed90ce8a327406765e
row	files_layout_rule_G4_SPLIT63_80BLANK_00DOT_NONE	L96	11	70	d54a372e8c1d585da107e088a2ec406efb3801ace66dff9368c19a86bd3c198a
row	files_layout_rule_G4_SPLIT63_80BLANK_00DOT_NONE	L96	12	70	e7aa7bf5fa3517f8151d7cd0d96b9f66cdde783c4eee3182d9916dc6f693c446
row	files_layout_rule_G4_SPLIT63_80BLANK_00DOT_NONE	L96	13	70	2922731f9835e438255409217b1319316d92c76277a51b90af999b0402fdae8f
row	files_layout_rule_G4_SPLIT63_80BLANK_00DOT_NONE	L96	14	70	7ea65bf57789ef2ad74f8dfb664ac28c8e02c5eeb469d6a77851ee25c9240a98
row	files_layout_rule_G4_SPLIT63_80BLANK_00DOT_NONE	L96	15	70	7f953fd843790d625660a6c89543999c1ae68a09a59752ea9f6eced3ca510542
row	files_layout_rule_G4_SPLIT63_80BLANK_00DOT_NONE	L96	16	70	35aa406bf5f5131840cd10f9efee3cbadb19f6862a79345845d90377e83cfac9
row	files_layout_rule_G4_SPLIT63_80BLANK_00DOT_NONE	L96	17	70	4ae3ced1bbe62b41844160c131b18258f2191b7ead6eafc91dad0a25add19964
summary	files_layout_rule_G4_SPLIT63_80BLANK_00DOT_NONE	L96	-	18	0ecb603d2735ef0f48147712d476a9eb34487782baa10fd5bc3e832c91f66e03
summary	files_layout_rule_G4_SPLIT63_BOTHBLANK_UNITS	L0	-	0	e3b0c44298fc1c149afbf4c8996fb92427ae41e4649b934ca495991b7852b855
row	files_layout_rule_G4_SPLIT63_BOTHBLANK_UNITS	L1	0	12	898a86928e13d2d8a20712fcae09a74c8fa44aa74a5e7eaf0cbc45f9ba557638
summary	files_layout_rule_G4_SPLIT63_BOTHBLANK_UNITS	L1	-	1	803426cd9fa826ca22d01671acdad76515d27807ffcc6e975ac08d102d1ac1b0
row	files_layout_rule_G4_SPLIT63_BOTHBLANK_UNITS	L4	0	72	f6a6ed4b983e7cab9fa1fe21616c9d19febf0be42e599dcc4ebe2a30b64c7318
summary	files_layout_rule_G4_SPLIT63_BOTHBLANK_UNITS	L4	-	1	449a2bcccf57d5c830164e0b1a940be234376f68c962b21e15272f51f0663277
row	files_layout_rule_G4_SPLIT63_BOTHBLANK_UNITS	L5	0	72	f6a6ed4b983e7cab9fa1fe21616c9d19febf0be42e599dcc4ebe2a30b64c7318
row	files_layout_rule_G4_SPLIT63_BOTHBLANK_UNITS	L5	1	12	d0ebfe3da8f227576004b15ee8ffc9c37c83d55984a5906c21962f47788399c2
summary	files_layout_rule_G4_SPLIT63_BOTHBLANK_UNITS	L5	-	2	6388a69cef08968fb75676ac37fc39a0d2b9952b228bba859980568c437195a2
row	files_layout_rule_G4_SPLIT63_BOTHBLANK_UNITS	L6	0	72	f6a6ed4b983e7cab9fa1fe21616c9d19febf0be42e599dcc4ebe2a30b64c7318
row	files_layout_rule_G4_SPLIT63_BOTHBLANK_UNITS	L6	1	32	b2eb8754bf1f9b7320cfd1af913d4cc934692da27ad464b00c4589f072515954
summary	files_layout_rule_G4_SPLIT63_BOTHBLANK_UNITS	L6	-	2	03bfd174de972421677ff111d764b106640b455c479af009d8efd908d5a690f0
row	files_layout_rule_G4_SPLIT63_BOTHBLANK_UNITS	L11	0	72	7a997586363d75e9728efcd8b733a691a61a96549ebff88dd4a4cd5f561c7b15
row	files_layout_rule_G4_SPLIT63_BOTHBLANK_UNITS	L11	1	72	5a6a5f9e668b76c2ec7b8dc273d1e4a7f71d9b3ac8e22fb46494c12f690e3d44
row	files_layout_rule_G4_SPLIT63_BOTHBLANK_UNITS	L11	2	52	03279ad5a58fe3f785ad81d269882987c9f501aed83649db3cfce15e145a243c
summary	files_layout_rule_G4_SPLIT63_BOTHBLANK_UNITS	L11	-	3	e5a16c959aaaa964dc6652c496bc428aa16ee2a690b9960e116f421fb9b757de
row	files_layout_rule_G4_SPLIT63_BOTHBLANK_UNITS	L96	0	72	77946a5f62b1071aa0cfe60242e39d38ac6f01af2b159d18868d90f2c5ad4cd1
row	files_layout_rule_G4_SPLIT63_BOTHBLANK_UNITS	L96	1	72	8948d5702d2de022d75588a1192f1b045af771f29422a22b57aeb2550d18450b
row	files_layout_rule_G4_SPLIT63_BOTHBLANK_UNITS	L96	2	72	03f306c448c00bc1fe4651b1757a8f189886c1baf1ad54c435bddf76f1fad1ca
row	files_layout_rule_G4_SPLIT63_BOTHBLANK_UNITS	L96	3	72	f4b6ef9663325e700ec81574449d97d35dd2206621c9f2f844346c888854bb96
row	files_layout_rule_G4_SPLIT63_BOTHBLANK_UNITS	L96	4	72	16334773db560c8eef8e890f06724a98c0fc96303e5acec7afd7f35212ecbde8
row	files_layout_rule_G4_SPLIT63_BOTHBLANK_UNITS	L96	5	72	b032bf75932187cc5450f9e296fc42e098d713a45a13c5dfa3fdcba63d8c9d07
row	files_layout_rule_G4_SPLIT63_BOTHBLANK_UNITS	L96	6	72	18bb149c86280c67dc7c6ed2f2af5cfecfe76678ee09c1a79e5f7f4780858a56
row	files_layout_rule_G4_SPLIT63_BOTHBLANK_UNITS	L96	7	72	4c0942ed47dd90820e68b3935826c666e1d5c991f83b21f28b526a0b9339a806
row	files_layout_rule_G4_SPLIT63_BOTHBLANK_UNITS	L96	8	72	4efbf4e8d56601c4df5d2d1edfce09e168482b06fa930686ef534c058b7e239f
row	files_layout_rule_G4_SPLIT63_BOTHBLANK_UNITS	L96	9	72	9f5c5c3ecc221e55460304cd681879d70058a36a2cefaf81892996171afe16bb
row	files_layout_rule_G4_SPLIT63_BOTHBLANK_UNITS	L96	10	72	fc5cf38a0e3b9232c72e7363d0e46c465fd88695fc2032cc57e54d65774f9c47
row	files_layout_rule_G4_SPLIT63_BOTHBLANK_UNITS	L96	11	72	506acfb055a1e3339aa28b19df156b2168286fba1f65de5429a226cd9c158bc2
row	files_layout_rule_G4_SPLIT63_BOTHBLANK_UNITS	L96	12	72	0887b2ea97bb387522db29f30a3494637204b5f11c79592d050601d56fd6815a
row	files_layout_rule_G4_SPLIT63_BOTHBLANK_UNITS	L96	13	72	15164c24ee16423c965d567096fa953db965f469b4e347ffbae8403896de6dee
row	files_layout_rule_G4_SPLIT63_BOTHBLANK_UNITS	L96	14	72	62f30ea79e9c0c4cf5ec993bd6be253da20c53f0e5ccd9ee228271621ec14fe7
row	files_layout_rule_G4_SPLIT63_BOTHBLANK_UNITS	L96	15	72	d50c3875e3bfe22dd343c57e339a8b43627673dead6dae39a3c53cb7884971fd
row	files_layout_rule_G4_SPLIT63_BOTHBLANK_UNITS	L96	16	72	1a3799d41bd58535e3bd19bb0efef48fbc29dd3f800ca42c741a095841368865
row	files_layout_rule_G4_SPLIT63_BOTHBLANK_UNITS	L96	17	72	5bfb956ef871b26b8b37ff08faffddd59e4de8cd03b7ba151decb9979b3f21a0
summary	files_layout_rule_G4_SPLIT63_BOTHBLANK_UNITS	L96	-	18	42f781dc6793caaae5e16c2aab08a39fd08341f89b5b497457e2ac5004e34828
summary	files_layout_rule_G4_SPLIT63_BOTHBLANK_SECTORS	L0	-	0	e3b0c44298fc1c149afbf4c8996fb92427ae41e4649b934ca495991b7852b855
row	files_layout_rule_G4_SPLIT63_BOTHBLANK_SECTORS	L1	0	12	898a86928e13d2d8a20712fcae09a74c8fa44aa74a5e7eaf0cbc45f9ba557638
summary	files_layout_rule_G4_SPLIT63_BOTHBLANK_SECTORS	L1	-	1	803426cd9fa826ca22d01671acdad76515d27807ffcc6e975ac08d102d1ac1b0
row	files_layout_rule_G4_SPLIT63_BOTHBLANK_SECTORS	L4	0	72	f6a6ed4b983e7cab9fa1fe21616c9d19febf0be42e599dcc4ebe2a30b64c7318
summary	files_layout_rule_G4_SPLIT63_BOTHBLANK_SECTORS	L4	-	1	449a2bcccf57d5c830164e0b1a940be234376f68c962b21e15272f51f0663277
row	files_layout_rule_G4_SPLIT63_BOTHBLANK_SECTORS	L5	0	72	f6a6ed4b983e7cab9fa1fe21616c9d19febf0be42e599dcc4ebe2a30b64c7318
row	files_layout_rule_G4_SPLIT63_BOTHBLANK_SECTORS	L5	1	12	d0ebfe3da8f227576004b15ee8ffc9c37c83d55984a5906c21962f47788399c2
summary	files_layout_rule_G4_SPLIT63_BOTHBLANK_SECTORS	L5	-	2	6388a69cef08968fb75676ac37fc39a0d2b9952b228bba859980568c437195a2
row	files_layout_rule_G4_SPLIT63_BOTHBLANK_SECTORS	L6	0	72	f6a6ed4b983e7cab9fa1fe21616c9d19febf0be42e599dcc4ebe2a30b64c7318
row	files_layout_rule_G4_SPLIT63_BOTHBLANK_SECTORS	L6	1	32	b2eb8754bf1f9b7320cfd1af913d4cc934692da27ad464b00c4589f072515954
summary	files_layout_rule_G4_SPLIT63_BOTHBLANK_SECTORS	L6	-	2	03bfd174de972421677ff111d764b106640b455c479af009d8efd908d5a690f0
row	files_layout_rule_G4_SPLIT63_BOTHBLANK_SECTORS	L11	0	72	7a997586363d75e9728efcd8b733a691a61a96549ebff88dd4a4cd5f561c7b15
row	files_layout_rule_G4_SPLIT63_BOTHBLANK_SECTORS	L11	1	72	5a6a5f9e668b76c2ec7b8dc273d1e4a7f71d9b3ac8e22fb46494c12f690e3d44
row	files_layout_rule_G4_SPLIT63_BOTHBLANK_SECTORS	L11	2	52	3fd39ac0737f00f19b4c2c2c10d770feb94d0bac246d22c6847a93fcae4d2ce1
summary	files_layout_rule_G4_SPLIT63_BOTHBLANK_SECTORS	L11	-	3	c78182728f4f244b73d8613f53fcf07f51b27b8891cd25cb3939f1a151fee77d
row	files_layout_rule_G4_SPLIT63_BOTHBLANK_SECTORS	L96	0	72	77946a5f62b1071aa0cfe60242e39d38ac6f01af2b159d18868d90f2c5ad4cd1
row	files_layout_rule_G4_SPLIT63_BOTHBLANK_SECTORS	L96	1	72	8948d5702d2de022d75588a1192f1b045af771f29422a22b57aeb2550d18450b
row	files_layout_rule_G4_SPLIT63_BOTHBLANK_SECTORS	L96	2	72	03f306c448c00bc1fe4651b1757a8f189886c1baf1ad54c435bddf76f1fad1ca
row	files_layout_rule_G4_SPLIT63_BOTHBLANK_SECTORS	L96	3	72	f4b6ef9663325e700ec81574449d97d35dd2206621c9f2f844346c888854bb96
row	files_layout_rule_G4_SPLIT63_BOTHBLANK_SECTORS	L96	4	72	16334773db560c8eef8e890f06724a98c0fc96303e5acec7afd7f35212ecbde8
row	files_layout_rule_G4_SPLIT63_BOTHBLANK_SECTORS	L96	5	72	b032bf75932187cc5450f9e296fc42e098d713a45a13c5dfa3fdcba63d8c9d07
row	files_layout_rule_G4_SPLIT63_BOTHBLANK_SECTORS	L96	6	72	18bb149c86280c67dc7c6ed2f2af5cfecfe76678ee09c1a79e5f7f4780858a56
row	files_layout_rule_G4_SPLIT63_BOTHBLANK_SECTORS	L96	7	72	4c0942ed47dd90820e68b3935826c666e1d5c991f83b21f28b526a0b9339a806
row	files_layout_rule_G4_SPLIT63_BOTHBLANK_SECTORS	L96	8	72	4efbf4e8d56601c4df5d2d1edfce09e168482b06fa930686ef534c058b7e239f
row	files_layout_rule_G4_SPLIT63_BOTHBLANK_SECTORS	L96	9	72	9f5c5c3ecc221e55460304cd681879d70058a36a2cefaf81892996171afe16bb
row	files_layout_rule_G4_SPLIT63_BOTHBLANK_SECTORS	L96	10	72	fc5cf38a0e3b9232c72e7363d0e46c465fd88695fc2032cc57e54d65774f9c47
row	files_layout_rule_G4_SPLIT63_BOTHBLANK_SECTORS	L96	11	72	506acfb055a1e3339aa28b19df156b2168286fba1f65de5429a226cd9c158bc2
row	files_layout_rule_G4_SPLIT63_BOTHBLANK_SECTORS	L96	12	72	0887b2ea97bb387522db29f30a3494637204b5f11c79592d050601d56fd6815a
row	files_layout_rule_G4_SPLIT63_BOTHBLANK_SECTORS	L96	13	72	15164c24ee16423c965d567096fa953db965f469b4e347ffbae8403896de6dee
row	files_layout_rule_G4_SPLIT63_BOTHBLANK_SECTORS	L96	14	72	62f30ea79e9c0c4cf5ec993bd6be253da20c53f0e5ccd9ee228271621ec14fe7
row	files_layout_rule_G4_SPLIT63_BOTHBLANK_SECTORS	L96	15	72	d50c3875e3bfe22dd343c57e339a8b43627673dead6dae39a3c53cb7884971fd
row	files_layout_rule_G4_SPLIT63_BOTHBLANK_SECTORS	L96	16	72	1a3799d41bd58535e3bd19bb0efef48fbc29dd3f800ca42c741a095841368865
row	files_layout_rule_G4_SPLIT63_BOTHBLANK_SECTORS	L96	17	72	5bfb956ef871b26b8b37ff08faffddd59e4de8cd03b7ba151decb9979b3f21a0
summary	files_layout_rule_G4_SPLIT63_BOTHBLANK_SECTORS	L96	-	18	42f781dc6793caaae5e16c2aab08a39fd08341f89b5b497457e2ac5004e34828
summary	files_layout_rule_G4_SPLIT63_BOTHBLANK_NONE	L0	-	0	e3b0c44298fc1c149afbf4c8996fb92427ae41e4649b934ca495991b7852b855
row	files_layout_rule_G4_SPLIT63_BOTHBLANK_NONE	L1	0	1	666a9ea463a4b593a49bd1c838323e4b6b8df86268af225f0db77611666f45e5
summary	files_layout_rule_G4_SPLIT63_BOTHBLANK_NONE	L1	-	1	740407967f0511949f9ca3937b557b1f45373f5e4ff2c58734ba8eac501547ea
row	files_layout_rule_G4_SPLIT63_BOTHBLANK_NONE	L4	0	70	2975b1845a47f19e53fef14ac157782568e1d947ae472c3f1474dfc25cd282fd
summary	files_layout_rule_G4_SPLIT63_BOTHBLANK_NONE	L4	-	1	7a0cb14a6bafd2c61b7f525dc16f88c670391ea67ef0461ad209ad03b61befb3
row	files_layout_rule_G4_SPLIT63_BOTHBLANK_NONE	L5	0	70	2975b1845a47f19e53fef14ac157782568e1d947ae472c3f1474dfc25cd282fd
row	files_layout_rule_G4_SPLIT63_BOTHBLANK_NONE	L5	1	10	af6a39082ad15f93924fb9be63cc255e017b15209224e6e50960bb0987d820fb
summary	files_layout_rule_G4_SPLIT63_BOTHBLANK_NONE	L5	-	2	117b506eac2042efff5e9aa41dc1beb87e5b169308eb78db0ac2e77088c474f2
row	files_layout_rule_G4_SPLIT63_BOTHBLANK_NONE	L6	0	70	2975b1845a47f19e53fef14ac157782568e1d947ae472c3f1474dfc25cd282fd
row	files_layout_rule_G4_SPLIT63_BOTHBLANK_NONE	L6	1	30	606c8ef902759fece938e6ad7f1a2e77f9da27495bc1c366a1b465d04d28e44f
summary	files_layout_rule_G4_SPLIT63_BOTHBLANK_NONE	L6	-	2	e31e4d69ae9b0cd38fdc54f5519616d1f08b25a44b8dd5eaa5bd9cf34235a38a
row	files_layout_rule_G4_SPLIT63_BOTHBLANK_NONE	L11	0	64	79b191cf959051bc06b8327e4c44176adbfb7c1d8b797490597a334079789864
row	files_layout_rule_G4_SPLIT63_BOTHBLANK_NONE	L11	1	69	b03ca354a7587f07cecc02be4749ecaaa56113ebf932281ce61c3e4774970aab
row	files_layout_rule_G4_SPLIT63_BOTHBLANK_NONE	L11	2	49	a765b11d07f7c00c2d838661230580f1603dcd7a948492d601cae4d924d53b39
summary	files_layout_rule_G4_SPLIT63_BOTHBLANK_NONE	L11	-	3	c7c845587c32f08d2e2e63c6e67b93e0d519573db3a445c4929968ebb1d16b2e
row	files_layout_rule_G4_SPLIT63_BOTHBLANK_NONE	L96	0	70	e05c3597f35086dd10f5eb08861d50bffdf87e8d68d425ebe024182055ebaa2b
row	files_layout_rule_G4_SPLIT63_BOTHBLANK_NONE	L96	1	70	84cd9d7fe35243c4c1adcb3c021198888d57066f6f9a1a1d04ae134524fab55e
row	files_layout_rule_G4_SPLIT63_BOTHBLANK_NONE	L96	2	70	df876d740034ca83aebcbd95beb9308d8b4203591e29f21c73dd3bc6eb0208b7
row	files_layout_rule_G4_SPLIT63_BOTHBLANK_NONE	L96	3	70	a37e4026065187e9428fddf4c4b8ae10c4fe580a67423bdd6ddb8a12de5ae288
row	files_layout_rule_G4_SPLIT63_BOTHBLANK_NONE	L96	4	70	f2fed257dce9f5e5d7cf26e39cdaaeba029dd02295af6f36b1f8f584ff37a70f
row	files_layout_rule_G4_SPLIT63_BOTHBLANK_NONE	L96	5	70	be12a28a403f0c46eb784f888d4723f10bb76bf89a4ac40b209f18865545311a
row	files_layout_rule_G4_SPLIT63_BOTHBLANK_NONE	L96	6	70	68de119d8e54bd2d95a0e61539ea61268abb0c4f87252272dca49f2762a95a88
row	files_layout_rule_G4_SPLIT63_BOTHBLANK_NONE	L96	7	70	4d4e7b2bc8bc14b2252a9969b9a23136469d4cb2900534c947a2d3e04669436c
row	files_layout_rule_G4_SPLIT63_BOTHBLANK_NONE	L96	8	70	01507140fc7f850b4a43b14801179213736876dcde896eed74105605e59a2934
row	files_layout_rule_G4_SPLIT63_BOTHBLANK_NONE	L96	9	70	dc2ce8151097f18c44ac850148d8b928ef4efba1b2c4125709304728ced8a00f
row	files_layout_rule_G4_SPLIT63_BOTHBLANK_NONE	L96	10	70	4122b665b2e81df28bc437168f5eff39faafd0deb50104e19fe8d5c587063855
row	files_layout_rule_G4_SPLIT63_BOTHBLANK_NONE	L96	11	70	d8aac3f8d0dee6c4da7c9132552e592929b70a67a220a61625ce71e696c2d018
row	files_layout_rule_G4_SPLIT63_BOTHBLANK_NONE	L96	12	70	a0c96b62335bf683d1a9430551dfd4e24a978e2399307c39ea983cddaf0f2c61
row	files_layout_rule_G4_SPLIT63_BOTHBLANK_NONE	L96	13	70	ce543365c424a7ad993c76bc8882b6a45404f3bb7a20538e56f8470d89808918
row	files_layout_rule_G4_SPLIT63_BOTHBLANK_NONE	L96	14	70	0a56bdd7790b6c6111cd5aee8b3a9b58aea354bb21d1786b5fe1615a34803ed5
row	files_layout_rule_G4_SPLIT63_BOTHBLANK_NONE	L96	15	70	b5f974708b3139bbc80410821fbcd61be0a88d8773358c8ef4a569ea8917c81a
row	files_layout_rule_G4_SPLIT63_BOTHBLANK_NONE	L96	16	70	8f4b27a0bfc0d1496315e58f55fc7bf728b800b5a6c46c9198c2772bd09d1455
row	files_layout_rule_G4_SPLIT63_BOTHBLANK_NONE	L96	17	70	d6d8737ecf333b8d0443d154b78ffb09fa588399d09379ee1603f705bb299237
summary	files_layout_rule_G4_SPLIT63_BOTHBLANK_NONE	L96	-	18	c1fbf44111c6ae48ef5185997fbf02f64a1cbae70bc7e5388d4f48e2f1b8566d
summary	files_layout_rule_G4_RAW9_80DOT_00BLANK_UNITS	L0	-	0	e3b0c44298fc1c149afbf4c8996fb92427ae41e4649b934ca495991b7852b855
row	files_layout_rule_G4_RAW9_80DOT_00BLANK_UNITS	L1	0	12	69ecfe34bdf839a1adc7c1dc782004ee81086ee6a5efdba44ac82ae8f180eade
summary	files_layout_rule_G4_RAW9_80DOT_00BLANK_UNITS	L1	-	1	9d538f96ac30314ebdebbff5a5fff668976e5b0acc142aaccba6d95c4146bf99
row	files_layout_rule_G4_RAW9_80DOT_00BLANK_UNITS	L4	0	72	085e6b3d5045a75eae2db27de7b28f3404a50d17f90d24b58e5dbf730b13f69c
summary	files_layout_rule_G4_RAW9_80DOT_00BLANK_UNITS	L4	-	1	3c3b660785de452b9f455443ca56d65bc123cbd757fe1fc359338108db77a36a
row	files_layout_rule_G4_RAW9_80DOT_00BLANK_UNITS	L5	0	72	085e6b3d5045a75eae2db27de7b28f3404a50d17f90d24b58e5dbf730b13f69c
row	files_layout_rule_G4_RAW9_80DOT_00BLANK_UNITS	L5	1	12	ff91653ffa898a8c1a18f5ca97189b457b06df5013bffb46057c68a8a29077a9
summary	files_layout_rule_G4_RAW9_80DOT_00BLANK_UNITS	L5	-	2	015ad63eb1391ed4203acf14b2bf7320a132ba7acc52228b8ad93b71e63c789d
row	files_layout_rule_G4_RAW9_80DOT_00BLANK_UNITS	L6	0	72	085e6b3d5045a75eae2db27de7b28f3404a50d17f90d24b58e5dbf730b13f69c
row	files_layout_rule_G4_RAW9_80DOT_00BLANK_UNITS	L6	1	32	9647ecbc74ab1fc2b5405286fde8f9e67e4e6502c572d11b4e783bfa43869a5a
summary	files_layout_rule_G4_RAW9_80DOT_00BLANK_UNITS	L6	-	2	b33c202dde9bb4f2c19014e1f387e862eeb8f9d207b9e156ef434dcddecd0fe5
row	files_layout_rule_G4_RAW9_80DOT_00BLANK_UNITS	L11	0	72	897bcc8432afc850fc4062ddc69c5ab3e91387eb80ae8c674586f8f76b3d505d
row	files_layout_rule_G4_RAW9_80DOT_00BLANK_UNITS	L11	1	72	05c66f7c2566f4d6c8f5f267e3f6b8ca38d2756bec4a04faaf0bcbdf8e0f629e
row	files_layout_rule_G4_RAW9_80DOT_00BLANK_UNITS	L11	2	52	30c8a17ac44d3034b7d17d980207b9b4cfc7a7630be13082aa8716b2622feee1
summary	files_layout_rule_G4_RAW9_80DOT_00BLANK_UNITS	L11	-	3	33b3e31f674c052c2db5eedf7839a2c53d656de844bee10c4891bc34bab2e798
row	files_layout_rule_G4_RAW9_80DOT_00BLANK_UNITS	L96	0	72	471a6e6b65002fdbeabdfc4ca9c83c10b5f35f145e94d6c7fccbcf27c77baa72
row	files_layout_rule_G4_RAW9_80DOT_00BLANK_UNITS	L96	1	72	3ef97bbb9426a836f05ccb4e2616cc31a49831b97cd83b43d72833d622f5df28
row	files_layout_rule_G4_RAW9_80DOT_00BLANK_UNITS	L96	2	72	9bf290ed6275169a8dcbb43eea474d8f4ecac9714dbafa3ec02e30f7792016a7
row	files_layout_rule_G4_RAW9_80DOT_00BLANK_UNITS	L96	3	72	6828100d3ea1a061dcaae81bbf2ff0d7ad4de3665641d0f1d05ef5323f818d5f
row	files_layout_rule_G4_RAW9_80DOT_00BLANK_UNITS	L96	4	72	d559ae0a2952841491d08f5b737e282c18cd0f672124b525b7231801394f92c7
row	files_layout_rule_G4_RAW9_80DOT_00BLANK_UNITS	L96	5	72	9c6f71dcb1d12aaaa2253499c776a66b26ba8fdbf0ecb1269e669c8b3fb6db04
row	files_layout_rule_G4_RAW9_80DOT_00BLANK_UNITS	L96	6	72	cf2ce090023b847f1ce681f71a9f0230ed3e3a0731268f8dff8a2c0ea12402fe
row	files_layout_rule_G4_RAW9_80DOT_00BLANK_UNITS	L96	7	72	cfbc2b93e78867d48898ff4b332a930152aaae9087fdcf7a316294a6d7c9d3d1
row	files_layout_rule_G4_RAW9_80DOT_00BLANK_UNITS	L96	8	72	10a30660d4bdb9aeb322b5584f318ef0881129cb7ea125c564804ba08806776b
row	files_layout_rule_G4_RAW9_80DOT_00BLANK_UNITS	L96	9	72	27be5caae1d496775a1d54dec929aefcdd7cb5abcf6942ac21c69721ad6f7325
row	files_layout_rule_G4_RAW9_80DOT_00BLANK_UNITS	L96	10	72	08011b132bc80b8c48e29d63efa5323b634e16dc4370a6a5b91193861e907735
row	files_layout_rule_G4_RAW9_80DOT_00BLANK_UNITS	L96	11	72	b8eabc53470ed3f1a23064b55e39439f2096fec251efaea919d2c4b8c3298126
row	files_layout_rule_G4_RAW9_80DOT_00BLANK_UNITS	L96	12	72	4ad7e89252d07180a4894427c6718729f4fae9c81d1ee5c8c5092524fcdd8574
row	files_layout_rule_G4_RAW9_80DOT_00BLANK_UNITS	L96	13	72	975716c4ec15859b28f4adb37d3695cba2438e533b9f8761e00b11f14f544b94
row	files_layout_rule_G4_RAW9_80DOT_00BLANK_UNITS	L96	14	72	d54dfdd8723923f971bde6036d3f975ac6433ce0175e3bf0aed39c992ea7e1c4
row	files_layout_rule_G4_RAW9_80DOT_00BLANK_UNITS	L96	15	72	52ad156c2da70043e00003a8b072b457b06865ec16eabe0be067a29709cd40a6
row	files_layout_rule_G4_RAW9_80DOT_00BLANK_UNITS	L96	16	72	c1ba2f5bb8787f7fc314ab904d21c589698712c1b137dfac21d5f6a16c16077d
row	files_layout_rule_G4_RAW9_80DOT_00BLANK_UNITS	L96	17	72	833b4507ee5a586d50e75dc06d6ce0a81a3ebbcface2cd9440f467220a67b828
summary	files_layout_rule_G4_RAW9_80DOT_00BLANK_UNITS	L96	-	18	291aa250a5d0c99669d397e1320dac150dbdfe9761dba9d5ae65d113a1ba7604
summary	files_layout_rule_G4_RAW9_80DOT_00BLANK_SECTORS	L0	-	0	e3b0c44298fc1c149afbf4c8996fb92427ae41e4649b934ca495991b7852b855
row	files_layout_rule_G4_RAW9_80DOT_00BLANK_SECTORS	L1	0	12	69ecfe34bdf839a1adc7c1dc782004ee81086ee6a5efdba44ac82ae8f180eade
summary	files_layout_rule_G4_RAW9_80DOT_00BLANK_SECTORS	L1	-	1	9d538f96ac30314ebdebbff5a5fff668976e5b0acc142aaccba6d95c4146bf99
row	files_layout_rule_G4_RAW9_80DOT_00BLANK_SECTORS	L4	0	72	085e6b3d5045a75eae2db27de7b28f3404a50d17f90d24b58e5dbf730b13f69c
summary	files_layout_rule_G4_RAW9_80DOT_00BLANK_SECTORS	L4	-	1	3c3b660785de452b9f455443ca56d65bc123cbd757fe1fc359338108db77a36a
row	files_layout_rule_G4_RAW9_80DOT_00BLANK_SECTORS	L5	0	72	085e6b3d5045a75eae2db27de7b28f3404a50d17f90d24b58e5dbf730b13f69c
row	files_layout_rule_G4_RAW9_80DOT_00BLANK_SECTORS	L5	1	12	ff91653ffa898a8c1a18f5ca97189b457b06df5013bffb46057c68a8a29077a9
summary	files_layout_rule_G4_RAW9_80DOT_00BLANK_SECTORS	L5	-	2	015ad63eb1391ed4203acf14b2bf7320a132ba7acc52228b8ad93b71e63c789d
row	files_layout_rule_G4_RAW9_80DOT_00BLANK_SECTORS	L6	0	72	085e6b3d5045a75eae2db27de7b28f3404a50d17f90d24b58e5dbf730b13f69c
row	files_layout_rule_G4_RAW9_80DOT_00BLANK_SECTORS	L6	1	32	9647ecbc74ab1fc2b5405286fde8f9e67e4e6502c572d11b4e783bfa43869a5a
summary	files_layout_rule_G4_RAW9_80DOT_00BLANK_SECTORS	L6	-	2	b33c202dde9bb4f2c19014e1f387e862eeb8f9d207b9e156ef434dcddecd0fe5
row	files_layout_rule_G4_RAW9_80DOT_00BLANK_SECTORS	L11	0	72	897bcc8432afc850fc4062ddc69c5ab3e91387eb80ae8c674586f8f76b3d505d
row	files_layout_rule_G4_RAW9_80DOT_00BLANK_SECTORS	L11	1	72	05c66f7c2566f4d6c8f5f267e3f6b8ca38d2756bec4a04faaf0bcbdf8e0f629e
row	files_layout_rule_G4_RAW9_80DOT_00BLANK_SECTORS	L11	2	52	e79dd73556a51eda1512338ed4bf959469849a89780bd33127e344658656472c
summary	files_layout_rule_G4_RAW9_80DOT_00BLANK_SECTORS	L11	-	3	e9f9c3b7e5038d3f92f9169f82008eeca8db6d7c9960e415c04aee39fce99bc9
row	files_layout_rule_G4_RAW9_80DOT_00BLANK_SECTORS	L96	0	72	471a6e6b65002fdbeabdfc4ca9c83c10b5f35f145e94d6c7fccbcf27c77baa72
row	files_layout_rule_G4_RAW9_80DOT_00BLANK_SECTORS	L96	1	72	3ef97bbb9426a836f05ccb4e2616cc31a49831b97cd83b43d72833d622f5df28
row	files_layout_rule_G4_RAW9_80DOT_00BLANK_SECTORS	L96	2	72	9bf290ed6275169a8dcbb43eea474d8f4ecac9714dbafa3ec02e30f7792016a7
row	files_layout_rule_G4_RAW9_80DOT_00BLANK_SECTORS	L96	3	72	6828100d3ea1a061dcaae81bbf2ff0d7ad4de3665641d0f1d05ef5323f818d5f
row	files_layout_rule_G4_RAW9_80DOT_00BLANK_SECTORS	L96	4	72	d559ae0a2952841491d08f5b737e282c18cd0f672124b525b7231801394f92c7
row	files_layout_rule_G4_RAW9_80DOT_00BLANK_SECTORS	L96	5	72	9c6f71dcb1d12aaaa2253499c776a66b26ba8fdbf0ecb1269e669c8b3fb6db04
row	files_layout_rule_G4_RAW9_80DOT_00BLANK_SECTORS	L96	6	72	cf2ce090023b847f1ce681f71a9f0230ed3e3a0731268f8dff8a2c0ea12402fe
row	files_layout_rule_G4_RAW9_80DOT_00BLANK_SECTORS	L96	7	72	cfbc2b93e78867d48898ff4b332a930152aaae9087fdcf7a316294a6d7c9d3d1
row	files_layout_rule_G4_RAW9_80DOT_00BLANK_SECTORS	L96	8	72	10a30660d4bdb9aeb322b5584f318ef0881129cb7ea125c564804ba08806776b
row	files_layout_rule_G4_RAW9_80DOT_00BLANK_SECTORS	L96	9	72	27be5caae1d496775a1d54dec929aefcdd7cb5abcf6942ac21c69721ad6f7325
row	files_layout_rule_G4_RAW9_80DOT_00BLANK_SECTORS	L96	10	72	08011b132bc80b8c48e29d63efa5323b634e16dc4370a6a5b91193861e907735
row	files_layout_rule_G4_RAW9_80DOT_00BLANK_SECTORS	L96	11	72	b8eabc53470ed3f1a23064b55e39439f2096fec251efaea919d2c4b8c3298126
row	files_layout_rule_G4_RAW9_80DOT_00BLANK_SECTORS	L96	12	72	4ad7e89252d07180a4894427c6718729f4fae9c81d1ee5c8c5092524fcdd8574
row	files_layout_rule_G4_RAW9_80DOT_00BLANK_SECTORS	L96	13	72	975716c4ec15859b28f4adb37d3695cba2438e533b9f8761e00b11f14f544b94
row	files_layout_rule_G4_RAW9_80DOT_00BLANK_SECTORS	L96	14	72	d54dfdd8723923f971bde6036d3f975ac6433ce0175e3bf0aed39c992ea7e1c4
row	files_layout_rule_G4_RAW9_80DOT_00BLANK_SECTORS	L96	15	72	52ad156c2da70043e00003a8b072b457b06865ec16eabe0be067a29709cd40a6
row	files_layout_rule_G4_RAW9_80DOT_00BLANK_SECTORS	L96	16	72	c1ba2f5bb8787f7fc314ab904d21c589698712c1b137dfac21d5f6a16c16077d
row	files_layout_rule_G4_RAW9_80DOT_00BLANK_SECTORS	L96	17	72	833b4507ee5a586d50e75dc06d6ce0a81a3ebbcface2cd9440f467220a67b828
summary	files_layout_rule_G4_RAW9_80DOT_00BLANK_SECTORS	L96	-	18	291aa250a5d0c99669d397e1320dac150dbdfe9761dba9d5ae65d113a1ba7604
summary	files_layout_rule_G4_RAW9_80DOT_00BLANK_NONE	L0	-	0	e3b0c44298fc1c149afbf4c8996fb92427ae41e4649b934ca495991b7852b855
row	files_layout_rule_G4_RAW9_80DOT_00BLANK_NONE	L1	0	10	3ff2e50b9af481cc54c517309047878c104d35bb32b06c6d8c02c2de2b7179f8
summary	files_layout_rule_G4_RAW9_80DOT_00BLANK_NONE	L1	-	1	947457fc209964844fad366691c014086a0d9ee516f2ada8d66693df875f0220
row	files_layout_rule_G4_RAW9_80DOT_00BLANK_NONE	L4	0	69	cf1bd35e8cbe5a78dddc5e049d80ca9700e8275ddfd08d59fe9d4eca35d9208a
summary	files_layout_rule_G4_RAW9_80DOT_00BLANK_NONE	L4	-	1	9798b48e5ad09dcf1729d557fb43f581f6cf42e5c92e77a8852e339ab197a28f
row	files_layout_rule_G4_RAW9_80DOT_00BLANK_NONE	L5	0	69	cf1bd35e8cbe5a78dddc5e049d80ca9700e8275ddfd08d59fe9d4eca35d9208a
row	files_layout_rule_G4_RAW9_80DOT_00BLANK_NONE	L5	1	10	f730ea8886922e256164b6cda4d0d54dba063dd2b77721604fe789149f48250d
summary	files_layout_rule_G4_RAW9_80DOT_00BLANK_NONE	L5	-	2	e693539f52d6518b9dbdaebb85a50e678bb045c74da578965b42858472b03901
row	files_layout_rule_G4_RAW9_80DOT_00BLANK_NONE	L6	0	69	cf1bd35e8cbe5a78dddc5e049d80ca9700e8275ddfd08d59fe9d4eca35d9208a
row	files_layout_rule_G4_RAW9_80DOT_00BLANK_NONE	L6	1	29	9a3224140d46a55922e512b2a1722f8bf4b6e9283cf2c2d3cc6ecf11b31a5949
summary	files_layout_rule_G4_RAW9_80DOT_00BLANK_NONE	L6	-	2	55c26617bf8bf22bfd3262eeed74825effe313aea4db0b9900941545901d657d
row	files_layout_rule_G4_RAW9_80DOT_00BLANK_NONE	L11	0	64	ec60f4d8715e64a80a1681237c4ec1be2b8a7725b9d3e0a85e130d069cc38f72
row	files_layout_rule_G4_RAW9_80DOT_00BLANK_NONE	L11	1	68	ec35ad1240d1c62082b9d2ad846f79f83163a67c1e694bd1a7c8b209a4dabeaf
row	files_layout_rule_G4_RAW9_80DOT_00BLANK_NONE	L11	2	50	303aee049c9ad986c9a344631bdd4d7d41a1916330e48ad9ff5ea8c63bf3562b
summary	files_layout_rule_G4_RAW9_80DOT_00BLANK_NONE	L11	-	3	7393aaf7b410d6decb54b5e56b3999e9733965abf5fe7e536d924464adde6a69
row	files_layout_rule_G4_RAW9_80DOT_00BLANK_NONE	L96	0	69	0346e833dac88c69528c0120a3e54c4018ba0230bde5708ef6ecba1e7b43a595
row	files_layout_rule_G4_RAW9_80DOT_00BLANK_NONE	L96	1	69	4ec58ac085f6d362c856e992b8121e02e977afb4f4282c4234a78ee7ed0fde6b
row	files_layout_rule_G4_RAW9_80DOT_00BLANK_NONE	L96	2	69	9b72b01e9d2a52e0e8fd871e2b00e925b9dfd3ea35a994c1aa99fd4c04204219
row	files_layout_rule_G4_RAW9_80DOT_00BLANK_NONE	L96	3	69	9b9473e645299e4570e0ed31c3a76ca7a55d5d2c8613e4e531a34c370325b77e
row	files_layout_rule_G4_RAW9_80DOT_00BLANK_NONE	L96	4	69	66259bf2584dc588a0c9f6d35b5eacec8cd2518952cbc55e7e6b0d3c0dbec6bc
row	files_layout_rule_G4_RAW9_80DOT_00BLANK_NONE	L96	5	69	dba0618e662067bfc2bb43de43e74b72b511db9c0c50830c19855996a7d2b9ea
row	files_layout_rule_G4_RAW9_80DOT_00BLANK_NONE	L96	6	69	afaffd0a622ed2686f7f2355871a3e93864850334721a1cfeb7c1d2b106f0b8e
row	files_layout_rule_G4_RAW9_80DOT_00BLANK_NONE	L96	7	69	47dfe7c0a32a9c53018e6b7198866a2c8fc232ef83c2f851dc0771e26a748427
row	files_layout_rule_G4_RAW9_80DOT_00BLANK_NONE	L96	8	69	0884c0a248f53d6b5d6256232ef13a65b88bcaa760b6001998be56259578841f
row	files_layout_rule_G4_RAW9_80DOT_00BLANK_NONE	L96	9	69	3ed23bb71205c189ed18d4e8a0b1d28976343f8c863a8e373ad214f8918b8a2b
row	files_layout_rule_G4_RAW9_80DOT_00BLANK_NONE	L96	10	69	bd1ba6f562bb5e3aee379c70429382ea0c258ac72044b9f0a9c87f3778ca24cf
row	files_layout_rule_G4_RAW9_80DOT_00BLANK_NONE	L96	11	69	84b47656b039cb70b42a9fd004085a5f3d184226e3b10985170e83218ec75240
row	files_layout_rule_G4_RAW9_80DOT_00BLANK_NONE	L96	12	69	94c5d3c44830c675d19d537305204ecca5466cf92ae9c93eea2ce5b6767ffc16
row	files_layout_rule_G4_RAW9_80DOT_00BLANK_NONE	L96	13	69	a3312093fe063c0237c976d1c69bb80600d2c0aa49ed8c4703f95a3126b61ee3
row	files_layout_rule_G4_RAW9_80DOT_00BLANK_NONE	L96	14	69	3b6be9154874514131b682ad5059cc8cba73c73f22fca166486e288e72e6f337
row	files_layout_rule_G4_RAW9_80DOT_00BLANK_NONE	L96	15	69	233c9f81f029043accd937f74161fccd654f264fc2b3d4fe26d3649ff21b9277
row	files_layout_rule_G4_RAW9_80DOT_00BLANK_NONE	L96	16	69	1e376ee55622b3bf3d2c81c403b3e13eea6bfa9b53379720d2234e0521638949
row	files_layout_rule_G4_RAW9_80DOT_00BLANK_NONE	L96	17	69	2c4de4c2f0fac601e6bae9c2d9a785e58bb1d82183ffa4a2e600c12a94dc669a
summary	files_layout_rule_G4_RAW9_80DOT_00BLANK_NONE	L96	-	18	1ed56ed4a51a5acafc2a3ce7f50d3fa600398c89689c4a389d00060418139225
summary	files_layout_rule_G4_RAW9_80BLANK_00DOT_UNITS	L0	-	0	e3b0c44298fc1c149afbf4c8996fb92427ae41e4649b934ca495991b7852b855
row	files_layout_rule_G4_RAW9_80BLANK_00DOT_UNITS	L1	0	12	898a86928e13d2d8a20712fcae09a74c8fa44aa74a5e7eaf0cbc45f9ba557638
summary	files_layout_rule_G4_RAW9_80BLANK_00DOT_UNITS	L1	-	1	803426cd9fa826ca22d01671acdad76515d27807ffcc6e975ac08d102d1ac1b0
row	files_layout_rule_G4_RAW9_80BLANK_00DOT_UNITS	L4	0	72	dcc82056a86c48d43ad85e5eba19ed329bf5eb3139bedcb80fbb4062715aac24
summary	files_layout_rule_G4_RAW9_80BLANK_00DOT_UNITS	L4	-	1	18f0136e24b4c6829f6bee1a3a5a367db3bbd91ef2c14c5ebe60f66a8df45120
row	files_layout_rule_G4_RAW9_80BLANK_00DOT_UNITS	L5	0	72	dcc82056a86c48d43ad85e5eba19ed329bf5eb3139bedcb80fbb4062715aac24
row	files_layout_rule_G4_RAW9_80BLANK_00DOT_UNITS	L5	1	12	2125b77e6f1257b998df8bed5bdacf6808a3cc5850be735749e41c2a7e9aced2
summary	files_layout_rule_G4_RAW9_80BLANK_00DOT_UNITS	L5	-	2	46fbe5a63c7c54022ed8c9f4bd963f8fef3e6c28a927411b6558bcf58e006ef2
row	files_layout_rule_G4_RAW9_80BLANK_00DOT_UNITS	L6	0	72	dcc82056a86c48d43ad85e5eba19ed329bf5eb3139bedcb80fbb4062715aac24
row	files_layout_rule_G4_RAW9_80BLANK_00DOT_UNITS	L6	1	32	c700206eea7d0f9762966e5d5fb895aa373a99ec5344ba0299dc0d24963378d2
summary	files_layout_rule_G4_RAW9_80BLANK_00DOT_UNITS	L6	-	2	2c13014ccacd5cea4e04ec74644130c5b89d0b3652baaf8a035df56b4839a06a
row	files_layout_rule_G4_RAW9_80BLANK_00DOT_UNITS	L11	0	72	3a6139415508f4969a2b77f53974cbab52fbadfd1f01a8f4cf41c7bd5914debc
row	files_layout_rule_G4_RAW9_80BLANK_00DOT_UNITS	L11	1	72	f4ffc57d50ee60d0c48a33dd3c2fe839450ac9cdc66a5ebaa6d6dfbcea6fa6a5
row	files_layout_rule_G4_RAW9_80BLANK_00DOT_UNITS	L11	2	52	1a3ba9bc12dd5d8f43d28953281fb839364c258cf99cda3f6c3bd1e2a620a331
summary	files_layout_rule_G4_RAW9_80BLANK_00DOT_UNITS	L11	-	3	d8cc7642d29565f8a9c2dbbb6a169085f1fbf9af8d0a6e22cb772fa44909cc0f
row	files_layout_rule_G4_RAW9_80BLANK_00DOT_UNITS	L96	0	72	37a57bc70eac79a6cf500dac9710188777c50f9bee965b9b02a8cec2d786fc02
row	files_layout_rule_G4_RAW9_80BLANK_00DOT_UNITS	L96	1	72	e418f47f7ea66b601d21b2fd8ed7db6a566d43e1bd09f2175d0c11cf681e1aa6
row	files_layout_rule_G4_RAW9_80BLANK_00DOT_UNITS	L96	2	72	8fb61b611045d531e77a9f5f318d26b6d20d717e4f34e4f6df84c86942a9de9d
row	files_layout_rule_G4_RAW9_80BLANK_00DOT_UNITS	L96	3	72	884c0c67527a20de8782127d272e6a568d9eb71017c5c198af142beefb4fd56c
row	files_layout_rule_G4_RAW9_80BLANK_00DOT_UNITS	L96	4	72	d9a4db820c80c42e621304a8102918757bba78ab244d81bb18832db28f895673
row	files_layout_rule_G4_RAW9_80BLANK_00DOT_UNITS	L96	5	72	15bd53fb09133a1d4355fbb0705212397b44447167cc00f77dc3fb8a9a3a8ee2
row	files_layout_rule_G4_RAW9_80BLANK_00DOT_UNITS	L96	6	72	c11d4a84253dbeee8035fc9aa97d88f84fc3cc1162873714dde2771200083b74
row	files_layout_rule_G4_RAW9_80BLANK_00DOT_UNITS	L96	7	72	ebae6ba005c81de2024790658ace9c4bb5cffc72a627ac8836b503c771e1710c
row	files_layout_rule_G4_RAW9_80BLANK_00DOT_UNITS	L96	8	72	e32a68784b618521b53ce6ebd3364463536df1fefd2d7943587fcc74febe4b14
row	files_layout_rule_G4_RAW9_80BLANK_00DOT_UNITS	L96	9	72	56f90552f22ce9b7aefc2c011fa74ea53f5f17c0f6ab119eb4735e0f97bd4d88
row	files_layout_rule_G4_RAW9_80BLANK_00DOT_UNITS	L96	10	72	1387a1ae1d0816b854f4c2c3e3f514b16d96473718baa05ea9f89952cb73c422
row	files_layout_rule_G4_RAW9_80BLANK_00DOT_UNITS	L96	11	72	07809ae273248c74c663a1ac57bc55ae71a5e94037840cc229ecfa41310234cd
row	files_layout_rule_G4_RAW9_80BLANK_00DOT_UNITS	L96	12	72	a5777aebb53ffeb98b9251604c5802585b4d2d6814bce6f592b57ecd8456d885
row	files_layout_rule_G4_RAW9_80BLANK_00DOT_UNITS	L96	13	72	9aeb6597cf83810b51d449627b5dee1f87fc5893940f4c866208ef5370bfa381
row	files_layout_rule_G4_RAW9_80BLANK_00DOT_UNITS	L96	14	72	fdeaa776337d534d19a9cf1f3db005a4184b2890776421ef6501fd77c6ba0796
row	files_layout_rule_G4_RAW9_80BLANK_00DOT_UNITS	L96	15	72	799de522d3c3b6c5ce0cdf8e74b814d19a99374903cdc4d2383e5649311f5dca
row	files_layout_rule_G4_RAW9_80BLANK_00DOT_UNITS	L96	16	72	9d437f921d55236c2b352d239bdee16c3b700a78111650cdc5e848525aec5967
row	files_layout_rule_G4_RAW9_80BLANK_00DOT_UNITS	L96	17	72	e95acb41b0be29c21c99f25342957a504630cfa670eb92f7e9bca7c78b74b007
summary	files_layout_rule_G4_RAW9_80BLANK_00DOT_UNITS	L96	-	18	cab02ecdb67a6427948ef77d465c25873b1df8d02b737ee074a869bce61f80f1
summary	files_layout_rule_G4_RAW9_80BLANK_00DOT_SECTORS	L0	-	0	e3b0c44298fc1c149afbf4c8996fb92427ae41e4649b934ca495991b7852b855
row	files_layout_rule_G4_RAW9_80BLANK_00DOT_SECTORS	L1	0	12	898a86928e13d2d8a20712fcae09a74c8fa44aa74a5e7eaf0cbc45f9ba557638
summary	files_layout_rule_G4_RAW9_80BLANK_00DOT_SECTORS	L1	-	1	803426cd9fa826ca22d01671acdad76515d27807ffcc6e975ac08d102d1ac1b0
row	files_layout_rule_G4_RAW9_80BLANK_00DOT_SECTORS	L4	0	72	dcc82056a86c48d43ad85e5eba19ed329bf5eb3139bedcb80fbb4062715aac24
summary	files_layout_rule_G4_RAW9_80BLANK_00DOT_SECTORS	L4	-	1	18f0136e24b4c6829f6bee1a3a5a367db3bbd91ef2c14c5ebe60f66a8df45120
row	files_layout_rule_G4_RAW9_80BLANK_00DOT_SECTORS	L5	0	72	dcc82056a86c48d43ad85e5eba19ed329bf5eb3139bedcb80fbb4062715aac24
row	files_layout_rule_G4_RAW9_80BLANK_00DOT_SECTORS	L5	1	12	2125b77e6f1257b998df8bed5bdacf6808a3cc5850be735749e41c2a7e9aced2
summary	files_layout_rule_G4_RAW9_80BLANK_00DOT_SECTORS	L5	-	2	46fbe5a63c7c54022ed8c9f4bd963f8fef3e6c28a927411b6558bcf58e006ef2
row	files_layout_rule_G4_RAW9_80BLANK_00DOT_SECTORS	L6	0	72	dcc82056a86c48d43ad85e5eba19ed329bf5eb3139bedcb80fbb4062715aac24
row	files_layout_rule_G4_RAW9_80BLANK_00DOT_SECTORS	L6	1	32	c700206eea7d0f9762966e5d5fb895aa373a99ec5344ba0299dc0d24963378d2
summary	files_layout_rule_G4_RAW9_80BLANK_00DOT_SECTORS	L6	-	2	2c13014ccacd5cea4e04ec74644130c5b89d0b3652baaf8a035df56b4839a06a
row	files_layout_rule_G4_RAW9_80BLANK_00DOT_SECTORS	L11	0	72	3a6139415508f4969a2b77f53974cbab52fbadfd1f01a8f4cf41c7bd5914debc
row	files_layout_rule_G4_RAW9_80BLANK_00DOT_SECTORS	L11	1	72	f4ffc57d50ee60d0c48a33dd3c2fe839450ac9cdc66a5ebaa6d6dfbcea6fa6a5
row	files_layout_rule_G4_RAW9_80BLANK_00DOT_SECTORS	L11	2	52	029806c8c805e6192c994b462aba736b5beeea5248c104fe852482fffc64f1a4
summary	files_layout_rule_G4_RAW9_80BLANK_00DOT_SECTORS	L11	-	3	8ce2e2aa3202370a85f358a25298fe270c3bd2bb67b4f6da54882f213c0d4519
row	files_layout_rule_G4_RAW9_80BLANK_00DOT_SECTORS	L96	0	72	37a57bc70eac79a6cf500dac9710188777c50f9bee965b9b02a8cec2d786fc02
row	files_layout_rule_G4_RAW9_80BLANK_00DOT_SECTORS	L96	1	72	e418f47f7ea66b601d21b2fd8ed7db6a566d43e1bd09f2175d0c11cf681e1aa6
row	files_layout_rule_G4_RAW9_80BLANK_00DOT_SECTORS	L96	2	72	8fb61b611045d531e77a9f5f318d26b6d20d717e4f34e4f6df84c86942a9de9d
row	files_layout_rule_G4_RAW9_80BLANK_00DOT_SECTORS	L96	3	72	884c0c67527a20de8782127d272e6a568d9eb71017c5c198af142beefb4fd56c
row	files_layout_rule_G4_RAW9_80BLANK_00DOT_SECTORS	L96	4	72	d9a4db820c80c42e621304a8102918757bba78ab244d81bb18832db28f895673
row	files_layout_rule_G4_RAW9_80BLANK_00DOT_SECTORS	L96	5	72	15bd53fb09133a1d4355fbb0705212397b44447167cc00f77dc3fb8a9a3a8ee2
row	files_layout_rule_G4_RAW9_80BLANK_00DOT_SECTORS	L96	6	72	c11d4a84253dbeee8035fc9aa97d88f84fc3cc1162873714dde2771200083b74
row	files_layout_rule_G4_RAW9_80BLANK_00DOT_SECTORS	L96	7	72	ebae6ba005c81de2024790658ace9c4bb5cffc72a627ac8836b503c771e1710c
row	files_layout_rule_G4_RAW9_80BLANK_00DOT_SECTORS	L96	8	72	e32a68784b618521b53ce6ebd3364463536df1fefd2d7943587fcc74febe4b14
row	files_layout_rule_G4_RAW9_80BLANK_00DOT_SECTORS	L96	9	72	56f90552f22ce9b7aefc2c011fa74ea53f5f17c0f6ab119eb4735e0f97bd4d88
row	files_layout_rule_G4_RAW9_80BLANK_00DOT_SECTORS	L96	10	72	1387a1ae1d0816b854f4c2c3e3f514b16d96473718baa05ea9f89952cb73c422
row	files_layout_rule_G4_RAW9_80BLANK_00DOT_SECTORS	L96	11	72	07809ae273248c74c663a1ac57bc55ae71a5e94037840cc229ecfa41310234cd
row	files_layout_rule_G4_RAW9_80BLANK_00DOT_SECTORS	L96	12	72	a5777aebb53ffeb98b9251604c5802585b4d2d6814bce6f592b57ecd8456d885
row	files_layout_rule_G4_RAW9_80BLANK_00DOT_SECTORS	L96	13	72	9aeb6597cf83810b51d449627b5dee1f87fc5893940f4c866208ef5370bfa381
row	files_layout_rule_G4_RAW9_80BLANK_00DOT_SECTORS	L96	14	72	fdeaa776337d534d19a9cf1f3db005a4184b2890776421ef6501fd77c6ba0796
row	files_layout_rule_G4_RAW9_80BLANK_00DOT_SECTORS	L96	15	72	799de522d3c3b6c5ce0cdf8e74b814d19a99374903cdc4d2383e5649311f5dca
row	files_layout_rule_G4_RAW9_80BLANK_00DOT_SECTORS	L96	16	72	9d437f921d55236c2b352d239bdee16c3b700a78111650cdc5e848525aec5967
row	files_layout_rule_G4_RAW9_80BLANK_00DOT_SECTORS	L96	17	72	e95acb41b0be29c21c99f25342957a504630cfa670eb92f7e9bca7c78b74b007
summary	files_layout_rule_G4_RAW9_80BLANK_00DOT_SECTORS	L96	-	18	cab02ecdb67a6427948ef77d465c25873b1df8d02b737ee074a869bce61f80f1
summary	files_layout_rule_G4_RAW9_80BLANK_00DOT_NONE	L0	-	0	e3b0c44298fc1c149afbf4c8996fb92427ae41e4649b934ca495991b7852b855
row	files_layout_rule_G4_RAW9_80BLANK_00DOT_NONE	L1	0	1	666a9ea463a4b593a49bd1c838323e4b6b8df86268af225f0db77611666f45e5
summary	files_layout_rule_G4_RAW9_80BLANK_00DOT_NONE	L1	-	1	740407967f0511949f9ca3937b557b1f45373f5e4ff2c58734ba8eac501547ea
row	files_layout_rule_G4_RAW9_80BLANK_00DOT_NONE	L4	0	70	6f01f4838630ec1d9770b2262f790e18a2497bd89aee3bba8295ee38e4b138c7
summary	files_layout_rule_G4_RAW9_80BLANK_00DOT_NONE	L4	-	1	47b6b8d3b467caa76156160c02edf915170dd4209c16cf34db9a665ef861cf95
row	files_layout_rule_G4_RAW9_80BLANK_00DOT_NONE	L5	0	70	6f01f4838630ec1d9770b2262f790e18a2497bd89aee3bba8295ee38e4b138c7
row	files_layout_rule_G4_RAW9_80BLANK_00DOT_NONE	L5	1	9	02f254ce8e6e167530e8b51474e7a54776e8e9bcb6cda767c351d2d887083558
summary	files_layout_rule_G4_RAW9_80BLANK_00DOT_NONE	L5	-	2	7283a6d6772014ae1a60b0e994b7ae38c4443c0b5abad398a3ee5eeb7a4ebccc
row	files_layout_rule_G4_RAW9_80BLANK_00DOT_NONE	L6	0	70	6f01f4838630ec1d9770b2262f790e18a2497bd89aee3bba8295ee38e4b138c7
row	files_layout_rule_G4_RAW9_80BLANK_00DOT_NONE	L6	1	30	bcacd21a994e7357b448bda35e17eae4161194c41af8bb4391f721e5fe2ce36e
summary	files_layout_rule_G4_RAW9_80BLANK_00DOT_NONE	L6	-	2	355de863fa39a4c08d11ae7ed389d2a1def622b58da85abf6e7e7e63af1fc400
row	files_layout_rule_G4_RAW9_80BLANK_00DOT_NONE	L11	0	70	6dfcd232dd0d8c55e42c124c4a8217e4a6a5ed45379a471288ef8b17f7400c62
row	files_layout_rule_G4_RAW9_80BLANK_00DOT_NONE	L11	1	70	a0991dc1c66acbcdf3f3effefc3bf67ed5cecee0e30c3e4d3d8e1952255fa3ea
row	files_layout_rule_G4_RAW9_80BLANK_00DOT_NONE	L11	2	48	74f89d6e88ed25d18b4f4db5f89d09500c76e94022b6b78a018fbd4169aa9657
summary	files_layout_rule_G4_RAW9_80BLANK_00DOT_NONE	L11	-	3	4ee0255de5d87d158eeda5904287a63f1355ea070f923dcf030cfefe881105e6
row	files_layout_rule_G4_RAW9_80BLANK_00DOT_NONE	L96	0	70	4b9261bdd5655d8534aaded6101e8e2cf0265748403fd56241f9c33918235a3c
row	files_layout_rule_G4_RAW9_80BLANK_00DOT_NONE	L96	1	70	b4cd025f2dd92252cc971336ab44b72a61b684bca3c3b695aa12e7e7013d5ece
row	files_layout_rule_G4_RAW9_80BLANK_00DOT_NONE	L96	2	70	7573fad0c6d2711b4e30b1a1ffd0857352904f53f576841e3813b101df985a84
row	files_layout_rule_G4_RAW9_80BLANK_00DOT_NONE	L96	3	70	696c8c620a55bbb3c1c8f9a58f374b63c71b74a1c5f7aa796974203097670a1c
row	files_layout_rule_G4_RAW9_80BLANK_00DOT_NONE	L96	4	70	cb32f45469f0de0c51ae97a04d3e51ecf803b812cad6142bb4680415c4c26cbf
row	files_layout_rule_G4_RAW9_80BLANK_00DOT_NONE	L96	5	70	c9593bb8c63bb444705466f4e9d5aca550f72190055fda1c93a1f31c81ffc733
row	files_layout_rule_G4_RAW9_80BLANK_00DOT_NONE	L96	6	70	54e478ccdb1fbae7b8a3a87adb582212ecd50593ab9da494778441e101a39eb4
row	files_layout_rule_G4_RAW9_80BLANK_00DOT_NONE	L96	7	70	d66403040a8a71ac598412fb29178b6cb95523ff5811068ac030efb3da13e5e7
row	files_layout_rule_G4_RAW9_80BLANK_00DOT_NONE	L96	8	70	9e6ee04680cdf773bf5678c1427a82579838e0b2ccbcb16b62229845008a65db
row	files_layout_rule_G4_RAW9_80BLANK_00DOT_NONE	L96	9	70	41b301cedef7bb93fa1c7c3a70d2812cb6e41964f21d72317a3173e92d71c32f
row	files_layout_rule_G4_RAW9_80BLANK_00DOT_NONE	L96	10	70	efa5ec992da8f4155f60869497dfe4caaf3e86e8d63f2d175c076952e8adb0ce
row	files_layout_rule_G4_RAW9_80BLANK_00DOT_NONE	L96	11	70	8a457b29a0e05e29c9cf0fe4d5ae1a4a671216a041af8697a1361e5f3829c6f4
row	files_layout_rule_G4_RAW9_80BLANK_00DOT_NONE	L96	12	70	1794e9ef06217a26a3b9b0645ad9cb221bf0a1d442459a82b5ba09bb23ce46ba
row	files_layout_rule_G4_RAW9_80BLANK_00DOT_NONE	L96	13	70	9f908468ecff6c132375fb6521bbfd613db7d7cd4990a2d130d82f74cf6d6b54
row	files_layout_rule_G4_RAW9_80BLANK_00DOT_NONE	L96	14	70	b167e9551ec1246ed09dbfc8b7fae9379699fd0090aab1b9f11add82c0438034
row	files_layout_rule_G4_RAW9_80BLANK_00DOT_NONE	L96	15	70	490639a1aaea4d801add863d969612f196b28835a71f105062e4620a13f8614b
row	files_layout_rule_G4_RAW9_80BLANK_00DOT_NONE	L96	16	70	cbcba4695c32143f91305f751252aa9d73c59fc51188909749e44973f71ed089
row	files_layout_rule_G4_RAW9_80BLANK_00DOT_NONE	L96	17	70	e9cbf63b6636d941ac39b29410bde60d703a03a31cff1e9ab25e841cafc7d313
summary	files_layout_rule_G4_RAW9_80BLANK_00DOT_NONE	L96	-	18	efba15db4dd95767647fff35247a7ac7bb21a2005b5e93d70c49ae75847cb0f7
summary	files_layout_rule_G4_RAW9_BOTHBLANK_UNITS	L0	-	0	e3b0c44298fc1c149afbf4c8996fb92427ae41e4649b934ca495991b7852b855
row	files_layout_rule_G4_RAW9_BOTHBLANK_UNITS	L1	0	12	898a86928e13d2d8a20712fcae09a74c8fa44aa74a5e7eaf0cbc45f9ba557638
summary	files_layout_rule_G4_RAW9_BOTHBLANK_UNITS	L1	-	1	803426cd9fa826ca22d01671acdad76515d27807ffcc6e975ac08d102d1ac1b0
row	files_layout_rule_G4_RAW9_BOTHBLANK_UNITS	L4	0	72	0758fc99bbda70611ca6cc147c60d8efa2167496113c4066d91c64443563ca62
summary	files_layout_rule_G4_RAW9_BOTHBLANK_UNITS	L4	-	1	6618e0485b470c4f21c365c2577c01240213bac9fcf754312a59dd140e78ff69
row	files_layout_rule_G4_RAW9_BOTHBLANK_UNITS	L5	0	72	0758fc99bbda70611ca6cc147c60d8efa2167496113c4066d91c64443563ca62
row	files_layout_rule_G4_RAW9_BOTHBLANK_UNITS	L5	1	12	2125b77e6f1257b998df8bed5bdacf6808a3cc5850be735749e41c2a7e9aced2
summary	files_layout_rule_G4_RAW9_BOTHBLANK_UNITS	L5	-	2	10751ad2673c7c18e655530f42323b45414226ca8e7af2f31d500c27832ad6ce
row	files_layout_rule_G4_RAW9_BOTHBLANK_UNITS	L6	0	72	0758fc99bbda70611ca6cc147c60d8efa2167496113c4066d91c64443563ca62
row	files_layout_rule_G4_RAW9_BOTHBLANK_UNITS	L6	1	32	9b1446607234adcd32d2455d4367bbbad0035c021c067d9f0219fd741433c90c
summary	files_layout_rule_G4_RAW9_BOTHBLANK_UNITS	L6	-	2	3cb3f684ceaeab295166ad4f2cde954425d491995c41d802dff17b85586f4310
row	files_layout_rule_G4_RAW9_BOTHBLANK_UNITS	L11	0	72	7a997586363d75e9728efcd8b733a691a61a96549ebff88dd4a4cd5f561c7b15
row	files_layout_rule_G4_RAW9_BOTHBLANK_UNITS	L11	1	72	aa51734ecba926b6cbd2d1a7311136ef161453c771e645e863928ff3d43f8744
row	files_layout_rule_G4_RAW9_BOTHBLANK_UNITS	L11	2	52	cf5bf414224d1e9fc51cf293f8ed02b91ea89e3a10d17586a1d83ec590546786
summary	files_layout_rule_G4_RAW9_BOTHBLANK_UNITS	L11	-	3	8faf33d89db126b259304f516fec9ea3bef5c1653c696cd4fe1cc0f40106424d
row	files_layout_rule_G4_RAW9_BOTHBLANK_UNITS	L96	0	72	4e9cad7713e68584a493b52b5e8c873d7848302ccbbab883df167ce88c08a960
row	files_layout_rule_G4_RAW9_BOTHBLANK_UNITS	L96	1	72	1f32bae67776c196002aaa426d400b3141652ece8d82336cbd73fa78c44e5d96
row	files_layout_rule_G4_RAW9_BOTHBLANK_UNITS	L96	2	72	e2d7eb8f52ed96df069b45b314923889196b25f9535f301b87f9033e3afff712
row	files_layout_rule_G4_RAW9_BOTHBLANK_UNITS	L96	3	72	02cb512129b202139b6086ae9c4e2877db4334e3453053072cc0af9418e128f8
row	files_layout_rule_G4_RAW9_BOTHBLANK_UNITS	L96	4	72	32709e106081b13a27b71405e29cc98103b8ba0dd07c21ccd225ef366bfe4fc8
row	files_layout_rule_G4_RAW9_BOTHBLANK_UNITS	L96	5	72	86a99c9eb1a1393c8f9c929ee3b7ed364ba3595a6d295491663c042449ff1654
row	files_layout_rule_G4_RAW9_BOTHBLANK_UNITS	L96	6	72	07295ece6be2961ec1681364e24c37bcf22e4392bcc87cdb3096369629e9780d
row	files_layout_rule_G4_RAW9_BOTHBLANK_UNITS	L96	7	72	4ed031a094c889c39ce3c3965a0822fc42989a2a0d08033cb8f13633ab689614
row	files_layout_rule_G4_RAW9_BOTHBLANK_UNITS	L96	8	72	3686dc1b1b0bb6444e33280f1f6403ab081a4af413aee8665de1b9ac8e713c75
row	files_layout_rule_G4_RAW9_BOTHBLANK_UNITS	L96	9	72	865a9b37b4f07831b28949a02189e91474709048ef6b5765f5532af9691350d7
row	files_layout_rule_G4_RAW9_BOTHBLANK_UNITS	L96	10	72	1a49b2822065485df901baa6bb82d498a31cf0ebcb9a50ac64bfd8362ea209b9
row	files_layout_rule_G4_RAW9_BOTHBLANK_UNITS	L96	11	72	326c2db7ff5e98363a85548801872d0aaaf5707ce93d6a001a428352d1c4c51b
row	files_layout_rule_G4_RAW9_BOTHBLANK_UNITS	L96	12	72	6e2a9959b0b2d634527971ff29281e2463405a41467ab424833d911f96aca483
row	files_layout_rule_G4_RAW9_BOTHBLANK_UNITS	L96	13	72	ce37a948907765995c5656da8bdac30b2ccf50b67a4d74d43668de74be7281e6
row	files_layout_rule_G4_RAW9_BOTHBLANK_UNITS	L96	14	72	95c07d509c0df86947735e89c2e1a43702b9995a450a6a990f203fde5b9ce90c
row	files_layout_rule_G4_RAW9_BOTHBLANK_UNITS	L96	15	72	d5649ed373857aa7fd03414da942503b429802599ad8e110a17d1406bf9a1c99
row	files_layout_rule_G4_RAW9_BOTHBLANK_UNITS	L96	16	72	68c76119177aa330c41da023ff05b34ab2fdaa570298584ed9efe7ade33f3a87
row	files_layout_rule_G4_RAW9_BOTHBLANK_UNITS	L96	17	72	24a688a432546e682ebcbf56518339d618ca9bf34dfab838248cd5c709de20de
summary	files_layout_rule_G4_RAW9_BOTHBLANK_UNITS	L96	-	18	a5e04ccc026fbbc32a20cada033e8da10548b6deee6cfc24d5843fbeffcd00a3
summary	files_layout_rule_G4_RAW9_BOTHBLANK_SECTORS	L0	-	0	e3b0c44298fc1c149afbf4c8996fb92427ae41e4649b934ca495991b7852b855
row	files_layout_rule_G4_RAW9_BOTHBLANK_SECTORS	L1	0	12	898a86928e13d2d8a20712fcae09a74c8fa44aa74a5e7eaf0cbc45f9ba557638
summary	files_layout_rule_G4_RAW9_BOTHBLANK_SECTORS	L1	-	1	803426cd9fa826ca22d01671acdad76515d27807ffcc6e975ac08d102d1ac1b0
row	files_layout_rule_G4_RAW9_BOTHBLANK_SECTORS	L4	0	72	0758fc99bbda70611ca6cc147c60d8efa2167496113c4066d91c64443563ca62
summary	files_layout_rule_G4_RAW9_BOTHBLANK_SECTORS	L4	-	1	6618e0485b470c4f21c365c2577c01240213bac9fcf754312a59dd140e78ff69
row	files_layout_rule_G4_RAW9_BOTHBLANK_SECTORS	L5	0	72	0758fc99bbda70611ca6cc147c60d8efa2167496113c4066d91c64443563ca62
row	files_layout_rule_G4_RAW9_BOTHBLANK_SECTORS	L5	1	12	2125b77e6f1257b998df8bed5bdacf6808a3cc5850be735749e41c2a7e9aced2
summary	files_layout_rule_G4_RAW9_BOTHBLANK_SECTORS	L5	-	2	10751ad2673c7c18e655530f42323b45414226ca8e7af2f31d500c27832ad6ce
row	files_layout_rule_G4_RAW9_BOTHBLANK_SECTORS	L6	0	72	0758fc99bbda70611ca6cc147c60d8efa2167496113c4066d91c64443563ca62
row	files_layout_rule_G4_RAW9_BOTHBLANK_SECTORS	L6	1	32	9b1446607234adcd32d2455d4367bbbad0035c021c067d9f0219fd741433c90c
summary	files_layout_rule_G4_RAW9_BOTHBLANK_SECTORS	L6	-	2	3cb3f684ceaeab295166ad4f2cde954425d491995c41d802dff17b85586f4310
row	files_layout_rule_G4_RAW9_BOTHBLANK_SECTORS	L11	0	72	7a997586363d75e9728efcd8b733a691a61a96549ebff88dd4a4cd5f561c7b15
row	files_layout_rule_G4_RAW9_BOTHBLANK_SECTORS	L11	1	72	aa51734ecba926b6cbd2d1a7311136ef161453c771e645e863928ff3d43f8744
row	files_layout_rule_G4_RAW9_BOTHBLANK_SECTORS	L11	2	52	ad2a2c699e240fa6e44fd1c13df1292d4a8bd0f3dc0aa5dc8dae7309f376900c
summary	files_layout_rule_G4_RAW9_BOTHBLANK_SECTORS	L11	-	3	f0e930985e52259411d13e06b0dcbbe469b446e04eb4e0fe426c1a385ff43c42
row	files_layout_rule_G4_RAW9_BOTHBLANK_SECTORS	L96	0	72	4e9cad7713e68584a493b52b5e8c873d7848302ccbbab883df167ce88c08a960
row	files_layout_rule_G4_RAW9_BOTHBLANK_SECTORS	L96	1	72	1f32bae67776c196002aaa426d400b3141652ece8d82336cbd73fa78c44e5d96
row	files_layout_rule_G4_RAW9_BOTHBLANK_SECTORS	L96	2	72	e2d7eb8f52ed96df069b45b314923889196b25f9535f301b87f9033e3afff712
row	files_layout_rule_G4_RAW9_BOTHBLANK_SECTORS	L96	3	72	02cb512129b202139b6086ae9c4e2877db4334e3453053072cc0af9418e128f8
row	files_layout_rule_G4_RAW9_BOTHBLANK_SECTORS	L96	4	72	32709e106081b13a27b71405e29cc98103b8ba0dd07c21ccd225ef366bfe4fc8
row	files_layout_rule_G4_RAW9_BOTHBLANK_SECTORS	L96	5	72	86a99c9eb1a1393c8f9c929ee3b7ed364ba3595a6d295491663c042449ff1654
row	files_layout_rule_G4_RAW9_BOTHBLANK_SECTORS	L96	6	72	07295ece6be2961ec1681364e24c37bcf22e4392bcc87cdb3096369629e9780d
row	files_layout_rule_G4_RAW9_BOTHBLANK_SECTORS	L96	7	72	4ed031a094c889c39ce3c3965a0822fc42989a2a0d08033cb8f13633ab689614
row	files_layout_rule_G4_RAW9_BOTHBLANK_SECTORS	L96	8	72	3686dc1b1b0bb6444e33280f1f6403ab081a4af413aee8665de1b9ac8e713c75
row	files_layout_rule_G4_RAW9_BOTHBLANK_SECTORS	L96	9	72	865a9b37b4f07831b28949a02189e91474709048ef6b5765f5532af9691350d7
row	files_layout_rule_G4_RAW9_BOTHBLANK_SECTORS	L96	10	72	1a49b2822065485df901baa6bb82d498a31cf0ebcb9a50ac64bfd8362ea209b9
row	files_layout_rule_G4_RAW9_BOTHBLANK_SECTORS	L96	11	72	326c2db7ff5e98363a85548801872d0aaaf5707ce93d6a001a428352d1c4c51b
row	files_layout_rule_G4_RAW9_BOTHBLANK_SECTORS	L96	12	72	6e2a9959b0b2d634527971ff29281e2463405a41467ab424833d911f96aca483
row	files_layout_rule_G4_RAW9_BOTHBLANK_SECTORS	L96	13	72	ce37a948907765995c5656da8bdac30b2ccf50b67a4d74d43668de74be7281e6
row	files_layout_rule_G4_RAW9_BOTHBLANK_SECTORS	L96	14	72	95c07d509c0df86947735e89c2e1a43702b9995a450a6a990f203fde5b9ce90c
row	files_layout_rule_G4_RAW9_BOTHBLANK_SECTORS	L96	15	72	d5649ed373857aa7fd03414da942503b429802599ad8e110a17d1406bf9a1c99
row	files_layout_rule_G4_RAW9_BOTHBLANK_SECTORS	L96	16	72	68c76119177aa330c41da023ff05b34ab2fdaa570298584ed9efe7ade33f3a87
row	files_layout_rule_G4_RAW9_BOTHBLANK_SECTORS	L96	17	72	24a688a432546e682ebcbf56518339d618ca9bf34dfab838248cd5c709de20de
summary	files_layout_rule_G4_RAW9_BOTHBLANK_SECTORS	L96	-	18	a5e04ccc026fbbc32a20cada033e8da10548b6deee6cfc24d5843fbeffcd00a3
summary	files_layout_rule_G4_RAW9_BOTHBLANK_NONE	L0	-	0	e3b0c44298fc1c149afbf4c8996fb92427ae41e4649b934ca495991b7852b855
row	files_layout_rule_G4_RAW9_BOTHBLANK_NONE	L1	0	1	666a9ea463a4b593a49bd1c838323e4b6b8df86268af225f0db77611666f45e5
summary	files_layout_rule_G4_RAW9_BOTHBLANK_NONE	L1	-	1	740407967f0511949f9ca3937b557b1f45373f5e4ff2c58734ba8eac501547ea
row	files_layout_rule_G4_RAW9_BOTHBLANK_NONE	L4	0	69	fd7beeadff761c0ed0a62cdecae3f459afbe079388e69c1e857192068112b4e4
summary	files_layout_rule_G4_RAW9_BOTHBLANK_NONE	L4	-	1	b53ceb382830f39bd13cab7942f0fdb12aa5ae1e8ec0c3ecce5a141d92962098
row	files_layout_rule_G4_RAW9_BOTHBLANK_NONE	L5	0	69	fd7beeadff761c0ed0a62cdecae3f459afbe079388e69c1e857192068112b4e4
row	files_layout_rule_G4_RAW9_BOTHBLANK_NONE	L5	1	9	02f254ce8e6e167530e8b51474e7a54776e8e9bcb6cda767c351d2d887083558
summary	files_layout_rule_G4_RAW9_BOTHBLANK_NONE	L5	-	2	41bac434810c06ebc8b731dc81cd41cd1cace269715dadc91dd8df0a41f2b5b6
row	files_layout_rule_G4_RAW9_BOTHBLANK_NONE	L6	0	69	fd7beeadff761c0ed0a62cdecae3f459afbe079388e69c1e857192068112b4e4
row	files_layout_rule_G4_RAW9_BOTHBLANK_NONE	L6	1	29	20cb61a43abbe1ecd4313b063c53d6c9774f0e4b79d19dcf847de401eaa3ef3e
summary	files_layout_rule_G4_RAW9_BOTHBLANK_NONE	L6	-	2	a538df26fc96bf82207af4bcca254081733b464ea46e6540799a4b1774edf1e9
row	files_layout_rule_G4_RAW9_BOTHBLANK_NONE	L11	0	64	79b191cf959051bc06b8327e4c44176adbfb7c1d8b797490597a334079789864
row	files_layout_rule_G4_RAW9_BOTHBLANK_NONE	L11	1	68	8758d9a29b96a98ab9a60a619edf3122779f1cb96215a347087b4cbe747b99e9
row	files_layout_rule_G4_RAW9_BOTHBLANK_NONE	L11	2	48	e6c506c141955fbac9a50b2aa2bd393d558dd4dbbeeeea0c1d614ccf7c39370c
summary	files_layout_rule_G4_RAW9_BOTHBLANK_NONE	L11	-	3	e679bc169e8d331113a86bab2c583af0cd3499e01bc7ed0348d63a602e573636
row	files_layout_rule_G4_RAW9_BOTHBLANK_NONE	L96	0	69	59b4aa9b8a0403b63692c7a286eaa978dbca7aa50dfb2257d29f3fa768266f50
row	files_layout_rule_G4_RAW9_BOTHBLANK_NONE	L96	1	69	8ff2ffa2d69a8ad7aff09dcb1ba95c0bef5a661e6337cb6a630f6eefc07cc236
row	files_layout_rule_G4_RAW9_BOTHBLANK_NONE	L96	2	69	580eecadc947e979e6cfbbd6b87d00ad4ba1c408ffc7287b21abd49917e3d3dd
row	files_layout_rule_G4_RAW9_BOTHBLANK_NONE	L96	3	69	ae4e70b6dd0a1ae1068ec5bbc910b484cb6998a1b2fa1891fa433767bd0d6497
row	files_layout_rule_G4_RAW9_BOTHBLANK_NONE	L96	4	69	ae0799e23929c08903577365f5667deec4605877f2c689c8d55f8795fe5b095e
row	files_layout_rule_G4_RAW9_BOTHBLANK_NONE	L96	5	69	d6843d2da8fc7d26ff68d0d1efe52dd4827c9ab9a62016278a901e0264e88ab8
row	files_layout_rule_G4_RAW9_BOTHBLANK_NONE	L96	6	69	0073c71c6f2ab12cc47ad5d2133fc5be54027d48baa2d8260bc3116a8999c891
row	files_layout_rule_G4_RAW9_BOTHBLANK_NONE	L96	7	69	16f508ee3ba86c353f332c3f8b31814ed68c5ad4a16979073af21aa4c8593b8f
row	files_layout_rule_G4_RAW9_BOTHBLANK_NONE	L96	8	69	20473de28c7cc9b729764400551fb6b00bf9892d8dda07efd2d191395af7011e
row	files_layout_rule_G4_RAW9_BOTHBLANK_NONE	L96	9	69	3ed8d17baa91a72f5106bdc8246f271beedc0c21b65fba2eb333fcb2318239be
row	files_layout_rule_G4_RAW9_BOTHBLANK_NONE	L96	10	69	b4a192786e14db3ae825d222164d7318f38b720853220ac623270a443b9d9ed3
row	files_layout_rule_G4_RAW9_BOTHBLANK_NONE	L96	11	69	b55582334105144d9b33bf691ddcda2e3c7fd62cc2e5937584f77935d3b03794
row	files_layout_rule_G4_RAW9_BOTHBLANK_NONE	L96	12	69	498aecb99fc410188ef9b9b3c6e1ed64173c453d6e26b8efeec452284b62d932
row	files_layout_rule_G4_RAW9_BOTHBLANK_NONE	L96	13	69	dbd3580ab241d5e99a3528a2ec74f16491faf64ff1bae7845a4590765c2d4268
row	files_layout_rule_G4_RAW9_BOTHBLANK_NONE	L96	14	69	79b584db51fae6eba2da34d4d7b3bf5c13baf5c42ca91882a1469dbee974aa8d
row	files_layout_rule_G4_RAW9_BOTHBLANK_NONE	L96	15	69	341f2a40336135335f96891958ea72d1bea6403997ef541a06e584aa610e91ca
row	files_layout_rule_G4_RAW9_BOTHBLANK_NONE	L96	16	69	1e793eafb92f9958a7fee08d468e3d74206f915e9bc8028fa68fb51f3b7abb3c
row	files_layout_rule_G4_RAW9_BOTHBLANK_NONE	L96	17	69	55406cad0872e49bb711e0346fa852c21d6e1a54cfbf22c5f4336c39b1c9c0e4
summary	files_layout_rule_G4_RAW9_BOTHBLANK_NONE	L96	-	18	127fb092ef7ed556ca5b7f5c5b589e267fb0562b96306e2f1e3b08e301fd3048
summary	files_layout_rule_PACK_SPLIT63_80DOT_00BLANK_UNITS	L0	-	0	e3b0c44298fc1c149afbf4c8996fb92427ae41e4649b934ca495991b7852b855
row	files_layout_rule_PACK_SPLIT63_80DOT_00BLANK_UNITS	L1	0	12	8b19835187d553dc234266490f83982bca67c1f200261e5d395be70ed4114eeb
summary	files_layout_rule_PACK_SPLIT63_80DOT_00BLANK_UNITS	L1	-	1	f17b7c035cfa2b1d65855bc94f7aee8302e8d99946c788930f240f840e41245c
row	files_layout_rule_PACK_SPLIT63_80DOT_00BLANK_UNITS	L4	0	51	382c99e0a0c9203f5f9fd2e4ea4a8f54cf6d7555e23a0d64daf9a2c7aec49810
summary	files_layout_rule_PACK_SPLIT63_80DOT_00BLANK_UNITS	L4	-	1	efbfed57e7b639f295e9dbf1834c4090d5dbe2c32359171e01826612f7d6e1d6
row	files_layout_rule_PACK_SPLIT63_80DOT_00BLANK_UNITS	L5	0	64	9695337fca1c468c13194010a8220a49950a7c3888374234a1cda074c5c73062
summary	files_layout_rule_PACK_SPLIT63_80DOT_00BLANK_UNITS	L5	-	1	084fdf8ac76c8732ec0477852d4f3680623ac225e8855678878664ab936ab237
row	files_layout_rule_PACK_SPLIT63_80DOT_00BLANK_UNITS	L6	0	77	5eea4de2dbb7c6bbe972c5150f012ee198be7d146911e491696abf807bfc9cbd
summary	files_layout_rule_PACK_SPLIT63_80DOT_00BLANK_UNITS	L6	-	1	554ee18ef9717507c0cba3204bd02ef2accc21fa61a060334e605ea6bef6bdad
row	files_layout_rule_PACK_SPLIT63_80DOT_00BLANK_UNITS	L11	0	77	68aedee8c2f08e2e7344d1d99105dead1b22a5fa4f1c521b0d0032ee3974a760
row	files_layout_rule_PACK_SPLIT63_80DOT_00BLANK_UNITS	L11	1	65	190094893841a5b70de44f8b2f2bdf1f30e2a7ae091a6145d5678d503dc75ad7
summary	files_layout_rule_PACK_SPLIT63_80DOT_00BLANK_UNITS	L11	-	2	dae3abfe68aab1991989cfb0660f979781a8d3bd4461e1e9d0d87440f3dfabee
row	files_layout_rule_PACK_SPLIT63_80DOT_00BLANK_UNITS	L96	0	77	5fe0ee2c356f73e37a135c87a3ab8fc9fee686e1c122ad1ec71c32adae40d826
row	files_layout_rule_PACK_SPLIT63_80DOT_00BLANK_UNITS	L96	1	77	0faa544058d5d3946d095321a98f9c11023c3011de2dd17aad0228878ac3622b
row	files_layout_rule_PACK_SPLIT63_80DOT_00BLANK_UNITS	L96	2	77	21d3c9f0b2fa2c32af1f6aabef090c7a20d12dede724f36747ad917a80c4b355
row	files_layout_rule_PACK_SPLIT63_80DOT_00BLANK_UNITS	L96	3	77	e34870b76b5eaa59152d0eaab4abce343f5b1bd9417a45e3c3aadc1f942ff0a0
row	files_layout_rule_PACK_SPLIT63_80DOT_00BLANK_UNITS	L96	4	77	ff9b4ee05ccc12d6fc3f4592a9434b416899c76b5ee3ecf14e2cd91b35782238
row	files_layout_rule_PACK_SPLIT63_80DOT_00BLANK_UNITS	L96	5	77	3222cd506c1abbbe15f5331cf9548f70ccb28a418116757989be577203732050
row	files_layout_rule_PACK_SPLIT63_80DOT_00BLANK_UNITS	L96	6	77	3752811867a76be289bbdd71a6d9a62021d52395f82649acae152709821093fc
row	files_layout_rule_PACK_SPLIT63_80DOT_00BLANK_UNITS	L96	7	77	e80df4092549ae465762187aff4ccedee1890e7715aad114b4250dfe87666d06
row	files_layout_rule_PACK_SPLIT63_80DOT_00BLANK_UNITS	L96	8	77	a630520bae21983032578167f5a9c49b1f253a8c7c317f2f70d2cb1ebe54e5e2
row	files_layout_rule_PACK_SPLIT63_80DOT_00BLANK_UNITS	L96	9	77	4b81994aadff525b950b1bf3039aeccdf312278a35241689309a9a45b303127b
row	files_layout_rule_PACK_SPLIT63_80DOT_00BLANK_UNITS	L96	10	77	d2e612c6a1c54106ea77d5d2285352b543da3d0f681680ef12bb0297c439c0dd
row	files_layout_rule_PACK_SPLIT63_80DOT_00BLANK_UNITS	L96	11	77	e4c646d398f35117117201dd17c8f097940bd18c175537304bde0d2411a598b2
row	files_layout_rule_PACK_SPLIT63_80DOT_00BLANK_UNITS	L96	12	77	8c7306b66b7da7c32ebc89f722d356125cff3d196dc71bb7e829e8050de48150
row	files_layout_rule_PACK_SPLIT63_80DOT_00BLANK_UNITS	L96	13	77	1e50e46f0665ce42d1873bfcff91dc3545c6fe80821df4ba31bdd209d4bbf2b6
row	files_layout_rule_PACK_SPLIT63_80DOT_00BLANK_UNITS	L96	14	77	a4a3d8a8cc845cf79723080d82c338816f6658eec7c5402b6ae798a43a80704e
row	files_layout_rule_PACK_SPLIT63_80DOT_00BLANK_UNITS	L96	15	77	5d167920f6bd10e4095a0a6c2885b4e93f57acf3dcbbe606f7cc57f6456483c6
summary	files_layout_rule_PACK_SPLIT63_80DOT_00BLANK_UNITS	L96	-	16	817a6f12c45a2e58197a3f016b5de1c98db7d0a8731f10713cdfd02bed61f643
summary	files_layout_rule_PACK_SPLIT63_80DOT_00BLANK_SECTORS	L0	-	0	e3b0c44298fc1c149afbf4c8996fb92427ae41e4649b934ca495991b7852b855
row	files_layout_rule_PACK_SPLIT63_80DOT_00BLANK_SECTORS	L1	0	12	8b19835187d553dc234266490f83982bca67c1f200261e5d395be70ed4114eeb
summary	files_layout_rule_PACK_SPLIT63_80DOT_00BLANK_SECTORS	L1	-	1	f17b7c035cfa2b1d65855bc94f7aee8302e8d99946c788930f240f840e41245c
row	files_layout_rule_PACK_SPLIT63_80DOT_00BLANK_SECTORS	L4	0	51	382c99e0a0c9203f5f9fd2e4ea4a8f54cf6d7555e23a0d64daf9a2c7aec49810
summary	files_layout_rule_PACK_SPLIT63_80DOT_00BLANK_SECTORS	L4	-	1	efbfed57e7b639f295e9dbf1834c4090d5dbe2c32359171e01826612f7d6e1d6
row	files_layout_rule_PACK_SPLIT63_80DOT_00BLANK_SECTORS	L5	0	64	9695337fca1c468c13194010a8220a49950a7c3888374234a1cda074c5c73062
summary	files_layout_rule_PACK_SPLIT63_80DOT_00BLANK_SECTORS	L5	-	1	084fdf8ac76c8732ec0477852d4f3680623ac225e8855678878664ab936ab237
row	files_layout_rule_PACK_SPLIT63_80DOT_00BLANK_SECTORS	L6	0	77	5eea4de2dbb7c6bbe972c5150f012ee198be7d146911e491696abf807bfc9cbd
summary	files_layout_rule_PACK_SPLIT63_80DOT_00BLANK_SECTORS	L6	-	1	554ee18ef9717507c0cba3204bd02ef2accc21fa61a060334e605ea6bef6bdad
row	files_layout_rule_PACK_SPLIT63_80DOT_00BLANK_SECTORS	L11	0	77	68aedee8c2f08e2e7344d1d99105dead1b22a5fa4f1c521b0d0032ee3974a760
row	files_layout_rule_PACK_SPLIT63_80DOT_00BLANK_SECTORS	L11	1	65	e5e1caea5a4ebda3406eb121f398ea39e8c864bdb8849c1a805bc3c2ac0154b4
summary	files_layout_rule_PACK_SPLIT63_80DOT_00BLANK_SECTORS	L11	-	2	7e63a462aee0ad5b55dd7848c518c58c45428dd0c17514058ed71bb9730a8106
row	files_layout_rule_PACK_SPLIT63_80DOT_00BLANK_SECTORS	L96	0	77	5fe0ee2c356f73e37a135c87a3ab8fc9fee686e1c122ad1ec71c32adae40d826
row	files_layout_rule_PACK_SPLIT63_80DOT_00BLANK_SECTORS	L96	1	77	0faa544058d5d3946d095321a98f9c11023c3011de2dd17aad0228878ac3622b
row	files_layout_rule_PACK_SPLIT63_80DOT_00BLANK_SECTORS	L96	2	77	21d3c9f0b2fa2c32af1f6aabef090c7a20d12dede724f36747ad917a80c4b355
row	files_layout_rule_PACK_SPLIT63_80DOT_00BLANK_SECTORS	L96	3	77	e34870b76b5eaa59152d0eaab4abce343f5b1bd9417a45e3c3aadc1f942ff0a0
row	files_layout_rule_PACK_SPLIT63_80DOT_00BLANK_SECTORS	L96	4	77	ff9b4ee05ccc12d6fc3f4592a9434b416899c76b5ee3ecf14e2cd91b35782238
row	files_layout_rule_PACK_SPLIT63_80DOT_00BLANK_SECTORS	L96	5	77	3222cd506c1abbbe15f5331cf9548f70ccb28a418116757989be577203732050
row	files_layout_rule_PACK_SPLIT63_80DOT_00BLANK_SECTORS	L96	6	77	3752811867a76be289bbdd71a6d9a62021d52395f82649acae152709821093fc
row	files_layout_rule_PACK_SPLIT63_80DOT_00BLANK_SECTORS	L96	7	77	e80df4092549ae465762187aff4ccedee1890e7715aad114b4250dfe87666d06
row	files_layout_rule_PACK_SPLIT63_80DOT_00BLANK_SECTORS	L96	8	77	a630520bae21983032578167f5a9c49b1f253a8c7c317f2f70d2cb1ebe54e5e2
row	files_layout_rule_PACK_SPLIT63_80DOT_00BLANK_SECTORS	L96	9	77	4b81994aadff525b950b1bf3039aeccdf312278a35241689309a9a45b303127b
row	files_layout_rule_PACK_SPLIT63_80DOT_00BLANK_SECTORS	L96	10	77	d2e612c6a1c54106ea77d5d2285352b543da3d0f681680ef12bb0297c439c0dd
row	files_layout_rule_PACK_SPLIT63_80DOT_00BLANK_SECTORS	L96	11	77	e4c646d398f35117117201dd17c8f097940bd18c175537304bde0d2411a598b2
row	files_layout_rule_PACK_SPLIT63_80DOT_00BLANK_SECTORS	L96	12	77	8c7306b66b7da7c32ebc89f722d356125cff3d196dc71bb7e829e8050de48150
row	files_layout_rule_PACK_SPLIT63_80DOT_00BLANK_SECTORS	L96	13	77	1e50e46f0665ce42d1873bfcff91dc3545c6fe80821df4ba31bdd209d4bbf2b6
row	files_layout_rule_PACK_SPLIT63_80DOT_00BLANK_SECTORS	L96	14	77	a4a3d8a8cc845cf79723080d82c338816f6658eec7c5402b6ae798a43a80704e
row	files_layout_rule_PACK_SPLIT63_80DOT_00BLANK_SECTORS	L96	15	77	5d167920f6bd10e4095a0a6c2885b4e93f57acf3dcbbe606f7cc57f6456483c6
summary	files_layout_rule_PACK_SPLIT63_80DOT_00BLANK_SECTORS	L96	-	16	817a6f12c45a2e58197a3f016b5de1c98db7d0a8731f10713cdfd02bed61f643
summary	files_layout_rule_PACK_SPLIT63_80DOT_00BLANK_NONE	L0	-	0	e3b0c44298fc1c149afbf4c8996fb92427ae41e4649b934ca495991b7852b855
row	files_layout_rule_PACK_SPLIT63_80DOT_00BLANK_NONE	L1	0	10	d97e0c7fdabcdb30c4f8cd75fdb7f89c0370973168ca374ebc26f06679714f96
summary	files_layout_rule_PACK_SPLIT63_80DOT_00BLANK_NONE	L1	-	1	717336a7417f574f61eebf2a76a15be34944aeb47c0b756fa2a1a898b3ed9008
row	files_layout_rule_PACK_SPLIT63_80DOT_00BLANK_NONE	L4	0	43	790336259d6794046b1063d66f3d945104cd266d5d8a2b03e133b41ea68a0b4d
summary	files_layout_rule_PACK_SPLIT63_80DOT_00BLANK_NONE	L4	-	1	c125d1b3d31c5f487030f863433201b84c6d3f386a87a163ec35659cd04bab3a
row	files_layout_rule_PACK_SPLIT63_80DOT_00BLANK_NONE	L5	0	54	d10088afec4ee3d3cd18cfcaa9d969bc90ca175f120d380d042fb4c49bd1b7ff
summary	files_layout_rule_PACK_SPLIT63_80DOT_00BLANK_NONE	L5	-	1	355e71ea1ebf39314d53c96a8b6b0dfa1bb9af07402be828698cad1f30b60232
row	files_layout_rule_PACK_SPLIT63_80DOT_00BLANK_NONE	L6	0	65	b50705c8c785559bc3b12da9b55f1a563287af93741bc2b410a7caa3753e6369
summary	files_layout_rule_PACK_SPLIT63_80DOT_00BLANK_NONE	L6	-	1	dff07bc8a5f8425de5d486fd9bc7227cab0e30c64370dfce1ed3da8f06123e6d
row	files_layout_rule_PACK_SPLIT63_80DOT_00BLANK_NONE	L11	0	76	cafbc3c4ef2b8bb9346eb6ef161847267720bcc99b39c384e9761df3eb271f19
row	files_layout_rule_PACK_SPLIT63_80DOT_00BLANK_NONE	L11	1	43	4e6ce41c15cb7bc94235850db640b9490f4830e2a98a7c5532ad2a4b580fda5a
summary	files_layout_rule_PACK_SPLIT63_80DOT_00BLANK_NONE	L11	-	2	cb97b1dfd12b9d52d8509111b24dba247b3550891bb51503c12d52d559d35113
row	files_layout_rule_PACK_SPLIT63_80DOT_00BLANK_NONE	L96	0	76	5ba689b8eb885a3b4da3b73efb98167d7d8394e5e72f9e802b5a9436bb249734
row	files_layout_rule_PACK_SPLIT63_80DOT_00BLANK_NONE	L96	1	76	794cdff5932375800cf6555c34dc557151de238e5b09d08c1d9c23b3ec980a34
row	files_layout_rule_PACK_SPLIT63_80DOT_00BLANK_NONE	L96	2	76	e2e11d4363d89b2905ca43142052c926a3af11dcd6f3511e24da667b06c24ad1
row	files_layout_rule_PACK_SPLIT63_80DOT_00BLANK_NONE	L96	3	76	2239b7395591a353400f76b8cac2fbaca2e5368e117d90f5f1e4adb8ed4fd11d
row	files_layout_rule_PACK_SPLIT63_80DOT_00BLANK_NONE	L96	4	76	d6f2948a4f931ff9b6add8881d270f374b478dc483150765f4fd6d4df84a56d2
row	files_layout_rule_PACK_SPLIT63_80DOT_00BLANK_NONE	L96	5	76	a9dee08b08afab5197a0de0f37c918e322de12e0b33698170c6341f8b2641aad
row	files_layout_rule_PACK_SPLIT63_80DOT_00BLANK_NONE	L96	6	76	eb01a90ebc978f7203ec688eab02f2b946200b6da0330c744fe4323a58c8e39f
row	files_layout_rule_PACK_SPLIT63_80DOT_00BLANK_NONE	L96	7	76	bf7426006afbfb3b1190e9b7e5461724ba3cbf43f916e3f11f2537ae55a0160e
row	files_layout_rule_PACK_SPLIT63_80DOT_00BLANK_NONE	L96	8	76	0672796757ced440d4cc44a9a4972e01a7749ca54ee629960d4341c171268f03
row	files_layout_rule_PACK_SPLIT63_80DOT_00BLANK_NONE	L96	9	76	89ecd219a1d4e3e2894a6d5d8e77475828832cf043e3e278db3c0a7639166557
row	files_layout_rule_PACK_SPLIT63_80DOT_00BLANK_NONE	L96	10	76	dc86375361e5e1a88624f9d7ab0be56c63db2894a601f6de3dde813fe8f7a9f6
row	files_layout_rule_PACK_SPLIT63_80DOT_00BLANK_NONE	L96	11	76	64a4d00af5e1d11e8cc4a4db6d3fa034dc5d3ecf700302a73b6d542f216936fe
row	files_layout_rule_PACK_SPLIT63_80DOT_00BLANK_NONE	L96	12	76	6cf8fb648e07baac4efed5bfbae3337e0cf3f6c2836d7bf72547bfd9297228be
row	files_layout_rule_PACK_SPLIT63_80DOT_00BLANK_NONE	L96	13	54	70cbf5a97e1fdcd814ba0633b8c8b3868ef43443cf9b90856cffee2d9784225a
summary	files_layout_rule_PACK_SPLIT63_80DOT_00BLANK_NONE	L96	-	14	c1f59aa6bcac5e94b8a2d417c4d120205e285da358c902c4589e9770899e8133
summary	files_layout_rule_PACK_SPLIT63_80BLANK_00DOT_UNITS	L0	-	0	e3b0c44298fc1c149afbf4c8996fb92427ae41e4649b934ca495991b7852b855
row	files_layout_rule_PACK_SPLIT63_80BLANK_00DOT_UNITS	L1	0	12	898a86928e13d2d8a20712fcae09a74c8fa44aa74a5e7eaf0cbc45f9ba557638
summary	files_layout_rule_PACK_SPLIT63_80BLANK_00DOT_UNITS	L1	-	1	803426cd9fa826ca22d01671acdad76515d27807ffcc6e975ac08d102d1ac1b0
row	files_layout_rule_PACK_SPLIT63_80BLANK_00DOT_UNITS	L4	0	51	91381d30818d678cbac9d55ef3e580ff4e4a36b432631922efe259c13b07ec4c
summary	files_layout_rule_PACK_SPLIT63_80BLANK_00DOT_UNITS	L4	-	1	d430ca37a3a268c7c4fef99155e01b7878dac9255810f9298b44918ad9e1c5fe
row	files_layout_rule_PACK_SPLIT63_80BLANK_00DOT_UNITS	L5	0	64	c7097a3ae696a93a39a60ad13b4f47f2825bfd557a8c87a36cf13ccc2f93958c
summary	files_layout_rule_PACK_SPLIT63_80BLANK_00DOT_UNITS	L5	-	1	59a49d3938cb23bc1cfdfa88eb7eba7e2e879b64fad8322085b8130d04abc2ad
row	files_layout_rule_PACK_SPLIT63_80BLANK_00DOT_UNITS	L6	0	77	881d8b794e0c5110bb42622ad5ab4710b781be39b86ec119cf05dd55466b7cb9
summary	files_layout_rule_PACK_SPLIT63_80BLANK_00DOT_UNITS	L6	-	1	c6a7f187faf14afa06ff4b76dbe2e7556a0c7637d28f6fdd739928c94bcd52e9
row	files_layout_rule_PACK_SPLIT63_80BLANK_00DOT_UNITS	L11	0	77	88721c1885badda08cf302c92f3c0b49323507faf2b8acdd2e51f1f291c002fd
row	files_layout_rule_PACK_SPLIT63_80BLANK_00DOT_UNITS	L11	1	65	bb2216a87075d40ef217470cafcd136f72a4d5f54c1fb4997b75d5f9648830e1
summary	files_layout_rule_PACK_SPLIT63_80BLANK_00DOT_UNITS	L11	-	2	fcb0e7c154301af5752953c61529d80da661b0064acc3fac76ceea784811e30f
row	files_layout_rule_PACK_SPLIT63_80BLANK_00DOT_UNITS	L96	0	77	b59520e4dc03f807003c73c7b21762cef15393402d86a2676ca359f81403817e
row	files_layout_rule_PACK_SPLIT63_80BLANK_00DOT_UNITS	L96	1	77	8a05fec1baba2f4fc7ddb3aaf92f827f8f4657c3ff9ad70810ae27456c9dc8dc
row	files_layout_rule_PACK_SPLIT63_80BLANK_00DOT_UNITS	L96	2	77	91f91c4bf9105fb18bf481da21a793d3c825e91a349b7e90738bfac2399408b9
row	files_layout_rule_PACK_SPLIT63_80BLANK_00DOT_UNITS	L96	3	77	dd3599dc48b2d3481293bf4deb59bcb543a90d196541c67d63afd7bcac497cf6
row	files_layout_rule_PACK_SPLIT63_80BLANK_00DOT_UNITS	L96	4	77	fc1438f16292175e92285164865aa13915031a3b187dbb1c332fdf16bc5f2ec3
row	files_layout_rule_PACK_SPLIT63_80BLANK_00DOT_UNITS	L96	5	77	8395760c4bd6f7a882159e23bb8a5c9beee487e17cbff936c39de2067ef3c107
row	files_layout_rule_PACK_SPLIT63_80BLANK_00DOT_UNITS	L96	6	77	952e12e2f52e83e4496b870926c0e95c681eff0befd7789ac33c75ba581033a6
row	files_layout_rule_PACK_SPLIT63_80BLANK_00DOT_UNITS	L96	7	77	837686651f50eb40be8c2f01649549074399ce1e5b7f6cb66e04d8792ffbbf8a
row	files_layout_rule_PACK_SPLIT63_80BLANK_00DOT_UNITS	L96	8	77	549123f9ed994fd678f7dd6fdee66e35f908f5de08cbd660bf06990ca057090b
row	files_layout_rule_PACK_SPLIT63_80BLANK_00DOT_UNITS	L96	9	77	3792b73ac32dda2017a540107b8054ce304648a5f88e9f1a7f258f63a585677f
row	files_layout_rule_PACK_SPLIT63_80BLANK_00DOT_UNITS	L96	10	77	c035f3f1df160e675e744a633fa93b03bcf821ba98dcec1a63f418f9a2a576d3
row	files_layout_rule_PACK_SPLIT63_80BLANK_00DOT_UNITS	L96	11	77	898d87378279946479461b7823d0e553d40c62bd233a28c78b9ca177490e39cb
row	files_layout_rule_PACK_SPLIT63_80BLANK_00DOT_UNITS	L96	12	77	bb5c0cd24eb3ff651d52fed38e29216378161597c3091ae626c919a3def780ee
row	files_layout_rule_PACK_SPLIT63_80BLANK_00DOT_UNITS	L96	13	77	cb090e5ef0e5bd6745e1ac59e43f2fcd0a95292ad0322b020b4e3b33e6c35028
row	files_layout_rule_PACK_SPLIT63_80BLANK_00DOT_UNITS	L96	14	77	98b55feacfed3311d95255f810bb23351af4275d2c4aa613d9ce0a74f85638a7
row	files_layout_rule_PACK_SPLIT63_80BLANK_00DOT_UNITS	L96	15	77	1fe01d5d7ac3c214b9e94e1f182dec78b034727cc09a5fd56358c783e61b4b5d
summary	files_layout_rule_PACK_SPLIT63_80BLANK_00DOT_UNITS	L96	-	16	eba40dbabb96b86b93f0e3d13de6a5092e2ffba29f6fc1cd872ceab5172d56f6
summary	files_layout_rule_PACK_SPLIT63_80BLANK_00DOT_SECTORS	L0	-	0	e3b0c44298fc1c149afbf4c8996fb92427ae41e4649b934ca495991b7852b855
row	files_layout_rule_PACK_SPLIT63_80BLANK_00DOT_SECTORS	L1	0	12	898a86928e13d2d8a20712fcae09a74c8fa44aa74a5e7eaf0cbc45f9ba557638
summary	files_layout_rule_PACK_SPLIT63_80BLANK_00DOT_SECTORS	L1	-	1	803426cd9fa826ca22d01671acdad76515d27807ffcc6e975ac08d102d1ac1b0
row	files_layout_rule_PACK_SPLIT63_80BLANK_00DOT_SECTORS	L4	0	51	91381d30818d678cbac9d55ef3e580ff4e4a36b432631922efe259c13b07ec4c
summary	files_layout_rule_PACK_SPLIT63_80BLANK_00DOT_SECTORS	L4	-	1	d430ca37a3a268c7c4fef99155e01b7878dac9255810f9298b44918ad9e1c5fe
row	files_layout_rule_PACK_SPLIT63_80BLANK_00DOT_SECTORS	L5	0	64	c7097a3ae696a93a39a60ad13b4f47f2825bfd557a8c87a36cf13ccc2f93958c
summary	files_layout_rule_PACK_SPLIT63_80BLANK_00DOT_SECTORS	L5	-	1	59a49d3938cb23bc1cfdfa88eb7eba7e2e879b64fad8322085b8130d04abc2ad
row	files_layout_rule_PACK_SPLIT63_80BLANK_00DOT_SECTORS	L6	0	77	881d8b794e0c5110bb42622ad5ab4710b781be39b86ec119cf05dd55466b7cb9
summary	files_layout_rule_PACK_SPLIT63_80BLANK_00DOT_SECTORS	L6	-	1	c6a7f187faf14afa06ff4b76dbe2e7556a0c7637d28f6fdd739928c94bcd52e9
row	files_layout_rule_PACK_SPLIT63_80BLANK_00DOT_SECTORS	L11	0	77	88721c1885badda08cf302c92f3c0b49323507faf2b8acdd2e51f1f291c002fd
row	files_layout_rule_PACK_SPLIT63_80BLANK_00DOT_SECTORS	L11	1	65	f94159855f77dcc5aea173984e95f85606db8859283eeb0e0f569b4a88bca908
summary	files_layout_rule_PACK_SPLIT63_80BLANK_00DOT_SECTORS	L11	-	2	31990481ec75cfa964e9fbbe274801e080d32cf4d2c29f6572b4330127fab0b6
row	files_layout_rule_PACK_SPLIT63_80BLANK_00DOT_SECTORS	L96	0	77	b59520e4dc03f807003c73c7b21762cef15393402d86a2676ca359f81403817e
row	files_layout_rule_PACK_SPLIT63_80BLANK_00DOT_SECTORS	L96	1	77	8a05fec1baba2f4fc7ddb3aaf92f827f8f4657c3ff9ad70810ae27456c9dc8dc
row	files_layout_rule_PACK_SPLIT63_80BLANK_00DOT_SECTORS	L96	2	77	91f91c4bf9105fb18bf481da21a793d3c825e91a349b7e90738bfac2399408b9
row	files_layout_rule_PACK_SPLIT63_80BLANK_00DOT_SECTORS	L96	3	77	dd3599dc48b2d3481293bf4deb59bcb543a90d196541c67d63afd7bcac497cf6
row	files_layout_rule_PACK_SPLIT63_80BLANK_00DOT_SECTORS	L96	4	77	fc1438f16292175e92285164865aa13915031a3b187dbb1c332fdf16bc5f2ec3
row	files_layout_rule_PACK_SPLIT63_80BLANK_00DOT_SECTORS	L96	5	77	8395760c4bd6f7a882159e23bb8a5c9beee487e17cbff936c39de2067ef3c107
row	files_layout_rule_PACK_SPLIT63_80BLANK_00DOT_SECTORS	L96	6	77	952e12e2f52e83e4496b870926c0e95c681eff0befd7789ac33c75ba581033a6
row	files_layout_rule_PACK_SPLIT63_80BLANK_00DOT_SECTORS	L96	7	77	837686651f50eb40be8c2f01649549074399ce1e5b7f6cb66e04d8792ffbbf8a
row	files_layout_rule_PACK_SPLIT63_80BLANK_00DOT_SECTORS	L96	8	77	549123f9ed994fd678f7dd6fdee66e35f908f5de08cbd660bf06990ca057090b
row	files_layout_rule_PACK_SPLIT63_80BLANK_00DOT_SECTORS	L96	9	77	3792b73ac32dda2017a540107b8054ce304648a5f88e9f1a7f258f63a585677f
row	files_layout_rule_PACK_SPLIT63_80BLANK_00DOT_SECTORS	L96	10	77	c035f3f1df160e675e744a633fa93b03bcf821ba98dcec1a63f418f9a2a576d3
row	files_layout_rule_PACK_SPLIT63_80BLANK_00DOT_SECTORS	L96	11	77	898d87378279946479461b7823d0e553d40c62bd233a28c78b9ca177490e39cb
row	files_layout_rule_PACK_SPLIT63_80BLANK_00DOT_SECTORS	L96	12	77	bb5c0cd24eb3ff651d52fed38e29216378161597c3091ae626c919a3def780ee
row	files_layout_rule_PACK_SPLIT63_80BLANK_00DOT_SECTORS	L96	13	77	cb090e5ef0e5bd6745e1ac59e43f2fcd0a95292ad0322b020b4e3b33e6c35028
row	files_layout_rule_PACK_SPLIT63_80BLANK_00DOT_SECTORS	L96	14	77	98b55feacfed3311d95255f810bb23351af4275d2c4aa613d9ce0a74f85638a7
row	files_layout_rule_PACK_SPLIT63_80BLANK_00DOT_SECTORS	L96	15	77	1fe01d5d7ac3c214b9e94e1f182dec78b034727cc09a5fd56358c783e61b4b5d
summary	files_layout_rule_PACK_SPLIT63_80BLANK_00DOT_SECTORS	L96	-	16	eba40dbabb96b86b93f0e3d13de6a5092e2ffba29f6fc1cd872ceab5172d56f6
summary	files_layout_rule_PACK_SPLIT63_80BLANK_00DOT_NONE	L0	-	0	e3b0c44298fc1c149afbf4c8996fb92427ae41e4649b934ca495991b7852b855
row	files_layout_rule_PACK_SPLIT63_80BLANK_00DOT_NONE	L1	0	10	ef7bad89b46a2697de60d379fc835344c4734d6e3d3b00082de03d7d5067332a
summary	files_layout_rule_PACK_SPLIT63_80BLANK_00DOT_NONE	L1	-	1	0aaa670d1d530b22806f81558c69d18d044a6b754ab168cdca6defdd400f3ddc
row	files_layout_rule_PACK_SPLIT63_80BLANK_00DOT_NONE	L4	0	43	b8d758c0901797fd5888bc1f75319150ee521c8e9aad0466cd91a2795bdad127
summary	files_layout_rule_PACK_SPLIT63_80BLANK_00DOT_NONE	L4	-	1	e5ea48f8e6a9c9cba24d9149e6757977cc035422dfc822679cda32301dcf8a8e
row	files_layout_rule_PACK_SPLIT63_80BLANK_00DOT_NONE	L5	0	54	4f0620cfda2a09184cd7850df755bf8a829185a8c3c0ced9ac6d53cfb15ed83d
summary	files_layout_rule_PACK_SPLIT63_80BLANK_00DOT_NONE	L5	-	1	a4b3722794fe3388be793d5b00ff67eb7ce4376ee0037dd0026f9ee3b79fafb8
row	files_layout_rule_PACK_SPLIT63_80BLANK_00DOT_NONE	L6	0	65	6dc540c57bdc8c5213d42373bcbb1852454c71180bd252cfdd03b8ab8b34ed59
summary	files_layout_rule_PACK_SPLIT63_80BLANK_00DOT_NONE	L6	-	1	6f09f3a0a41d39aa1d5f70c90dd7d8c2d85734494aba89cc9ebb58763669cd5f
row	files_layout_rule_PACK_SPLIT63_80BLANK_00DOT_NONE	L11	0	76	a3dcda5688306cc23952660e17f14eae051678013cab38ac2067bf5e5e69f94c
row	files_layout_rule_PACK_SPLIT63_80BLANK_00DOT_NONE	L11	1	43	61195850ed09adaa5d160998dd0b3c189ae3504b92d5263cb00b6433e6953c67
summary	files_layout_rule_PACK_SPLIT63_80BLANK_00DOT_NONE	L11	-	2	15c6bc196b016af5d98e58ab867e39efc2b106e86483ab42e493a4f87f5a1991
row	files_layout_rule_PACK_SPLIT63_80BLANK_00DOT_NONE	L96	0	76	257b019c6da83635838eef56f6f56ccc0970676afcee8e782d9693a9bcd86357
row	files_layout_rule_PACK_SPLIT63_80BLANK_00DOT_NONE	L96	1	76	342fd47e81b1d79dd9a20557c89be90731e2762cf7e40349a929ee8e6c622df7
row	files_layout_rule_PACK_SPLIT63_80BLANK_00DOT_NONE	L96	2	76	b29bff7f2d4ff4cf47a78549e340faba1917842fc24f43ebf962d886393d920f
row	files_layout_rule_PACK_SPLIT63_80BLANK_00DOT_NONE	L96	3	76	36b4c40d2bf9ea80a966a262cf8f90159d107d61b5d34dfb6faa865b38936d08
row	files_layout_rule_PACK_SPLIT63_80BLANK_00DOT_NONE	L96	4	76	5801c3a3991ab1ec85d8f9f56e8187f4420079b01a36f6d64acb035752e2aa05
row	files_layout_rule_PACK_SPLIT63_80BLANK_00DOT_NONE	L96	5	76	fdca3c9f435f5fd7316f3ae8da16308f694622d6fcbeafe71dc84d79cd81ad28
row	files_layout_rule_PACK_SPLIT63_80BLANK_00DOT_NONE	L96	6	76	4a8befc941833f8b67e7d24cb94ddae34892fbf5dd11b2b47ff592d8c5e2bb66
row	files_layout_rule_PACK_SPLIT63_80BLANK_00DOT_NONE	L96	7	76	add0eda60dad5be304e2049f09f39e3839c9dc1ca814ee3100bd26623e478992
row	files_layout_rule_PACK_SPLIT63_80BLANK_00DOT_NONE	L96	8	76	aa0d8bd56b350d655d80cf5bf9fa6f36a09e78beba76341ddc2bf8097aa9205c
row	files_layout_rule_PACK_SPLIT63_80BLANK_00DOT_NONE	L96	9	76	b9dda65b11273189c46f3dc3978491b8cada88b8166014070dda23669fa949ea
row	files_layout_rule_PACK_SPLIT63_80BLANK_00DOT_NONE	L96	10	76	0c27c8aa6a00658df5dcbae563821b96627e78f4b6334b10c5a602107f2eaa58
row	files_layout_rule_PACK_SPLIT63_80BLANK_00DOT_NONE	L96	11	76	cf8b415a30344b68db4546be05af3b971d16645048505e0f0bc741999d37df94
row	files_layout_rule_PACK_SPLIT63_80BLANK_00DOT_NONE	L96	12	76	a4ec038bce7ae680d6a045cfa50c4bd8192f250530f75648ec418431941e7393
row	files_layout_rule_PACK_SPLIT63_80BLANK_00DOT_NONE	L96	13	54	989c42b8372f8f9232ac26c3aaef511fb1cf63c4d777cb5ee3fc40511a7c1739
summary	files_layout_rule_PACK_SPLIT63_80BLANK_00DOT_NONE	L96	-	14	56e5b4d10174d6ab1267364c70c156f5e5a7898c9e55aa66e6b99c3a28245484
summary	files_layout_rule_PACK_SPLIT63_BOTHBLANK_UNITS	L0	-	0	e3b0c44298fc1c149afbf4c8996fb92427ae41e4649b934ca495991b7852b855
row	files_layout_rule_PACK_SPLIT63_BOTHBLANK_UNITS	L1	0	12	898a86928e13d2d8a20712fcae09a74c8fa44aa74a5e7eaf0cbc45f9ba557638
summary	files_layout_rule_PACK_SPLIT63_BOTHBLANK_UNITS	L1	-	1	803426cd9fa826ca22d01671acdad76515d27807ffcc6e975ac08d102d1ac1b0
row	files_layout_rule_PACK_SPLIT63_BOTHBLANK_UNITS	L4	0	51	aee0cccd9da9c863449810021d349835e76a471ec638ae44fe31340e48fefb30
summary	files_layout_rule_PACK_SPLIT63_BOTHBLANK_UNITS	L4	-	1	5e46465ec496dd915990bcd32525a4cd75acf5272070dc31c764221598382162
row	files_layout_rule_PACK_SPLIT63_BOTHBLANK_UNITS	L5	0	64	fb6a777d7311b8cc374bf0f482f2c600532ccb048e1ebedf19b67ee34644ebf7
summary	files_layout_rule_PACK_SPLIT63_BOTHBLANK_UNITS	L5	-	1	d3ebfaece6ac021de406d37aa409d0b93351ff3bcdf3e9064d53a690ce50ea78
row	files_layout_rule_PACK_SPLIT63_BOTHBLANK_UNITS	L6	0	77	4ba429a096d3a66e081fe48a7a8ebb9badfcf7d66ec52853e5a1df7293c7fa50
summary	files_layout_rule_PACK_SPLIT63_BOTHBLANK_UNITS	L6	-	1	fb6566c75eb41fe597834d520f397750a66555fef3b724fb118609daf0a37377
row	files_layout_rule_PACK_SPLIT63_BOTHBLANK_UNITS	L11	0	77	4b3228bd5d39231553f1c3a443b2ddbd92e52047b0015ce5c22c38e30daef8a7
row	files_layout_rule_PACK_SPLIT63_BOTHBLANK_UNITS	L11	1	65	dd00115b23cf0c96e006ace9532fd781af2133a11350052f5924cfdb46c06987
summary	files_layout_rule_PACK_SPLIT63_BOTHBLANK_UNITS	L11	-	2	0a70ca9dc226dc9ea3901007f5f1805b00c211104ef7d069bbb1a70e9b3a88da
row	files_layout_rule_PACK_SPLIT63_BOTHBLANK_UNITS	L96	0	77	a079cc42bc165533698c0be6506245d2c16037851b84255f6985413ed5bdf25f
row	files_layout_rule_PACK_SPLIT63_BOTHBLANK_UNITS	L96	1	77	da263d1040018fc0a7f34ba645564f88249fa97d2dcbd3f4fbf545fb3ff81f21
row	files_layout_rule_PACK_SPLIT63_BOTHBLANK_UNITS	L96	2	77	672800b65e4c5538be3799e84d8559a53f37245f2d74665075664fea9a424b37
row	files_layout_rule_PACK_SPLIT63_BOTHBLANK_UNITS	L96	3	77	2c4f8b7f3364e8aaf88165d749564ffb7fa936b23ebd07dc6006fc2fc976ff4d
row	files_layout_rule_PACK_SPLIT63_BOTHBLANK_UNITS	L96	4	77	40e65053c4569bd692d42578a01fe9d699439672c28be5ab21d85b882823492c
row	files_layout_rule_PACK_SPLIT63_BOTHBLANK_UNITS	L96	5	77	a2e10262a8945f1bed94d57926d085ba37dc02ee0327090fdceb9c4424cb2e95
row	files_layout_rule_PACK_SPLIT63_BOTHBLANK_UNITS	L96	6	77	a68102f0cf99b2babfca351b9663a2ff9a6b8a8f38af27db4f8e9c7cddc6fb70
row	files_layout_rule_PACK_SPLIT63_BOTHBLANK_UNITS	L96	7	77	b9e72b662944a9049fe7045f66a80833a418ed35f5390126c134738783778274
row	files_layout_rule_PACK_SPLIT63_BOTHBLANK_UNITS	L96	8	77	8f381b9a3eaf3ea2da144c430b9092199aadc9bb18706d578eeb7deeade370a4
row	files_layout_rule_PACK_SPLIT63_BOTHBLANK_UNITS	L96	9	77	d72a2e2cc41979c4b3823277f3f4ef079e8e1266114f96f85535123ca062f46a
row	files_layout_rule_PACK_SPLIT63_BOTHBLANK_UNITS	L96	10	77	db53f81188f30bebc01128561a019bdb8cbe896460a3a48985507aef5a11b681
row	files_layout_rule_PACK_SPLIT63_BOTHBLANK_UNITS	L96	11	77	559de050003b8423c0a0658a1ae7551367814574c5dff557ea3a5054145448dd
row	files_layout_rule_PACK_SPLIT63_BOTHBLANK_UNITS	L96	12	77	62fcd2219773b02a85efdc516f50fae042db0e8f19ce91a8fd0a2b9071c7caa6
row	files_layout_rule_PACK_SPLIT63_BOTHBLANK_UNITS	L96	13	77	26f86c6094c18610ce6f127616deaf8d5c460a004a05fbcaa0f09806e91753ac
row	files_layout_rule_PACK_SPLIT63_BOTHBLANK_UNITS	L96	14	77	8fb1d6e651683466574631ca089fe523d0efb8858d3e4dd9f3773e2d8225a224
row	files_layout_rule_PACK_SPLIT63_BOTHBLANK_UNITS	L96	15	77	a979e96d00bfe0c3c6464a541e3efed8d8e3654cfdd031f6495ad10e3c4790a0
summary	files_layout_rule_PACK_SPLIT63_BOTHBLANK_UNITS	L96	-	16	c99efadf3fc3ae4cd5b1f4a9e47fb58b04bf6d6ea806ac990ffe0942ce58e470
summary	files_layout_rule_PACK_SPLIT63_BOTHBLANK_SECTORS	L0	-	0	e3b0c44298fc1c149afbf4c8996fb92427ae41e4649b934ca495991b7852b855
row	files_layout_rule_PACK_SPLIT63_BOTHBLANK_SECTORS	L1	0	12	898a86928e13d2d8a20712fcae09a74c8fa44aa74a5e7eaf0cbc45f9ba557638
summary	files_layout_rule_PACK_SPLIT63_BOTHBLANK_SECTORS	L1	-	1	803426cd9fa826ca22d01671acdad76515d27807ffcc6e975ac08d102d1ac1b0
row	files_layout_rule_PACK_SPLIT63_BOTHBLANK_SECTORS	L4	0	51	aee0cccd9da9c863449810021d349835e76a471ec638ae44fe31340e48fefb30
summary	files_layout_rule_PACK_SPLIT63_BOTHBLANK_SECTORS	L4	-	1	5e46465ec496dd915990bcd32525a4cd75acf5272070dc31c764221598382162
row	files_layout_rule_PACK_SPLIT63_BOTHBLANK_SECTORS	L5	0	64	fb6a777d7311b8cc374bf0f482f2c600532ccb048e1ebedf19b67ee34644ebf7
summary	files_layout_rule_PACK_SPLIT63_BOTHBLANK_SECTORS	L5	-	1	d3ebfaece6ac021de406d37aa409d0b93351ff3bcdf3e9064d53a690ce50ea78
row	files_layout_rule_PACK_SPLIT63_BOTHBLANK_SECTORS	L6	0	77	4ba429a096d3a66e081fe48a7a8ebb9badfcf7d66ec52853e5a1df7293c7fa50
summary	files_layout_rule_PACK_SPLIT63_BOTHBLANK_SECTORS	L6	-	1	fb6566c75eb41fe597834d520f397750a66555fef3b724fb118609daf0a37377
row	files_layout_rule_PACK_SPLIT63_BOTHBLANK_SECTORS	L11	0	77	4b3228bd5d39231553f1c3a443b2ddbd92e52047b0015ce5c22c38e30daef8a7
row	files_layout_rule_PACK_SPLIT63_BOTHBLANK_SECTORS	L11	1	65	0681ecdcc6c19ac0e419514c248bc3e6d8cc1654e1ba3dd87e36fadc27e4358f
summary	files_layout_rule_PACK_SPLIT63_BOTHBLANK_SECTORS	L11	-	2	92ff6fff1fa2978822d7a8fcddf3cf6dc8570b9ffe9f253a46f609eea9efb7f2
row	files_layout_rule_PACK_SPLIT63_BOTHBLANK_SECTORS	L96	0	77	a079cc42bc165533698c0be6506245d2c16037851b84255f6985413ed5bdf25f
row	files_layout_rule_PACK_SPLIT63_BOTHBLANK_SECTORS	L96	1	77	da263d1040018fc0a7f34ba645564f88249fa97d2dcbd3f4fbf545fb3ff81f21
row	files_layout_rule_PACK_SPLIT63_BOTHBLANK_SECTORS	L96	2	77	672800b65e4c5538be3799e84d8559a53f37245f2d74665075664fea9a424b37
row	files_layout_rule_PACK_SPLIT63_BOTHBLANK_SECTORS	L96	3	77	2c4f8b7f3364e8aaf88165d749564ffb7fa936b23ebd07dc6006fc2fc976ff4d
row	files_layout_rule_PACK_SPLIT63_BOTHBLANK_SECTORS	L96	4	77	40e65053c4569bd692d42578a01fe9d699439672c28be5ab21d85b882823492c
row	files_layout_rule_PACK_SPLIT63_BOTHBLANK_SECTORS	L96	5	77	a2e10262a8945f1bed94d57926d085ba37dc02ee0327090fdceb9c4424cb2e95
row	files_layout_rule_PACK_SPLIT63_BOTHBLANK_SECTORS	L96	6	77	a68102f0cf99b2babfca351b9663a2ff9a6b8a8f38af27db4f8e9c7cddc6fb70
row	files_layout_rule_PACK_SPLIT63_BOTHBLANK_SECTORS	L96	7	77	b9e72b662944a9049fe7045f66a80833a418ed35f5390126c134738783778274
row	files_layout_rule_PACK_SPLIT63_BOTHBLANK_SECTORS	L96	8	77	8f381b9a3eaf3ea2da144c430b9092199aadc9bb18706d578eeb7deeade370a4
row	files_layout_rule_PACK_SPLIT63_BOTHBLANK_SECTORS	L96	9	77	d72a2e2cc41979c4b3823277f3f4ef079e8e1266114f96f85535123ca062f46a
row	files_layout_rule_PACK_SPLIT63_BOTHBLANK_SECTORS	L96	10	77	db53f81188f30bebc01128561a019bdb8cbe896460a3a48985507aef5a11b681
row	files_layout_rule_PACK_SPLIT63_BOTHBLANK_SECTORS	L96	11	77	559de050003b8423c0a0658a1ae7551367814574c5dff557ea3a5054145448dd
row	files_layout_rule_PACK_SPLIT63_BOTHBLANK_SECTORS	L96	12	77	62fcd2219773b02a85efdc516f50fae042db0e8f19ce91a8fd0a2b9071c7caa6
row	files_layout_rule_PACK_SPLIT63_BOTHBLANK_SECTORS	L96	13	77	26f86c6094c18610ce6f127616deaf8d5c460a004a05fbcaa0f09806e91753ac
row	files_layout_rule_PACK_SPLIT63_BOTHBLANK_SECTORS	L96	14	77	8fb1d6e651683466574631ca089fe523d0efb8858d3e4dd9f3773e2d8225a224
row	files_layout_rule_PACK_SPLIT63_BOTHBLANK_SECTORS	L96	15	77	a979e96d00bfe0c3c6464a541e3efed8d8e3654cfdd031f6495ad10e3c4790a0
summary	files_layout_rule_PACK_SPLIT63_BOTHBLANK_SECTORS	L96	-	16	c99efadf3fc3ae4cd5b1f4a9e47fb58b04bf6d6ea806ac990ffe0942ce58e470
summary	files_layout_rule_PACK_SPLIT63_BOTHBLANK_NONE	L0	-	0	e3b0c44298fc1c149afbf4c8996fb92427ae41e4649b934ca495991b7852b855
row	files_layout_rule_PACK_SPLIT63_BOTHBLANK_NONE	L1	0	10	ef7bad89b46a2697de60d379fc835344c4734d6e3d3b00082de03d7d5067332a
summary	files_layout_rule_PACK_SPLIT63_BOTHBLANK_NONE	L1	-	1	0aaa670d1d530b22806f81558c69d18d044a6b754ab168cdca6defdd400f3ddc
row	files_layout_rule_PACK_SPLIT63_BOTHBLANK_NONE	L4	0	43	baf2df34b82f3ea56f5c675dd29321b7436b2a53c139056542eac12328210c2b
summary	files_layout_rule_PACK_SPLIT63_BOTHBLANK_NONE	L4	-	1	0761d95184ba6cfc07ba8e3b6aac411940e5433ae039f712c1dc65f86b66706d
row	files_layout_rule_PACK_SPLIT63_BOTHBLANK_NONE	L5	0	54	b6c26662cc6c80ec88c3fffbdfc00730002944044b0985646a50ec2916e3a7c4
summary	files_layout_rule_PACK_SPLIT63_BOTHBLANK_NONE	L5	-	1	5aae7f26335ab0be18113de8437c15bebbb1deaab50bde1472d6b2b37d1d4a1c
row	files_layout_rule_PACK_SPLIT63_BOTHBLANK_NONE	L6	0	65	6743e59b4f9421b2b61b84c7b35b597486027a7ff07641d3f137ab3d2e96490e
summary	files_layout_rule_PACK_SPLIT63_BOTHBLANK_NONE	L6	-	1	e12de89cdc7954b9a61a8da49b60c22c14bc963517fe344fcb00cd4b97f8e068
row	files_layout_rule_PACK_SPLIT63_BOTHBLANK_NONE	L11	0	76	f487adbd0c72b42013125288881cca373a195ef3f75ade0d7e215b32cd648578
row	files_layout_rule_PACK_SPLIT63_BOTHBLANK_NONE	L11	1	43	453a0b8823a131d19879be245e876f16a3d18c588904c9fbba6d3411b62f4090
summary	files_layout_rule_PACK_SPLIT63_BOTHBLANK_NONE	L11	-	2	33dd3f41955c02715e14ebce05c42ab0f180b0b289aa25223a5e4174039ca198
row	files_layout_rule_PACK_SPLIT63_BOTHBLANK_NONE	L96	0	76	b120f1691705fe0486d01815ee854044bc409c96c121845dffcbc76b77bcff9d
row	files_layout_rule_PACK_SPLIT63_BOTHBLANK_NONE	L96	1	76	f5ff3ca6d7ebf27dfca7581de58ab8bf7422dbdfcf5d744e8248434d155a2439
row	files_layout_rule_PACK_SPLIT63_BOTHBLANK_NONE	L96	2	76	7ae9044a8332edb153aedb272edbdbb4ae8a5179a9e847f146af8f45fd3966a4
row	files_layout_rule_PACK_SPLIT63_BOTHBLANK_NONE	L96	3	76	b0253abf90b47b9d19e365fd0c3acd422ad4c4b2c9255463459974c5eb8b56c5
row	files_layout_rule_PACK_SPLIT63_BOTHBLANK_NONE	L96	4	76	8b0a31e63375b3823f3e4bcaa3e4614ea1a33420c4ebc1fdab57da71cf21caab
row	files_layout_rule_PACK_SPLIT63_BOTHBLANK_NONE	L96	5	76	b64167f2c3c5be2d88a7979189fc0d3a51aa6b1152bef374c39d1dc881d39eea
row	files_layout_rule_PACK_SPLIT63_BOTHBLANK_NONE	L96	6	76	7097cad405be4ce4a17d8d7fae164ca12e65fe95df0ef0ed4c1463df8d2df114
row	files_layout_rule_PACK_SPLIT63_BOTHBLANK_NONE	L96	7	76	9b4c9d68134d397b8fc4b558f8663be72c784bf2449648b0d3f8f4c83f7e5b4b
row	files_layout_rule_PACK_SPLIT63_BOTHBLANK_NONE	L96	8	76	179167ec4fa2d2f43f9b80b1edd712aba8da855ef6fc6c5251f8ee8c117758a7
row	files_layout_rule_PACK_SPLIT63_BOTHBLANK_NONE	L96	9	76	2fa56349a644bf759be39be8f863910d37b7b12f91f5d7926a4420bc79ccedaa
row	files_layout_rule_PACK_SPLIT63_BOTHBLANK_NONE	L96	10	76	dc89aa3e66842e4d370b84545295b99ef23324c5e58b4d56fb8cde9373b2d0bb
row	files_layout_rule_PACK_SPLIT63_BOTHBLANK_NONE	L96	11	76	5847c60ab84bf6e8aaa85809b7b979f2c5dc44f3857a44f4cb17a022dae058d7
row	files_layout_rule_PACK_SPLIT63_BOTHBLANK_NONE	L96	12	76	08e201c39500419e8d62c965b2d5e6cb256733e1058080af43e958a454d855f2
row	files_layout_rule_PACK_SPLIT63_BOTHBLANK_NONE	L96	13	54	0581e6a61a88d6edf296af35c69c6130c4a551ad77a5351129892291a8853f36
summary	files_layout_rule_PACK_SPLIT63_BOTHBLANK_NONE	L96	-	14	c31c43210809bfe47b9d0064d83824ef1650e62fad2bb0a36aeefe94c45b751c
summary	files_layout_rule_PACK_RAW9_80DOT_00BLANK_UNITS	L0	-	0	e3b0c44298fc1c149afbf4c8996fb92427ae41e4649b934ca495991b7852b855
row	files_layout_rule_PACK_RAW9_80DOT_00BLANK_UNITS	L1	0	12	69ecfe34bdf839a1adc7c1dc782004ee81086ee6a5efdba44ac82ae8f180eade
summary	files_layout_rule_PACK_RAW9_80DOT_00BLANK_UNITS	L1	-	1	9d538f96ac30314ebdebbff5a5fff668976e5b0acc142aaccba6d95c4146bf99
row	files_layout_rule_PACK_RAW9_80DOT_00BLANK_UNITS	L4	0	51	f5edc714dec49c68ca64ce9ec13fa6a59437a3480f3217acaaa52a9b82935046
summary	files_layout_rule_PACK_RAW9_80DOT_00BLANK_UNITS	L4	-	1	651cf2fa7e5c691583f55ce92c83c05964271d408c37819e2fdec34288ae6fb0
row	files_layout_rule_PACK_RAW9_80DOT_00BLANK_UNITS	L5	0	64	22aca7b9b1b3084b3ea0096f45a19b342a5d799a35e64c277633468a84aaddf8
summary	files_layout_rule_PACK_RAW9_80DOT_00BLANK_UNITS	L5	-	1	35b19ce6d856fbe086c6995e638c18bc35928d688dbc15c4064bf0f7ce48a004
row	files_layout_rule_PACK_RAW9_80DOT_00BLANK_UNITS	L6	0	77	e991bc7558956485e107a839f276757efadb90620839e60165570a1bbad14e96
summary	files_layout_rule_PACK_RAW9_80DOT_00BLANK_UNITS	L6	-	1	0510db8e6201d20d59f09f4ef59f06b95da42baebec6110474a245acc5d6767e
row	files_layout_rule_PACK_RAW9_80DOT_00BLANK_UNITS	L11	0	77	ea0e1b8ec8be46b8aa21de5b26777309d600b7f2513486de70024d964aaf49a1
row	files_layout_rule_PACK_RAW9_80DOT_00BLANK_UNITS	L11	1	65	82b4d0c7e9d3a5f54a13cc07b94877154fbdecb6e3e0edc01cf6e87687ff8cb3
summary	files_layout_rule_PACK_RAW9_80DOT_00BLANK_UNITS	L11	-	2	88217f4d04326bd81fab2770ac9d5b100f3dac8b40776db6b56c6a3c5576474a
row	files_layout_rule_PACK_RAW9_80DOT_00BLANK_UNITS	L96	0	77	2616c5b0c66bcbea1f1a26fbdd9b684f74ea6ebb59fd515c9003415c2cdaa78a
row	files_layout_rule_PACK_RAW9_80DOT_00BLANK_UNITS	L96	1	77	b18ea6d0c48e9e8706f926548b402824a6e5d3f550eaf2ce62695e7260ddb4c3
row	files_layout_rule_PACK_RAW9_80DOT_00BLANK_UNITS	L96	2	77	826f61fd0c6097177faa0c9eae6ce830db905e69d1ba571802ba84b5e5060fde
row	files_layout_rule_PACK_RAW9_80DOT_00BLANK_UNITS	L96	3	77	8c22b5573b60d2d57c98e1534fb07284f039fc2009c3ae1ad2bbd45bc2e1eb66
row	files_layout_rule_PACK_RAW9_80DOT_00BLANK_UNITS	L96	4	77	ad867e0d27619618a4a8911ae6536438f7e892fe6a8324684aa09a3c87648ca7
row	files_layout_rule_PACK_RAW9_80DOT_00BLANK_UNITS	L96	5	77	a3f84f5d14512ee0698378353515a38dfe179d0ca87c06997efd90e31424647e
row	files_layout_rule_PACK_RAW9_80DOT_00BLANK_UNITS	L96	6	77	0f65c0807bf2bfeda48318d8b1aff0fe4d6eb3bf852ea21596b159ec41a8424e
row	files_layout_rule_PACK_RAW9_80DOT_00BLANK_UNITS	L96	7	77	5b62250c9b11477b4c567c2193b519b520b7cc8af33ccd92ae350656007f8aed
row	files_layout_rule_PACK_RAW9_80DOT_00BLANK_UNITS	L96	8	77	3fcb7b8d85498567adc7acfc9353d17b27dcf7759209853e0702a3a7e4acb523
row	files_layout_rule_PACK_RAW9_80DOT_00BLANK_UNITS	L96	9	77	656995a7d020c98a15b5349a8e2d849aea014b043412f40c91bcd098e6bb9b27
row	files_layout_rule_PACK_RAW9_80DOT_00BLANK_UNITS	L96	10	77	4acc8c6f2d6366e1dda8b79bf391bc95bccbf3afa4616bfa68ed431fa394b7c3
row	files_layout_rule_PACK_RAW9_80DOT_00BLANK_UNITS	L96	11	77	57577de79afb891d72c9a2ce8def07e63b5407ab3d515bf1c649328d2a28a8a5
row	files_layout_rule_PACK_RAW9_80DOT_00BLANK_UNITS	L96	12	77	c690b1a154ae883571da54a830a813a807123ef577d334dbccc5b55b27ac792d
row	files_layout_rule_PACK_RAW9_80DOT_00BLANK_UNITS	L96	13	77	1b12533f64d15527f35f3e4efa9b0dbd246ab00e820da6bde83f247437002b1c
row	files_layout_rule_PACK_RAW9_80DOT_00BLANK_UNITS	L96	14	77	d8a3230c9f6caa9e42d08e16a4c9ab352dcb74f89c8343836519d7e2730e1b4e
row	files_layout_rule_PACK_RAW9_80DOT_00BLANK_UNITS	L96	15	77	05f618340db43dfe1fe539e610ac8aa87f53895e1bb090e0ce1674ce36e33e51
summary	files_layout_rule_PACK_RAW9_80DOT_00BLANK_UNITS	L96	-	16	f4c05bd88edd77de33369a03dc24d08229fdbe42a356710f59d0c05ec8c07de4
summary	files_layout_rule_PACK_RAW9_80DOT_00BLANK_SECTORS	L0	-	0	e3b0c44298fc1c149afbf4c8996fb92427ae41e4649b934ca495991b7852b855
row	files_layout_rule_PACK_RAW9_80DOT_00BLANK_SECTORS	L1	0	12	69ecfe34bdf839a1adc7c1dc782004ee81086ee6a5efdba44ac82ae8f180eade
summary	files_layout_rule_PACK_RAW9_80DOT_00BLANK_SECTORS	L1	-	1	9d538f96ac30314ebdebbff5a5fff668976e5b0acc142aaccba6d95c4146bf99
row	files_layout_rule_PACK_RAW9_80DOT_00BLANK_SECTORS	L4	0	51	f5edc714dec49c68ca64ce9ec13fa6a59437a3480f3217acaaa52a9b82935046
summary	files_layout_rule_PACK_RAW9_80DOT_00BLANK_SECTORS	L4	-	1	651cf2fa7e5c691583f55ce92c83c05964271d408c37819e2fdec34288ae6fb0
row	files_layout_rule_PACK_RAW9_80DOT_00BLANK_SECTORS	L5	0	64	22aca7b9b1b3084b3ea0096f45a19b342a5d799a35e64c277633468a84aaddf8
summary	files_layout_rule_PACK_RAW9_80DOT_00BLANK_SECTORS	L5	-	1	35b19ce6d856fbe086c6995e638c18bc35928d688dbc15c4064bf0f7ce48a004
row	files_layout_rule_PACK_RAW9_80DOT_00BLANK_SECTORS	L6	0	77	e991bc7558956485e107a839f276757efadb90620839e60165570a1bbad14e96
summary	files_layout_rule_PACK_RAW9_80DOT_00BLANK_SECTORS	L6	-	1	0510db8e6201d20d59f09f4ef59f06b95da42baebec6110474a245acc5d6767e
row	files_layout_rule_PACK_RAW9_80DOT_00BLANK_SECTORS	L11	0	77	ea0e1b8ec8be46b8aa21de5b26777309d600b7f2513486de70024d964aaf49a1
row	files_layout_rule_PACK_RAW9_80DOT_00BLANK_SECTORS	L11	1	65	42f5acd3e1cc2e17e4d550e9e6cb9f04d4f27a360297e1b4264fd5410e7434b4
summary	files_layout_rule_PACK_RAW9_80DOT_00BLANK_SECTORS	L11	-	2	8b736b36269f2e164e4bbb6645897b77a820cda49cb50ab746b769913d99d4d6
row	files_layout_rule_PACK_RAW9_80DOT_00BLANK_SECTORS	L96	0	77	2616c5b0c66bcbea1f1a26fbdd9b684f74ea6ebb59fd515c9003415c2cdaa78a
row	files_layout_rule_PACK_RAW9_80DOT_00BLANK_SECTORS	L96	1	77	b18ea6d0c48e9e8706f926548b402824a6e5d3f550eaf2ce62695e7260ddb4c3
row	files_layout_rule_PACK_RAW9_80DOT_00BLANK_SECTORS	L96	2	77	826f61fd0c6097177faa0c9eae6ce830db905e69d1ba571802ba84b5e5060fde
row	files_layout_rule_PACK_RAW9_80DOT_00BLANK_SECTORS	L96	3	77	8c22b5573b60d2d57c98e1534fb07284f039fc2009c3ae1ad2bbd45bc2e1eb66
row	files_layout_rule_PACK_RAW9_80DOT_00BLANK_SECTORS	L96	4	77	ad867e0d27619618a4a8911ae6536438f7e892fe6a8324684aa09a3c87648ca7
row	files_layout_rule_PACK_RAW9_80DOT_00BLANK_SECTORS	L96	5	77	a3f84f5d14512ee0698378353515a38dfe179d0ca87c06997efd90e31424647e
row	files_layout_rule_PACK_RAW9_80DOT_00BLANK_SECTORS	L96	6	77	0f65c0807bf2bfeda48318d8b1aff0fe4d6eb3bf852ea21596b159ec41a8424e
row	files_layout_rule_PACK_RAW9_80DOT_00BLANK_SECTORS	L96	7	77	5b62250c9b11477b4c567c2193b519b520b7cc8af33ccd92ae350656007f8aed
row	files_layout_rule_PACK_RAW9_80DOT_00BLANK_SECTORS	L96	8	77	3fcb7b8d85498567adc7acfc9353d17b27dcf7759209853e0702a3a7e4acb523
row	files_layout_rule_PACK_RAW9_80DOT_00BLANK_SECTORS	L96	9	77	656995a7d020c98a15b5349a8e2d849aea014b043412f40c91bcd098e6bb9b27
row	files_layout_rule_PACK_RAW9_80DOT_00BLANK_SECTORS	L96	10	77	4acc8c6f2d6366e1dda8b79bf391bc95bccbf3afa4616bfa68ed431fa394b7c3
row	files_layout_rule_PACK_RAW9_80DOT_00BLANK_SECTORS	L96	11	77	57577de79afb891d72c9a2ce8def07e63b5407ab3d515bf1c649328d2a28a8a5
row	files_layout_rule_PACK_RAW9_80DOT_00BLANK_SECTORS	L96	12	77	c690b1a154ae883571da54a830a813a807123ef577d334dbccc5b55b27ac792d
row	files_layout_rule_PACK_RAW9_80DOT_00BLANK_SECTORS	L96	13	77	1b12533f64d15527f35f3e4efa9b0dbd246ab00e820da6bde83f247437002b1c
row	files_layout_rule_PACK_RAW9_80DOT_00BLANK_SECTORS	L96	14	77	d8a3230c9f6caa9e42d08e16a4c9ab352dcb74f89c8343836519d7e2730e1b4e
row	files_layout_rule_PACK_RAW9_80DOT_00BLANK_SECTORS	L96	15	77	05f618340db43dfe1fe539e610ac8aa87f53895e1bb090e0ce1674ce36e33e51
summary	files_layout_rule_PACK_RAW9_80DOT_00BLANK_SECTORS	L96	-	16	f4c05bd88edd77de33369a03dc24d08229fdbe42a356710f59d0c05ec8c07de4
summary	files_layout_rule_PACK_RAW9_80DOT_00BLANK_NONE	L0	-	0	e3b0c44298fc1c149afbf4c8996fb92427ae41e4649b934ca495991b7852b855
row	files_layout_rule_PACK_RAW9_80DOT_00BLANK_NONE	L1	0	10	3ff2e50b9af481cc54c517309047878c104d35bb32b06c6d8c02c2de2b7179f8
summary	files_layout_rule_PACK_RAW9_80DOT_00BLANK_NONE	L1	-	1	947457fc209964844fad366691c014086a0d9ee516f2ada8d66693df875f0220
row	files_layout_rule_PACK_RAW9_80DOT_00BLANK_NONE	L4	0	43	4c957a1a5e6c94ad228106a5dbef36b73883c5bcbd45665ea27e2a8ae56fb314
summary	files_layout_rule_PACK_RAW9_80DOT_00BLANK_NONE	L4	-	1	c0954219187017e23719d994a0c927a86cd9f3903f4e0172cb9182590f1c7521
row	files_layout_rule_PACK_RAW9_80DOT_00BLANK_NONE	L5	0	54	df195605a962e3c396d5db1d206d43160c44aabd4284f1dee2fc88574a20e283
summary	files_layout_rule_PACK_RAW9_80DOT_00BLANK_NONE	L5	-	1	5bcff33fbf2ff411827d011b112ee4a30ef23f592369dd5fc394299cb4a9fc66
row	files_layout_rule_PACK_RAW9_80DOT_00BLANK_NONE	L6	0	65	9a7417a8299edd6da60c0083d740d2dcb91a2aaf15e342ee9c3458e5c02b8acd
summary	files_layout_rule_PACK_RAW9_80DOT_00BLANK_NONE	L6	-	1	649d23f573c4137c08e2e3c930eebee269002afb592ef6bf9115756c74ce8032
row	files_layout_rule_PACK_RAW9_80DOT_00BLANK_NONE	L11	0	76	14ecd39bc118d4798ed010ed56a9593a99500548dd8ca31761cb1c35b33df95f
row	files_layout_rule_PACK_RAW9_80DOT_00BLANK_NONE	L11	1	43	9ba04373c790d64496b62947b5e5663964c3511bee70dc67236a4ce90f320c20
summary	files_layout_rule_PACK_RAW9_80DOT_00BLANK_NONE	L11	-	2	c5d47544d5f31a21bea27e1dda3035e7cf3ac8fe0100003eeea0761ae98eb6a5
row	files_layout_rule_PACK_RAW9_80DOT_00BLANK_NONE	L96	0	76	58dc1f4db8680c9b8fabf5cbfd9fdbde2c3b09cccef9c7a5d1118eda1584eca5
row	files_layout_rule_PACK_RAW9_80DOT_00BLANK_NONE	L96	1	76	087464be87a4b2eaa6c1069b2c46ca4289226b1ea08cbe9bbb5a66197ec45f34
row	files_layout_rule_PACK_RAW9_80DOT_00BLANK_NONE	L96	2	76	a747fb4c0ebaf623f2645fac5cde63235c354e9a8521cf42aa103aad75d8663e
row	files_layout_rule_PACK_RAW9_80DOT_00BLANK_NONE	L96	3	76	ddfd401a511a6822a7ac48ca68c6c45a3e6dbc0c7e2f6bd19ef7d24dd812562e
row	files_layout_rule_PACK_RAW9_80DOT_00BLANK_NONE	L96	4	76	d39439ae590441142b4ab2798a461d05cc155661d6dd1e3597423b7739fc976b
row	files_layout_rule_PACK_RAW9_80DOT_00BLANK_NONE	L96	5	76	db9d321fc50cd49e4e222a9b07a922ab558c92651e8486a2efe301fe93703ce8
row	files_layout_rule_PACK_RAW9_80DOT_00BLANK_NONE	L96	6	76	351d8b398562742f3744696037f572f5ef4a812c3672eb052d0fbbe7cc7adcc3
row	files_layout_rule_PACK_RAW9_80DOT_00BLANK_NONE	L96	7	76	c458bff4e1898f30a5df6c2853f6dc4aec94a829beb4c126d5ca30d1c3b65eac
row	files_layout_rule_PACK_RAW9_80DOT_00BLANK_NONE	L96	8	76	0a0ddd49f80c64efc2798054c2d7541b6ee1c3552d701e23f0e3257b03bcb2fe
row	files_layout_rule_PACK_RAW9_80DOT_00BLANK_NONE	L96	9	76	de91890b31621632e239397d15759a93b41d81e3cc08b5decf5adf6bc3ea0596
row	files_layout_rule_PACK_RAW9_80DOT_00BLANK_NONE	L96	10	76	6e4cf79351501fa8216143a16bf4ebb4a071fc3e08e112e93a1dfb0d6f5f1a7e
row	files_layout_rule_PACK_RAW9_80DOT_00BLANK_NONE	L96	11	76	6f43f3361e2a6dd53fd73b1fe2b526b2bf3a8f6c749132e1ff1214baee72f52d
row	files_layout_rule_PACK_RAW9_80DOT_00BLANK_NONE	L96	12	76	e2a920449b02be4408350c5479c5a02ce712844966158f28c28fce2327946dc5
row	files_layout_rule_PACK_RAW9_80DOT_00BLANK_NONE	L96	13	54	20f81dd711a6444b82b005e6c006f799da10f1f06254028513525b0a3e47ddae
summary	files_layout_rule_PACK_RAW9_80DOT_00BLANK_NONE	L96	-	14	15e41c58d7be42cef41e691924bcab460958fbde7c52932627aac3afa1dc05fe
summary	files_layout_rule_PACK_RAW9_80BLANK_00DOT_UNITS	L0	-	0	e3b0c44298fc1c149afbf4c8996fb92427ae41e4649b934ca495991b7852b855
row	files_layout_rule_PACK_RAW9_80BLANK_00DOT_UNITS	L1	0	12	898a86928e13d2d8a20712fcae09a74c8fa44aa74a5e7eaf0cbc45f9ba557638
summary	files_layout_rule_PACK_RAW9_80BLANK_00DOT_UNITS	L1	-	1	803426cd9fa826ca22d01671acdad76515d27807ffcc6e975ac08d102d1ac1b0
row	files_layout_rule_PACK_RAW9_80BLANK_00DOT_UNITS	L4	0	51	de4f08cb84f76b415d42859f1d20a4b680b3c2830a8a3947c57f09871ced781d
summary	files_layout_rule_PACK_RAW9_80BLANK_00DOT_UNITS	L4	-	1	12fc0cf307e526396a37f95069a7ce18b6d655745f96208136677c6d215c7ce3
row	files_layout_rule_PACK_RAW9_80BLANK_00DOT_UNITS	L5	0	64	1c3986a474650b486dc1fc19bd8b56997ad76dc69f29a695ef633f0c3f96902c
summary	files_layout_rule_PACK_RAW9_80BLANK_00DOT_UNITS	L5	-	1	417bf93f1ec5a94a49debdae5ab4ea21b5fad407d941dfd126e26aeed62f711b
row	files_layout_rule_PACK_RAW9_80BLANK_00DOT_UNITS	L6	0	77	d1fd672ae28f8fe448729f7f2c835ea06bdb02ab9c87ad7d454b85eb7597aff7
summary	files_layout_rule_PACK_RAW9_80BLANK_00DOT_UNITS	L6	-	1	d096576760917a04e50a220abf013498a2a59ecdd0d763aae971c00adf250f39
row	files_layout_rule_PACK_RAW9_80BLANK_00DOT_UNITS	L11	0	77	db4a0b2b68e1875bffc61ff9263c7560f2f75219096bd2e5ae93972d4b4f8b3f
row	files_layout_rule_PACK_RAW9_80BLANK_00DOT_UNITS	L11	1	65	9c95b1acb334846cb2b065878757942285dbd6af72466ba59b460cb5c49a3576
summary	files_layout_rule_PACK_RAW9_80BLANK_00DOT_UNITS	L11	-	2	ab13f7087732a019bf6dbd53d71a20b0cd1c41b557c1033829da304c8d29663a
row	files_layout_rule_PACK_RAW9_80BLANK_00DOT_UNITS	L96	0	77	b12675999426d2795befd4c05ccbc57c1c0c2e406946be1f393e10538ab62914
row	files_layout_rule_PACK_RAW9_80BLANK_00DOT_UNITS	L96	1	77	3fecaf218036536c7e1b5ffc27eeb74c086f21f897f4d39b0e7eeca1eb4cbf51
row	files_layout_rule_PACK_RAW9_80BLANK_00DOT_UNITS	L96	2	77	8ba490f806e9392f3bbc90f19e3b9dd4a01dd682e461fed4eea682b5ba925d6d
row	files_layout_rule_PACK_RAW9_80BLANK_00DOT_UNITS	L96	3	77	24818d5f4bcdfc3f4677e48423f25d60950d50b7292d4ce33efefe9b524e3fd9
row	files_layout_rule_PACK_RAW9_80BLANK_00DOT_UNITS	L96	4	77	2f5f0f53b90ed4e00c04d408666d2706ea0daf62bffe4eaf99758cc3a9d9e8ed
row	files_layout_rule_PACK_RAW9_80BLANK_00DOT_UNITS	L96	5	77	f993ccd577e302cc8ed1ca49f422f1066193dbc7d6ecd4ffb65840496adb5dab
row	files_layout_rule_PACK_RAW9_80BLANK_00DOT_UNITS	L96	6	77	f3c53c4ebbaaab2d4e66e39f0c72a7bdc01b67b73044150799d045e8e9087e3d
row	files_layout_rule_PACK_RAW9_80BLANK_00DOT_UNITS	L96	7	77	ac4ddffaca30c19adef92a20bc22600854ff609ea5baf456cba539dfb57a2fbb
row	files_layout_rule_PACK_RAW9_80BLANK_00DOT_UNITS	L96	8	77	6bce73146c09668be5342a921b10334532e276ffbf9a426200c5463ea48323cc
row	files_layout_rule_PACK_RAW9_80BLANK_00DOT_UNITS	L96	9	77	b9bcd6cdbcd18059a4844371d4b492ffc0984d8f66d0a978f5a80fa097ba312d
row	files_layout_rule_PACK_RAW9_80BLANK_00DOT_UNITS	L96	10	77	d1487e23406e2626af7824d061c4f55cd7d83f854540ab7ada95347b930a2412
row	files_layout_rule_PACK_RAW9_80BLANK_00DOT_UNITS	L96	11	77	59610de3490dd5df64dc67a14354af686c778749b6c12a4c4b7b915485a3f4fc
row	files_layout_rule_PACK_RAW9_80BLANK_00DOT_UNITS	L96	12	77	0d74abcac1f8d44ffe2f26134d9cd84a4f2d1e4e787e26ac5889ad48aa3a5e69
row	files_layout_rule_PACK_RAW9_80BLANK_00DOT_UNITS	L96	13	77	8eebc3ea2702a12ba10762b8bc5f204b683c11da545250ee9b6e390bce1f6fc0
row	files_layout_rule_PACK_RAW9_80BLANK_00DOT_UNITS	L96	14	77	d54cbed776cab1771555824988d6f4ae6fb23087620ad1237719824e38280719
row	files_layout_rule_PACK_RAW9_80BLANK_00DOT_UNITS	L96	15	77	1b5676ae5e6b393ae70d86de6c2ac28fdaef312f7577b5a98f15dd2ad74d127c
summary	files_layout_rule_PACK_RAW9_80BLANK_00DOT_UNITS	L96	-	16	09c32b657f5bc11ab9c31e8672dd9792019ad79315488a091944bb41f25b74ff
summary	files_layout_rule_PACK_RAW9_80BLANK_00DOT_SECTORS	L0	-	0	e3b0c44298fc1c149afbf4c8996fb92427ae41e4649b934ca495991b7852b855
row	files_layout_rule_PACK_RAW9_80BLANK_00DOT_SECTORS	L1	0	12	898a86928e13d2d8a20712fcae09a74c8fa44aa74a5e7eaf0cbc45f9ba557638
summary	files_layout_rule_PACK_RAW9_80BLANK_00DOT_SECTORS	L1	-	1	803426cd9fa826ca22d01671acdad76515d27807ffcc6e975ac08d102d1ac1b0
row	files_layout_rule_PACK_RAW9_80BLANK_00DOT_SECTORS	L4	0	51	de4f08cb84f76b415d42859f1d20a4b680b3c2830a8a3947c57f09871ced781d
summary	files_layout_rule_PACK_RAW9_80BLANK_00DOT_SECTORS	L4	-	1	12fc0cf307e526396a37f95069a7ce18b6d655745f96208136677c6d215c7ce3
row	files_layout_rule_PACK_RAW9_80BLANK_00DOT_SECTORS	L5	0	64	1c3986a474650b486dc1fc19bd8b56997ad76dc69f29a695ef633f0c3f96902c
summary	files_layout_rule_PACK_RAW9_80BLANK_00DOT_SECTORS	L5	-	1	417bf93f1ec5a94a49debdae5ab4ea21b5fad407d941dfd126e26aeed62f711b
row	files_layout_rule_PACK_RAW9_80BLANK_00DOT_SECTORS	L6	0	77	d1fd672ae28f8fe448729f7f2c835ea06bdb02ab9c87ad7d454b85eb7597aff7
summary	files_layout_rule_PACK_RAW9_80BLANK_00DOT_SECTORS	L6	-	1	d096576760917a04e50a220abf013498a2a59ecdd0d763aae971c00adf250f39
row	files_layout_rule_PACK_RAW9_80BLANK_00DOT_SECTORS	L11	0	77	db4a0b2b68e1875bffc61ff9263c7560f2f75219096bd2e5ae93972d4b4f8b3f
row	files_layout_rule_PACK_RAW9_80BLANK_00DOT_SECTORS	L11	1	65	c1307fc3623438f1e08b21363d455bae2b6b560a58d28483a961f2c01d19fabc
summary	files_layout_rule_PACK_RAW9_80BLANK_00DOT_SECTORS	L11	-	2	26cf36a269ce8b0eb852d3f3430601ea1c7ac3b0e4cd08a385765e2db6a07d75
row	files_layout_rule_PACK_RAW9_80BLANK_00DOT_SECTORS	L96	0	77	b12675999426d2795befd4c05ccbc57c1c0c2e406946be1f393e10538ab62914
row	files_layout_rule_PACK_RAW9_80BLANK_00DOT_SECTORS	L96	1	77	3fecaf218036536c7e1b5ffc27eeb74c086f21f897f4d39b0e7eeca1eb4cbf51
row	files_layout_rule_PACK_RAW9_80BLANK_00DOT_SECTORS	L96	2	77	8ba490f806e9392f3bbc90f19e3b9dd4a01dd682e461fed4eea682b5ba925d6d
row	files_layout_rule_PACK_RAW9_80BLANK_00DOT_SECTORS	L96	3	77	24818d5f4bcdfc3f4677e48423f25d60950d50b7292d4ce33efefe9b524e3fd9
row	files_layout_rule_PACK_RAW9_80BLANK_00DOT_SECTORS	L96	4	77	2f5f0f53b90ed4e00c04d408666d2706ea0daf62bffe4eaf99758cc3a9d9e8ed
row	files_layout_rule_PACK_RAW9_80BLANK_00DOT_SECTORS	L96	5	77	f993ccd577e302cc8ed1ca49f422f1066193dbc7d6ecd4ffb65840496adb5dab
row	files_layout_rule_PACK_RAW9_80BLANK_00DOT_SECTORS	L96	6	77	f3c53c4ebbaaab2d4e66e39f0c72a7bdc01b67b73044150799d045e8e9087e3d
row	files_layout_rule_PACK_RAW9_80BLANK_00DOT_SECTORS	L96	7	77	ac4ddffaca30c19adef92a20bc22600854ff609ea5baf456cba539dfb57a2fbb
row	files_layout_rule_PACK_RAW9_80BLANK_00DOT_SECTORS	L96	8	77	6bce73146c09668be5342a921b10334532e276ffbf9a426200c5463ea48323cc
row	files_layout_rule_PACK_RAW9_80BLANK_00DOT_SECTORS	L96	9	77	b9bcd6cdbcd18059a4844371d4b492ffc0984d8f66d0a978f5a80fa097ba312d
row	files_layout_rule_PACK_RAW9_80BLANK_00DOT_SECTORS	L96	10	77	d1487e23406e2626af7824d061c4f55cd7d83f854540ab7ada95347b930a2412
row	files_layout_rule_PACK_RAW9_80BLANK_00DOT_SECTORS	L96	11	77	59610de3490dd5df64dc67a14354af686c778749b6c12a4c4b7b915485a3f4fc
row	files_layout_rule_PACK_RAW9_80BLANK_00DOT_SECTORS	L96	12	77	0d74abcac1f8d44ffe2f26134d9cd84a4f2d1e4e787e26ac5889ad48aa3a5e69
row	files_layout_rule_PACK_RAW9_80BLANK_00DOT_SECTORS	L96	13	77	8eebc3ea2702a12ba10762b8bc5f204b683c11da545250ee9b6e390bce1f6fc0
row	files_layout_rule_PACK_RAW9_80BLANK_00DOT_SECTORS	L96	14	77	d54cbed776cab1771555824988d6f4ae6fb23087620ad1237719824e38280719
row	files_layout_rule_PACK_RAW9_80BLANK_00DOT_SECTORS	L96	15	77	1b5676ae5e6b393ae70d86de6c2ac28fdaef312f7577b5a98f15dd2ad74d127c
summary	files_layout_rule_PACK_RAW9_80BLANK_00DOT_SECTORS	L96	-	16	09c32b657f5bc11ab9c31e8672dd9792019ad79315488a091944bb41f25b74ff
summary	files_layout_rule_PACK_RAW9_80BLANK_00DOT_NONE	L0	-	0	e3b0c44298fc1c149afbf4c8996fb92427ae41e4649b934ca495991b7852b855
row	files_layout_rule_PACK_RAW9_80BLANK_00DOT_NONE	L1	0	10	ef7bad89b46a2697de60d379fc835344c4734d6e3d3b00082de03d7d5067332a
summary	files_layout_rule_PACK_RAW9_80BLANK_00DOT_NONE	L1	-	1	0aaa670d1d530b22806f81558c69d18d044a6b754ab168cdca6defdd400f3ddc
row	files_layout_rule_PACK_RAW9_80BLANK_00DOT_NONE	L4	0	43	fe13ba8e21f431aa40adfa61586ba8c072f179f7e297cf363ed639dfaa0be666
summary	files_layout_rule_PACK_RAW9_80BLANK_00DOT_NONE	L4	-	1	6cdf9f63367316cd8a7c9bc28dcb48c5a9ba7a8e833cae5f589f1dc8e7f3e13a
row	files_layout_rule_PACK_RAW9_80BLANK_00DOT_NONE	L5	0	54	c947730b5d96172c060a7247375c5bd03eea50eef9182770d8b711e4ef741b90
summary	files_layout_rule_PACK_RAW9_80BLANK_00DOT_NONE	L5	-	1	640abd2fff77316867a06eff7608dc3425bd7ba2846a7c19afcf882c9059d97e
row	files_layout_rule_PACK_RAW9_80BLANK_00DOT_NONE	L6	0	65	f99981677e4793afd1f8479c396149b66d33155b3b9340c79106c7527d21633c
summary	files_layout_rule_PACK_RAW9_80BLANK_00DOT_NONE	L6	-	1	94aa5c198bfb89135d95b2795638f4c460cb3bca83e0fee806103cdd80f37b84
row	files_layout_rule_PACK_RAW9_80BLANK_00DOT_NONE	L11	0	76	f18747fdc192893e8adbd2f530e982cde65a773878ee050560e1a01a0f4d8716
row	files_layout_rule_PACK_RAW9_80BLANK_00DOT_NONE	L11	1	43	89138f38d73a9f0bd7366c15dd4f49abba0f98455142c972faec700ede3049ba
summary	files_layout_rule_PACK_RAW9_80BLANK_00DOT_NONE	L11	-	2	e258833965f670c613818ff589e2682a16c7c554a90de190a65ee1d66bb23d5c
row	files_layout_rule_PACK_RAW9_80BLANK_00DOT_NONE	L96	0	76	618026797dd925e74182f740d4d4abea43c147c9477fabea4a288f5903d55388
row	files_layout_rule_PACK_RAW9_80BLANK_00DOT_NONE	L96	1	76	e9aaf5902b78439c09ff40ded8ec41afa7c0daed64901c1f68ce9b94b64ed190
row	files_layout_rule_PACK_RAW9_80BLANK_00DOT_NONE	L96	2	76	9d03dbe01f8504e563d0b3eb9b0a277d7820d9ad49905fe36922cd4b7b482964
row	files_layout_rule_PACK_RAW9_80BLANK_00DOT_NONE	L96	3	76	54d95e0dd25dbdd9251d3c8ffda9b7fddff82f9ce364de04541dbc6cacf2d818
row	files_layout_rule_PACK_RAW9_80BLANK_00DOT_NONE	L96	4	76	8ab10cf136b9ac721a0bfc8540a9eae5b6dba6a4c62072ebd42afefbd1311b5a
row	files_layout_rule_PACK_RAW9_80BLANK_00DOT_NONE	L96	5	76	e1e6e3b986f6d9055e613c1bac4f84fbf61e235ce015f5f44a8239ee7b63a916
row	files_layout_rule_PACK_RAW9_80BLANK_00DOT_NONE	L96	6	76	fc69e342d25d49634c1395676319309e675ae7574b6d46d6845017ec543f1803
row	files_layout_rule_PACK_RAW9_80BLANK_00DOT_NONE	L96	7	76	c0ca339ab32ce2aec49407aa63fb2d745ebeff9476888cd6f2c9a098d67a08f7
row	files_layout_rule_PACK_RAW9_80BLANK_00DOT_NONE	L96	8	76	97a9e6ccdb577aca21f53c03db82817dcd095707b28675ccec8bdc756e90fd9b
row	files_layout_rule_PACK_RAW9_80BLANK_00DOT_NONE	L96	9	76	1867ac8a42dafeada1bd3c1a6d0dda5cd165c279c525ecf14941b840de93dc25
row	files_layout_rule_PACK_RAW9_80BLANK_00DOT_NONE	L96	10	76	cc240c4639f8d8e8bd1155e0daafac6449040a7ea682532a16668d2001f2b655
row	files_layout_rule_PACK_RAW9_80BLANK_00DOT_NONE	L96	11	76	0d98f1ac22ad88b76eaa4844640c3faf51add7787cceffb451cb43a8cea3b0ee
row	files_layout_rule_PACK_RAW9_80BLANK_00DOT_NONE	L96	12	76	403d43a151493f42c11779ac0d1a65cb39d1b7b91c150e93f6bea940a7884ca7
row	files_layout_rule_PACK_RAW9_80BLANK_00DOT_NONE	L96	13	54	854c577a5b07d9087c5b669754eb834fc2cb955aaf7f20a5f386749c89fc0054
summary	files_layout_rule_PACK_RAW9_80BLANK_00DOT_NONE	L96	-	14	b06659be8b579632340ceaed4e965b974756a9903bdd6d40a1209b859deff345
summary	files_layout_rule_PACK_RAW9_BOTHBLANK_UNITS	L0	-	0	e3b0c44298fc1c149afbf4c8996fb92427ae41e4649b934ca495991b7852b855
row	files_layout_rule_PACK_RAW9_BOTHBLANK_UNITS	L1	0	12	898a86928e13d2d8a20712fcae09a74c8fa44aa74a5e7eaf0cbc45f9ba557638
summary	files_layout_rule_PACK_RAW9_BOTHBLANK_UNITS	L1	-	1	803426cd9fa826ca22d01671acdad76515d27807ffcc6e975ac08d102d1ac1b0
row	files_layout_rule_PACK_RAW9_BOTHBLANK_UNITS	L4	0	51	df1a87cf2a5e4dd24a9349971c2e566096f598c74d5da6dc3e60bf7b49592cb7
summary	files_layout_rule_PACK_RAW9_BOTHBLANK_UNITS	L4	-	1	6e3f9003e215b7b1b9914c449ce45df9bdc65f023ba16e751f19fc21134d9998
row	files_layout_rule_PACK_RAW9_BOTHBLANK_UNITS	L5	0	64	4c565e9926851a0ef3ae36d401aa8cc579e9ce45fc6a80e205995f06fd1078d4
summary	files_layout_rule_PACK_RAW9_BOTHBLANK_UNITS	L5	-	1	7310c34dbca3877347bba1020ef254868da1cdebb20f3c985b172e1a929f9806
row	files_layout_rule_PACK_RAW9_BOTHBLANK_UNITS	L6	0	77	ad13924cff728225f24fc4e84afba6a0a357c46e662315aa4a29da868919a8a0
summary	files_layout_rule_PACK_RAW9_BOTHBLANK_UNITS	L6	-	1	5d60bed12833cb25ed6dbfd10701d944a4c70ca3fc58172cb2d0e75f4ef6d023
row	files_layout_rule_PACK_RAW9_BOTHBLANK_UNITS	L11	0	77	4b3228bd5d39231553f1c3a443b2ddbd92e52047b0015ce5c22c38e30daef8a7
row	files_layout_rule_PACK_RAW9_BOTHBLANK_UNITS	L11	1	65	99abafa0cc559b75a6c867caa515ecac618175131991e010c0c93d350fdb7f80
summary	files_layout_rule_PACK_RAW9_BOTHBLANK_UNITS	L11	-	2	20c357145adb5b391b98673ca7d0e0b4d8051c1a98bcfd79f97c1359c7568f66
row	files_layout_rule_PACK_RAW9_BOTHBLANK_UNITS	L96	0	77	d30e406f031e5f90ca725a026c1531cb61ab5fcd781d502054b16cec51322c79
row	files_layout_rule_PACK_RAW9_BOTHBLANK_UNITS	L96	1	77	450901b692709f474c4e2bab318d763fab95e081e08b03717369c6521e7135d7
row	files_layout_rule_PACK_RAW9_BOTHBLANK_UNITS	L96	2	77	daeccffc871eda7da67ba3c74cc43703021fc9aaa721a1128470cf2b77863851
row	files_layout_rule_PACK_RAW9_BOTHBLANK_UNITS	L96	3	77	bdaa11d6882f7fa1f8b660c4f42d06160e77922a2f775b809dec2388dc601093
row	files_layout_rule_PACK_RAW9_BOTHBLANK_UNITS	L96	4	77	5d7842970db47d43207131be6f0927d1bae260f58008bcc276dff73549b1c0d9
row	files_layout_rule_PACK_RAW9_BOTHBLANK_UNITS	L96	5	77	ca287e965fb22347f56c2f165186a00f0bf1d8571fb6fde97fddde37ebe2e990
row	files_layout_rule_PACK_RAW9_BOTHBLANK_UNITS	L96	6	77	8c47b04644544f44aaac905252360d94f91be4f6d6510ef42ccec3407ecd7cbd
row	files_layout_rule_PACK_RAW9_BOTHBLANK_UNITS	L96	7	77	b9a7d6f386720044fb41297e2a29401361821246e8fe2c82a7f80b71e4397aac
row	files_layout_rule_PACK_RAW9_BOTHBLANK_UNITS	L96	8	77	b9c5d064a8f226f8e0169bf7bf3dcf447457c40ee2bf5b8566ec8b72bc7075c0
row	files_layout_rule_PACK_RAW9_BOTHBLANK_UNITS	L96	9	77	855163bdded0dcb4938a96441edf24f69c89a457cbcf878fc6a7be433d5a1919
row	files_layout_rule_PACK_RAW9_BOTHBLANK_UNITS	L96	10	77	5fdfbd01651be3f4427c59808e5edb30a0e974b359d91c71944dfc825cb9937b
row	files_layout_rule_PACK_RAW9_BOTHBLANK_UNITS	L96	11	77	7c306f7eda78fedaea137ab4379d5fa5e15821e889fc7f792203a3c996630390
row	files_layout_rule_PACK_RAW9_BOTHBLANK_UNITS	L96	12	77	78116223c4666856c0f7ba180be976c23085648b25e1e5b00de3be99f925f10c
row	files_layout_rule_PACK_RAW9_BOTHBLANK_UNITS	L96	13	77	c4cf96650e07c3d99a158b8ec7ecbe3ed36bba36b183695d739c941a2d01b6a1
row	files_layout_rule_PACK_RAW9_BOTHBLANK_UNITS	L96	14	77	f66c95b5502d05c3f8df552ea56138b3735f2c6f44f4b7b95f4c2171d9541edf
row	files_layout_rule_PACK_RAW9_BOTHBLANK_UNITS	L96	15	77	4284a4f31006ef4b330860aa3f17d6269be57dff77534515a73d584f8d7ed66f
summary	files_layout_rule_PACK_RAW9_BOTHBLANK_UNITS	L96	-	16	53a412f701afb3a9bb95e86a3568f98695ef8b2abdbd4d94a32d8e1513cb5a59
summary	files_layout_rule_PACK_RAW9_BOTHBLANK_SECTORS	L0	-	0	e3b0c44298fc1c149afbf4c8996fb92427ae41e4649b934ca495991b7852b855
row	files_layout_rule_PACK_RAW9_BOTHBLANK_SECTORS	L1	0	12	898a86928e13d2d8a20712fcae09a74c8fa44aa74a5e7eaf0cbc45f9ba557638
summary	files_layout_rule_PACK_RAW9_BOTHBLANK_SECTORS	L1	-	1	803426cd9fa826ca22d01671acdad76515d27807ffcc6e975ac08d102d1ac1b0
row	files_layout_rule_PACK_RAW9_BOTHBLANK_SECTORS	L4	0	51	df1a87cf2a5e4dd24a9349971c2e566096f598c74d5da6dc3e60bf7b49592cb7
summary	files_layout_rule_PACK_RAW9_BOTHBLANK_SECTORS	L4	-	1	6e3f9003e215b7b1b9914c449ce45df9bdc65f023ba16e751f19fc21134d9998
row	files_layout_rule_PACK_RAW9_BOTHBLANK_SECTORS	L5	0	64	4c565e9926851a0ef3ae36d401aa8cc579e9ce45fc6a80e205995f06fd1078d4
summary	files_layout_rule_PACK_RAW9_BOTHBLANK_SECTORS	L5	-	1	7310c34dbca3877347bba1020ef254868da1cdebb20f3c985b172e1a929f9806
row	files_layout_rule_PACK_RAW9_BOTHBLANK_SECTORS	L6	0	77	ad13924cff728225f24fc4e84afba6a0a357c46e662315aa4a29da868919a8a0
summary	files_layout_rule_PACK_RAW9_BOTHBLANK_SECTORS	L6	-	1	5d60bed12833cb25ed6dbfd10701d944a4c70ca3fc58172cb2d0e75f4ef6d023
row	files_layout_rule_PACK_RAW9_BOTHBLANK_SECTORS	L11	0	77	4b3228bd5d39231553f1c3a443b2ddbd92e52047b0015ce5c22c38e30daef8a7
row	files_layout_rule_PACK_RAW9_BOTHBLANK_SECTORS	L11	1	65	dea6d99dd9f56938b9ac80016349f4b42b98d56d6551b2837d8a8ff937959b95
summary	files_layout_rule_PACK_RAW9_BOTHBLANK_SECTORS	L11	-	2	afcf0994a421cf8d5653da5102bb6c660d6ceaeb58b9eb84f2ec46a662c01da4
row	files_layout_rule_PACK_RAW9_BOTHBLANK_SECTORS	L96	0	77	d30e406f031e5f90ca725a026c1531cb61ab5fcd781d502054b16cec51322c79
row	files_layout_rule_PACK_RAW9_BOTHBLANK_SECTORS	L96	1	77	450901b692709f474c4e2bab318d763fab95e081e08b03717369c6521e7135d7
row	files_layout_rule_PACK_RAW9_BOTHBLANK_SECTORS	L96	2	77	daeccffc871eda7da67ba3c74cc43703021fc9aaa721a1128470cf2b77863851
row	files_layout_rule_PACK_RAW9_BOTHBLANK_SECTORS	L96	3	77	bdaa11d6882f7fa1f8b660c4f42d06160e77922a2f775b809dec2388dc601093
row	files_layout_rule_PACK_RAW9_BOTHBLANK_SECTORS	L96	4	77	5d7842970db47d43207131be6f0927d1bae260f58008bcc276dff73549b1c0d9
row	files_layout_rule_PACK_RAW9_BOTHBLANK_SECTORS	L96	5	77	ca287e965fb22347f56c2f165186a00f0bf1d8571fb6fde97fddde37ebe2e990
row	files_layout_rule_PACK_RAW9_BOTHBLANK_SECTORS	L96	6	77	8c47b04644544f44aaac905252360d94f91be4f6d6510ef42ccec3407ecd7cbd
row	files_layout_rule_PACK_RAW9_BOTHBLANK_SECTORS	L96	7	77	b9a7d6f386720044fb41297e2a29401361821246e8fe2c82a7f80b71e4397aac
row	files_layout_rule_PACK_RAW9_BOTHBLANK_SECTORS	L96	8	77	b9c5d064a8f226f8e0169bf7bf3dcf447457c40ee2bf5b8566ec8b72bc7075c0
row	files_layout_rule_PACK_RAW9_BOTHBLANK_SECTORS	L96	9	77	855163bdded0dcb4938a96441edf24f69c89a457cbcf878fc6a7be433d5a1919
row	files_layout_rule_PACK_RAW9_BOTHBLANK_SECTORS	L96	10	77	5fdfbd01651be3f4427c59808e5edb30a0e974b359d91c71944dfc825cb9937b
row	files_layout_rule_PACK_RAW9_BOTHBLANK_SECTORS	L96	11	77	7c306f7eda78fedaea137ab4379d5fa5e15821e889fc7f792203a3c996630390
row	files_layout_rule_PACK_RAW9_BOTHBLANK_SECTORS	L96	12	77	78116223c4666856c0f7ba180be976c23085648b25e1e5b00de3be99f925f10c
row	files_layout_rule_PACK_RAW9_BOTHBLANK_SECTORS	L96	13	77	c4cf96650e07c3d99a158b8ec7ecbe3ed36bba36b183695d739c941a2d01b6a1
row	files_layout_rule_PACK_RAW9_BOTHBLANK_SECTORS	L96	14	77	f66c95b5502d05c3f8df552ea56138b3735f2c6f44f4b7b95f4c2171d9541edf
row	files_layout_rule_PACK_RAW9_BOTHBLANK_SECTORS	L96	15	77	4284a4f31006ef4b330860aa3f17d6269be57dff77534515a73d584f8d7ed66f
summary	files_layout_rule_PACK_RAW9_BOTHBLANK_SECTORS	L96	-	16	53a412f701afb3a9bb95e86a3568f98695ef8b2abdbd4d94a32d8e1513cb5a59
summary	files_layout_rule_PACK_RAW9_BOTHBLANK_NONE	L0	-	0	e3b0c44298fc1c149afbf4c8996fb92427ae41e4649b934ca495991b7852b855
row	files_layout_rule_PACK_RAW9_BOTHBLANK_NONE	L1	0	10	ef7bad89b46a2697de60d379fc835344c4734d6e3d3b00082de03d7d5067332a
summary	files_layout_rule_PACK_RAW9_BOTHBLANK_NONE	L1	-	1	0aaa670d1d530b22806f81558c69d18d044a6b754ab168cdca6defdd400f3ddc
row	files_layout_rule_PACK_RAW9_BOTHBLANK_NONE	L4	0	43	11e4806c40a1e661bb797e38ebd40cf3b9a7a66c369791f3df16fa3e03363657
summary	files_layout_rule_PACK_RAW9_BOTHBLANK_NONE	L4	-	1	1a8b7b7da2c7aa7b3335e09ca9a8d67ec9411a043578314ad1c56f144e24d6d9
row	files_layout_rule_PACK_RAW9_BOTHBLANK_NONE	L5	0	54	a982db34bbaa4ffb23bcf500cfe5469362ba96210caaff17687a77a0f711247d
summary	files_layout_rule_PACK_RAW9_BOTHBLANK_NONE	L5	-	1	6ce2e1fb9529e8a06d16f933cb06104b6edac4a05b18335f22d8016621e075c8
row	files_layout_rule_PACK_RAW9_BOTHBLANK_NONE	L6	0	65	20f4f4bff97c888937beb3a4c6896633d46199bb89e4f9a96cf83ef9509cbf84
summary	files_layout_rule_PACK_RAW9_BOTHBLANK_NONE	L6	-	1	e5cd5bc0ebd4068fc53a9e58568fabe2123c958f149095fcfb97d52a274b03fc
row	files_layout_rule_PACK_RAW9_BOTHBLANK_NONE	L11	0	76	1781660d30501919a45a218e2f63538ae8a210093f029ad8ff99fb60c3e2087e
row	files_layout_rule_PACK_RAW9_BOTHBLANK_NONE	L11	1	43	df6ee1f3e8fe6cd8a2200a85c53a981892fee52238ddca65bfcd793e763f8605
summary	files_layout_rule_PACK_RAW9_BOTHBLANK_NONE	L11	-	2	3f906eb5deb54255b3e2070a0f0e5991ce4bcc863bc753885cc0dcd0e6de8447
row	files_layout_rule_PACK_RAW9_BOTHBLANK_NONE	L96	0	76	38b034968d3d80ee32ff6ab2d1cbc50b7c718b0b686abb02c6c71e4f6725fb38
row	files_layout_rule_PACK_RAW9_BOTHBLANK_NONE	L96	1	76	a10c8039a3a0c6eb5254c7371ce54985e4e41e5395fbc32ec7d8229ea2237be3
row	files_layout_rule_PACK_RAW9_BOTHBLANK_NONE	L96	2	76	5ef6da31dfb3d58545c4b2047e54fda5268ae3fa8e1dd17daa64aca9c2656ae4
row	files_layout_rule_PACK_RAW9_BOTHBLANK_NONE	L96	3	76	0e42681d8747efeca733641f9f5eb2e76232567952cc1cb2410e435f3348d793
row	files_layout_rule_PACK_RAW9_BOTHBLANK_NONE	L96	4	76	e290669320352225731d9dd18da6c4b64a5e5e9f577008512e4484d01d865da8
row	files_layout_rule_PACK_RAW9_BOTHBLANK_NONE	L96	5	76	f9491a7b2557bd9531def5a699c5daea6ffc51fea66f1b26d537d0a1eb96c222
row	files_layout_rule_PACK_RAW9_BOTHBLANK_NONE	L96	6	76	f60f551dbbe393ea23e0476c8ee476004599a355f527dae2b25a483a6b966eb0
row	files_layout_rule_PACK_RAW9_BOTHBLANK_NONE	L96	7	76	1281925ede6cdf06cc5e20160bfb8f3a9ae85165b0a445ead3410fdd545385bd
row	files_layout_rule_PACK_RAW9_BOTHBLANK_NONE	L96	8	76	6360b9978b2def78efc73b645b5b61db1dce829e2410825dbf20f11ea0d4a27d
row	files_layout_rule_PACK_RAW9_BOTHBLANK_NONE	L96	9	76	6fc8bdf43a0815d8958b824abd11c5d39f23af2d98765092446e7271fb261844
row	files_layout_rule_PACK_RAW9_BOTHBLANK_NONE	L96	10	76	3a25b49cf58d7796d82460a0b3c52ac628b20eb22cb05d33e3fb3b625c5f742e
row	files_layout_rule_PACK_RAW9_BOTHBLANK_NONE	L96	11	76	edc238fbcc5f6f897c07ac68971912912a82fcd249a999bf840d9b3ac5801f79
row	files_layout_rule_PACK_RAW9_BOTHBLANK_NONE	L96	12	76	3240b75e81d2672b0a79412f8a62548794dd16d2d5aede237bded4e645a13df0
row	files_layout_rule_PACK_RAW9_BOTHBLANK_NONE	L96	13	54	b5a8eac2f6fdbdec4835436638762eb0dcb705646fe4d9097087e3015eda044d
summary	files_layout_rule_PACK_RAW9_BOTHBLANK_NONE	L96	-	14	c23ceac1fb3b96be3b630683e24bfd51d0a6ef29de3d002cf77e4942d6d1a24b
